solid menger_sponge
  facet normal 0 0 0
    outer loop
      vertex 0.000000 0.000000 0.000000
      vertex 1.000000 1.000000 0.000000
      vertex 1.000000 0.000000 0.000000
    endloop
  endfacet
  facet normal 0 0 0
    outer loop
      vertex 0.000000 0.000000 0.000000
      vertex 0.000000 1.000000 0.000000
      vertex 1.000000 1.000000 0.000000
    endloop
  endfacet
  facet normal 0 0 0
    outer loop
      vertex 0.000000 0.000000 1.000000
      vertex 1.000000 0.000000 1.000000
      vertex 1.000000 1.000000 1.000000
    endloop
  endfacet
  facet normal 0 0 0
    outer loop
      vertex 0.000000 0.000000 1.000000
      vertex 1.000000 1.000000 1.000000
      vertex 0.000000 1.000000 1.000000
    endloop
  endfacet
  facet normal 0 0 0
    outer loop
      vertex 0.000000 0.000000 0.000000
      vertex 1.000000 0.000000 0.000000
      vertex 1.000000 0.000000 1.000000
    endloop
  endfacet
  facet normal 0 0 0
    outer loop
      vertex 0.000000 0.000000 0.000000
      vertex 1.000000 0.000000 1.000000
      vertex 0.000000 0.000000 1.000000
    endloop
  endfacet
  facet normal 0 0 0
    outer loop
      vertex 1.000000 1.000000 0.000000
      vertex 0.000000 1.000000 0.000000
      vertex 0.000000 1.000000 1.000000
    endloop
  endfacet
  facet normal 0 0 0
    outer loop
      vertex 1.000000 1.000000 0.000000
      vertex 0.000000 1.000000 1.000000
      vertex 1.000000 1.000000 1.000000
    endloop
  endfacet
  facet normal 0 0 0
    outer loop
      vertex 1.000000 0.000000 0.000000
      vertex 1.000000 1.000000 0.000000
      vertex 1.000000 1.000000 1.000000
    endloop
  endfacet
  facet normal 0 0 0
    outer loop
      vertex 1.000000 0.000000 0.000000
      vertex 1.000000 1.000000 1.000000
      vertex 1.000000 0.000000 1.000000
    endloop
  endfacet
  facet normal 0 0 0
    outer loop
      vertex 0.000000 1.000000 0.000000
      vertex 0.000000 0.000000 0.000000
      vertex 0.000000 0.000000 1.000000
    endloop
  endfacet
  facet normal 0 0 0
    outer loop
      vertex 0.000000 1.000000 0.000000
      vertex 0.000000 0.000000 1.000000
      vertex 0.000000 1.000000 1.000000
    endloop
  endfacet
  facet normal 0 0 0
    outer loop
      vertex 0.000000 0.000000 1.000000
      vertex 1.000000 1.000000 1.000000
      vertex 1.000000 0.000000 1.000000
    endloop
  endfacet
  facet normal 0 0 0
    outer loop
      vertex 0.000000 0.000000 1.000000
      vertex 0.000000 1.000000 1.000000
      vertex 1.000000 1.000000 1.000000
    endloop
  endfacet
  facet normal 0 0 0
    outer loop
      vertex 0.000000 0.000000 2.000000
      vertex 1.000000 0.000000 2.000000
      vertex 1.000000 1.000000 2.000000
    endloop
  endfacet
  facet normal 0 0 0
    outer loop
      vertex 0.000000 0.000000 2.000000
      vertex 1.000000 1.000000 2.000000
      vertex 0.000000 1.000000 2.000000
    endloop
  endfacet
  facet normal 0 0 0
    outer loop
      vertex 0.000000 0.000000 1.000000
      vertex 1.000000 0.000000 1.000000
      vertex 1.000000 0.000000 2.000000
    endloop
  endfacet
  facet normal 0 0 0
    outer loop
      vertex 0.000000 0.000000 1.000000
      vertex 1.000000 0.000000 2.000000
      vertex 0.000000 0.000000 2.000000
    endloop
  endfacet
  facet normal 0 0 0
    outer loop
      vertex 1.000000 1.000000 1.000000
      vertex 0.000000 1.000000 1.000000
      vertex 0.000000 1.000000 2.000000
    endloop
  endfacet
  facet normal 0 0 0
    outer loop
      vertex 1.000000 1.000000 1.000000
      vertex 0.000000 1.000000 2.000000
      vertex 1.000000 1.000000 2.000000
    endloop
  endfacet
  facet normal 0 0 0
    outer loop
      vertex 1.000000 0.000000 1.000000
      vertex 1.000000 1.000000 1.000000
      vertex 1.000000 1.000000 2.000000
    endloop
  endfacet
  facet normal 0 0 0
    outer loop
      vertex 1.000000 0.000000 1.000000
      vertex 1.000000 1.000000 2.000000
      vertex 1.000000 0.000000 2.000000
    endloop
  endfacet
  facet normal 0 0 0
    outer loop
      vertex 0.000000 1.000000 1.000000
      vertex 0.000000 0.000000 1.000000
      vertex 0.000000 0.000000 2.000000
    endloop
  endfacet
  facet normal 0 0 0
    outer loop
      vertex 0.000000 1.000000 1.000000
      vertex 0.000000 0.000000 2.000000
      vertex 0.000000 1.000000 2.000000
    endloop
  endfacet
  facet normal 0 0 0
    outer loop
      vertex 0.000000 0.000000 2.000000
      vertex 1.000000 1.000000 2.000000
      vertex 1.000000 0.000000 2.000000
    endloop
  endfacet
  facet normal 0 0 0
    outer loop
      vertex 0.000000 0.000000 2.000000
      vertex 0.000000 1.000000 2.000000
      vertex 1.000000 1.000000 2.000000
    endloop
  endfacet
  facet normal 0 0 0
    outer loop
      vertex 0.000000 0.000000 3.000000
      vertex 1.000000 0.000000 3.000000
      vertex 1.000000 1.000000 3.000000
    endloop
  endfacet
  facet normal 0 0 0
    outer loop
      vertex 0.000000 0.000000 3.000000
      vertex 1.000000 1.000000 3.000000
      vertex 0.000000 1.000000 3.000000
    endloop
  endfacet
  facet normal 0 0 0
    outer loop
      vertex 0.000000 0.000000 2.000000
      vertex 1.000000 0.000000 2.000000
      vertex 1.000000 0.000000 3.000000
    endloop
  endfacet
  facet normal 0 0 0
    outer loop
      vertex 0.000000 0.000000 2.000000
      vertex 1.000000 0.000000 3.000000
      vertex 0.000000 0.000000 3.000000
    endloop
  endfacet
  facet normal 0 0 0
    outer loop
      vertex 1.000000 1.000000 2.000000
      vertex 0.000000 1.000000 2.000000
      vertex 0.000000 1.000000 3.000000
    endloop
  endfacet
  facet normal 0 0 0
    outer loop
      vertex 1.000000 1.000000 2.000000
      vertex 0.000000 1.000000 3.000000
      vertex 1.000000 1.000000 3.000000
    endloop
  endfacet
  facet normal 0 0 0
    outer loop
      vertex 1.000000 0.000000 2.000000
      vertex 1.000000 1.000000 2.000000
      vertex 1.000000 1.000000 3.000000
    endloop
  endfacet
  facet normal 0 0 0
    outer loop
      vertex 1.000000 0.000000 2.000000
      vertex 1.000000 1.000000 3.000000
      vertex 1.000000 0.000000 3.000000
    endloop
  endfacet
  facet normal 0 0 0
    outer loop
      vertex 0.000000 1.000000 2.000000
      vertex 0.000000 0.000000 2.000000
      vertex 0.000000 0.000000 3.000000
    endloop
  endfacet
  facet normal 0 0 0
    outer loop
      vertex 0.000000 1.000000 2.000000
      vertex 0.000000 0.000000 3.000000
      vertex 0.000000 1.000000 3.000000
    endloop
  endfacet
  facet normal 0 0 0
    outer loop
      vertex 0.000000 1.000000 0.000000
      vertex 1.000000 2.000000 0.000000
      vertex 1.000000 1.000000 0.000000
    endloop
  endfacet
  facet normal 0 0 0
    outer loop
      vertex 0.000000 1.000000 0.000000
      vertex 0.000000 2.000000 0.000000
      vertex 1.000000 2.000000 0.000000
    endloop
  endfacet
  facet normal 0 0 0
    outer loop
      vertex 0.000000 1.000000 1.000000
      vertex 1.000000 1.000000 1.000000
      vertex 1.000000 2.000000 1.000000
    endloop
  endfacet
  facet normal 0 0 0
    outer loop
      vertex 0.000000 1.000000 1.000000
      vertex 1.000000 2.000000 1.000000
      vertex 0.000000 2.000000 1.000000
    endloop
  endfacet
  facet normal 0 0 0
    outer loop
      vertex 0.000000 1.000000 0.000000
      vertex 1.000000 1.000000 0.000000
      vertex 1.000000 1.000000 1.000000
    endloop
  endfacet
  facet normal 0 0 0
    outer loop
      vertex 0.000000 1.000000 0.000000
      vertex 1.000000 1.000000 1.000000
      vertex 0.000000 1.000000 1.000000
    endloop
  endfacet
  facet normal 0 0 0
    outer loop
      vertex 1.000000 2.000000 0.000000
      vertex 0.000000 2.000000 0.000000
      vertex 0.000000 2.000000 1.000000
    endloop
  endfacet
  facet normal 0 0 0
    outer loop
      vertex 1.000000 2.000000 0.000000
      vertex 0.000000 2.000000 1.000000
      vertex 1.000000 2.000000 1.000000
    endloop
  endfacet
  facet normal 0 0 0
    outer loop
      vertex 1.000000 1.000000 0.000000
      vertex 1.000000 2.000000 0.000000
      vertex 1.000000 2.000000 1.000000
    endloop
  endfacet
  facet normal 0 0 0
    outer loop
      vertex 1.000000 1.000000 0.000000
      vertex 1.000000 2.000000 1.000000
      vertex 1.000000 1.000000 1.000000
    endloop
  endfacet
  facet normal 0 0 0
    outer loop
      vertex 0.000000 2.000000 0.000000
      vertex 0.000000 1.000000 0.000000
      vertex 0.000000 1.000000 1.000000
    endloop
  endfacet
  facet normal 0 0 0
    outer loop
      vertex 0.000000 2.000000 0.000000
      vertex 0.000000 1.000000 1.000000
      vertex 0.000000 2.000000 1.000000
    endloop
  endfacet
  facet normal 0 0 0
    outer loop
      vertex 0.000000 1.000000 2.000000
      vertex 1.000000 2.000000 2.000000
      vertex 1.000000 1.000000 2.000000
    endloop
  endfacet
  facet normal 0 0 0
    outer loop
      vertex 0.000000 1.000000 2.000000
      vertex 0.000000 2.000000 2.000000
      vertex 1.000000 2.000000 2.000000
    endloop
  endfacet
  facet normal 0 0 0
    outer loop
      vertex 0.000000 1.000000 3.000000
      vertex 1.000000 1.000000 3.000000
      vertex 1.000000 2.000000 3.000000
    endloop
  endfacet
  facet normal 0 0 0
    outer loop
      vertex 0.000000 1.000000 3.000000
      vertex 1.000000 2.000000 3.000000
      vertex 0.000000 2.000000 3.000000
    endloop
  endfacet
  facet normal 0 0 0
    outer loop
      vertex 0.000000 1.000000 2.000000
      vertex 1.000000 1.000000 2.000000
      vertex 1.000000 1.000000 3.000000
    endloop
  endfacet
  facet normal 0 0 0
    outer loop
      vertex 0.000000 1.000000 2.000000
      vertex 1.000000 1.000000 3.000000
      vertex 0.000000 1.000000 3.000000
    endloop
  endfacet
  facet normal 0 0 0
    outer loop
      vertex 1.000000 2.000000 2.000000
      vertex 0.000000 2.000000 2.000000
      vertex 0.000000 2.000000 3.000000
    endloop
  endfacet
  facet normal 0 0 0
    outer loop
      vertex 1.000000 2.000000 2.000000
      vertex 0.000000 2.000000 3.000000
      vertex 1.000000 2.000000 3.000000
    endloop
  endfacet
  facet normal 0 0 0
    outer loop
      vertex 1.000000 1.000000 2.000000
      vertex 1.000000 2.000000 2.000000
      vertex 1.000000 2.000000 3.000000
    endloop
  endfacet
  facet normal 0 0 0
    outer loop
      vertex 1.000000 1.000000 2.000000
      vertex 1.000000 2.000000 3.000000
      vertex 1.000000 1.000000 3.000000
    endloop
  endfacet
  facet normal 0 0 0
    outer loop
      vertex 0.000000 2.000000 2.000000
      vertex 0.000000 1.000000 2.000000
      vertex 0.000000 1.000000 3.000000
    endloop
  endfacet
  facet normal 0 0 0
    outer loop
      vertex 0.000000 2.000000 2.000000
      vertex 0.000000 1.000000 3.000000
      vertex 0.000000 2.000000 3.000000
    endloop
  endfacet
  facet normal 0 0 0
    outer loop
      vertex 0.000000 2.000000 0.000000
      vertex 1.000000 3.000000 0.000000
      vertex 1.000000 2.000000 0.000000
    endloop
  endfacet
  facet normal 0 0 0
    outer loop
      vertex 0.000000 2.000000 0.000000
      vertex 0.000000 3.000000 0.000000
      vertex 1.000000 3.000000 0.000000
    endloop
  endfacet
  facet normal 0 0 0
    outer loop
      vertex 0.000000 2.000000 1.000000
      vertex 1.000000 2.000000 1.000000
      vertex 1.000000 3.000000 1.000000
    endloop
  endfacet
  facet normal 0 0 0
    outer loop
      vertex 0.000000 2.000000 1.000000
      vertex 1.000000 3.000000 1.000000
      vertex 0.000000 3.000000 1.000000
    endloop
  endfacet
  facet normal 0 0 0
    outer loop
      vertex 0.000000 2.000000 0.000000
      vertex 1.000000 2.000000 0.000000
      vertex 1.000000 2.000000 1.000000
    endloop
  endfacet
  facet normal 0 0 0
    outer loop
      vertex 0.000000 2.000000 0.000000
      vertex 1.000000 2.000000 1.000000
      vertex 0.000000 2.000000 1.000000
    endloop
  endfacet
  facet normal 0 0 0
    outer loop
      vertex 1.000000 3.000000 0.000000
      vertex 0.000000 3.000000 0.000000
      vertex 0.000000 3.000000 1.000000
    endloop
  endfacet
  facet normal 0 0 0
    outer loop
      vertex 1.000000 3.000000 0.000000
      vertex 0.000000 3.000000 1.000000
      vertex 1.000000 3.000000 1.000000
    endloop
  endfacet
  facet normal 0 0 0
    outer loop
      vertex 1.000000 2.000000 0.000000
      vertex 1.000000 3.000000 0.000000
      vertex 1.000000 3.000000 1.000000
    endloop
  endfacet
  facet normal 0 0 0
    outer loop
      vertex 1.000000 2.000000 0.000000
      vertex 1.000000 3.000000 1.000000
      vertex 1.000000 2.000000 1.000000
    endloop
  endfacet
  facet normal 0 0 0
    outer loop
      vertex 0.000000 3.000000 0.000000
      vertex 0.000000 2.000000 0.000000
      vertex 0.000000 2.000000 1.000000
    endloop
  endfacet
  facet normal 0 0 0
    outer loop
      vertex 0.000000 3.000000 0.000000
      vertex 0.000000 2.000000 1.000000
      vertex 0.000000 3.000000 1.000000
    endloop
  endfacet
  facet normal 0 0 0
    outer loop
      vertex 0.000000 2.000000 1.000000
      vertex 1.000000 3.000000 1.000000
      vertex 1.000000 2.000000 1.000000
    endloop
  endfacet
  facet normal 0 0 0
    outer loop
      vertex 0.000000 2.000000 1.000000
      vertex 0.000000 3.000000 1.000000
      vertex 1.000000 3.000000 1.000000
    endloop
  endfacet
  facet normal 0 0 0
    outer loop
      vertex 0.000000 2.000000 2.000000
      vertex 1.000000 2.000000 2.000000
      vertex 1.000000 3.000000 2.000000
    endloop
  endfacet
  facet normal 0 0 0
    outer loop
      vertex 0.000000 2.000000 2.000000
      vertex 1.000000 3.000000 2.000000
      vertex 0.000000 3.000000 2.000000
    endloop
  endfacet
  facet normal 0 0 0
    outer loop
      vertex 0.000000 2.000000 1.000000
      vertex 1.000000 2.000000 1.000000
      vertex 1.000000 2.000000 2.000000
    endloop
  endfacet
  facet normal 0 0 0
    outer loop
      vertex 0.000000 2.000000 1.000000
      vertex 1.000000 2.000000 2.000000
      vertex 0.000000 2.000000 2.000000
    endloop
  endfacet
  facet normal 0 0 0
    outer loop
      vertex 1.000000 3.000000 1.000000
      vertex 0.000000 3.000000 1.000000
      vertex 0.000000 3.000000 2.000000
    endloop
  endfacet
  facet normal 0 0 0
    outer loop
      vertex 1.000000 3.000000 1.000000
      vertex 0.000000 3.000000 2.000000
      vertex 1.000000 3.000000 2.000000
    endloop
  endfacet
  facet normal 0 0 0
    outer loop
      vertex 1.000000 2.000000 1.000000
      vertex 1.000000 3.000000 1.000000
      vertex 1.000000 3.000000 2.000000
    endloop
  endfacet
  facet normal 0 0 0
    outer loop
      vertex 1.000000 2.000000 1.000000
      vertex 1.000000 3.000000 2.000000
      vertex 1.000000 2.000000 2.000000
    endloop
  endfacet
  facet normal 0 0 0
    outer loop
      vertex 0.000000 3.000000 1.000000
      vertex 0.000000 2.000000 1.000000
      vertex 0.000000 2.000000 2.000000
    endloop
  endfacet
  facet normal 0 0 0
    outer loop
      vertex 0.000000 3.000000 1.000000
      vertex 0.000000 2.000000 2.000000
      vertex 0.000000 3.000000 2.000000
    endloop
  endfacet
  facet normal 0 0 0
    outer loop
      vertex 0.000000 2.000000 2.000000
      vertex 1.000000 3.000000 2.000000
      vertex 1.000000 2.000000 2.000000
    endloop
  endfacet
  facet normal 0 0 0
    outer loop
      vertex 0.000000 2.000000 2.000000
      vertex 0.000000 3.000000 2.000000
      vertex 1.000000 3.000000 2.000000
    endloop
  endfacet
  facet normal 0 0 0
    outer loop
      vertex 0.000000 2.000000 3.000000
      vertex 1.000000 2.000000 3.000000
      vertex 1.000000 3.000000 3.000000
    endloop
  endfacet
  facet normal 0 0 0
    outer loop
      vertex 0.000000 2.000000 3.000000
      vertex 1.000000 3.000000 3.000000
      vertex 0.000000 3.000000 3.000000
    endloop
  endfacet
  facet normal 0 0 0
    outer loop
      vertex 0.000000 2.000000 2.000000
      vertex 1.000000 2.000000 2.000000
      vertex 1.000000 2.000000 3.000000
    endloop
  endfacet
  facet normal 0 0 0
    outer loop
      vertex 0.000000 2.000000 2.000000
      vertex 1.000000 2.000000 3.000000
      vertex 0.000000 2.000000 3.000000
    endloop
  endfacet
  facet normal 0 0 0
    outer loop
      vertex 1.000000 3.000000 2.000000
      vertex 0.000000 3.000000 2.000000
      vertex 0.000000 3.000000 3.000000
    endloop
  endfacet
  facet normal 0 0 0
    outer loop
      vertex 1.000000 3.000000 2.000000
      vertex 0.000000 3.000000 3.000000
      vertex 1.000000 3.000000 3.000000
    endloop
  endfacet
  facet normal 0 0 0
    outer loop
      vertex 1.000000 2.000000 2.000000
      vertex 1.000000 3.000000 2.000000
      vertex 1.000000 3.000000 3.000000
    endloop
  endfacet
  facet normal 0 0 0
    outer loop
      vertex 1.000000 2.000000 2.000000
      vertex 1.000000 3.000000 3.000000
      vertex 1.000000 2.000000 3.000000
    endloop
  endfacet
  facet normal 0 0 0
    outer loop
      vertex 0.000000 3.000000 2.000000
      vertex 0.000000 2.000000 2.000000
      vertex 0.000000 2.000000 3.000000
    endloop
  endfacet
  facet normal 0 0 0
    outer loop
      vertex 0.000000 3.000000 2.000000
      vertex 0.000000 2.000000 3.000000
      vertex 0.000000 3.000000 3.000000
    endloop
  endfacet
  facet normal 0 0 0
    outer loop
      vertex 1.000000 0.000000 0.000000
      vertex 2.000000 1.000000 0.000000
      vertex 2.000000 0.000000 0.000000
    endloop
  endfacet
  facet normal 0 0 0
    outer loop
      vertex 1.000000 0.000000 0.000000
      vertex 1.000000 1.000000 0.000000
      vertex 2.000000 1.000000 0.000000
    endloop
  endfacet
  facet normal 0 0 0
    outer loop
      vertex 1.000000 0.000000 1.000000
      vertex 2.000000 0.000000 1.000000
      vertex 2.000000 1.000000 1.000000
    endloop
  endfacet
  facet normal 0 0 0
    outer loop
      vertex 1.000000 0.000000 1.000000
      vertex 2.000000 1.000000 1.000000
      vertex 1.000000 1.000000 1.000000
    endloop
  endfacet
  facet normal 0 0 0
    outer loop
      vertex 1.000000 0.000000 0.000000
      vertex 2.000000 0.000000 0.000000
      vertex 2.000000 0.000000 1.000000
    endloop
  endfacet
  facet normal 0 0 0
    outer loop
      vertex 1.000000 0.000000 0.000000
      vertex 2.000000 0.000000 1.000000
      vertex 1.000000 0.000000 1.000000
    endloop
  endfacet
  facet normal 0 0 0
    outer loop
      vertex 2.000000 1.000000 0.000000
      vertex 1.000000 1.000000 0.000000
      vertex 1.000000 1.000000 1.000000
    endloop
  endfacet
  facet normal 0 0 0
    outer loop
      vertex 2.000000 1.000000 0.000000
      vertex 1.000000 1.000000 1.000000
      vertex 2.000000 1.000000 1.000000
    endloop
  endfacet
  facet normal 0 0 0
    outer loop
      vertex 2.000000 0.000000 0.000000
      vertex 2.000000 1.000000 0.000000
      vertex 2.000000 1.000000 1.000000
    endloop
  endfacet
  facet normal 0 0 0
    outer loop
      vertex 2.000000 0.000000 0.000000
      vertex 2.000000 1.000000 1.000000
      vertex 2.000000 0.000000 1.000000
    endloop
  endfacet
  facet normal 0 0 0
    outer loop
      vertex 1.000000 1.000000 0.000000
      vertex 1.000000 0.000000 0.000000
      vertex 1.000000 0.000000 1.000000
    endloop
  endfacet
  facet normal 0 0 0
    outer loop
      vertex 1.000000 1.000000 0.000000
      vertex 1.000000 0.000000 1.000000
      vertex 1.000000 1.000000 1.000000
    endloop
  endfacet
  facet normal 0 0 0
    outer loop
      vertex 1.000000 0.000000 2.000000
      vertex 2.000000 1.000000 2.000000
      vertex 2.000000 0.000000 2.000000
    endloop
  endfacet
  facet normal 0 0 0
    outer loop
      vertex 1.000000 0.000000 2.000000
      vertex 1.000000 1.000000 2.000000
      vertex 2.000000 1.000000 2.000000
    endloop
  endfacet
  facet normal 0 0 0
    outer loop
      vertex 1.000000 0.000000 3.000000
      vertex 2.000000 0.000000 3.000000
      vertex 2.000000 1.000000 3.000000
    endloop
  endfacet
  facet normal 0 0 0
    outer loop
      vertex 1.000000 0.000000 3.000000
      vertex 2.000000 1.000000 3.000000
      vertex 1.000000 1.000000 3.000000
    endloop
  endfacet
  facet normal 0 0 0
    outer loop
      vertex 1.000000 0.000000 2.000000
      vertex 2.000000 0.000000 2.000000
      vertex 2.000000 0.000000 3.000000
    endloop
  endfacet
  facet normal 0 0 0
    outer loop
      vertex 1.000000 0.000000 2.000000
      vertex 2.000000 0.000000 3.000000
      vertex 1.000000 0.000000 3.000000
    endloop
  endfacet
  facet normal 0 0 0
    outer loop
      vertex 2.000000 1.000000 2.000000
      vertex 1.000000 1.000000 2.000000
      vertex 1.000000 1.000000 3.000000
    endloop
  endfacet
  facet normal 0 0 0
    outer loop
      vertex 2.000000 1.000000 2.000000
      vertex 1.000000 1.000000 3.000000
      vertex 2.000000 1.000000 3.000000
    endloop
  endfacet
  facet normal 0 0 0
    outer loop
      vertex 2.000000 0.000000 2.000000
      vertex 2.000000 1.000000 2.000000
      vertex 2.000000 1.000000 3.000000
    endloop
  endfacet
  facet normal 0 0 0
    outer loop
      vertex 2.000000 0.000000 2.000000
      vertex 2.000000 1.000000 3.000000
      vertex 2.000000 0.000000 3.000000
    endloop
  endfacet
  facet normal 0 0 0
    outer loop
      vertex 1.000000 1.000000 2.000000
      vertex 1.000000 0.000000 2.000000
      vertex 1.000000 0.000000 3.000000
    endloop
  endfacet
  facet normal 0 0 0
    outer loop
      vertex 1.000000 1.000000 2.000000
      vertex 1.000000 0.000000 3.000000
      vertex 1.000000 1.000000 3.000000
    endloop
  endfacet
  facet normal 0 0 0
    outer loop
      vertex 1.000000 2.000000 0.000000
      vertex 2.000000 3.000000 0.000000
      vertex 2.000000 2.000000 0.000000
    endloop
  endfacet
  facet normal 0 0 0
    outer loop
      vertex 1.000000 2.000000 0.000000
      vertex 1.000000 3.000000 0.000000
      vertex 2.000000 3.000000 0.000000
    endloop
  endfacet
  facet normal 0 0 0
    outer loop
      vertex 1.000000 2.000000 1.000000
      vertex 2.000000 2.000000 1.000000
      vertex 2.000000 3.000000 1.000000
    endloop
  endfacet
  facet normal 0 0 0
    outer loop
      vertex 1.000000 2.000000 1.000000
      vertex 2.000000 3.000000 1.000000
      vertex 1.000000 3.000000 1.000000
    endloop
  endfacet
  facet normal 0 0 0
    outer loop
      vertex 1.000000 2.000000 0.000000
      vertex 2.000000 2.000000 0.000000
      vertex 2.000000 2.000000 1.000000
    endloop
  endfacet
  facet normal 0 0 0
    outer loop
      vertex 1.000000 2.000000 0.000000
      vertex 2.000000 2.000000 1.000000
      vertex 1.000000 2.000000 1.000000
    endloop
  endfacet
  facet normal 0 0 0
    outer loop
      vertex 2.000000 3.000000 0.000000
      vertex 1.000000 3.000000 0.000000
      vertex 1.000000 3.000000 1.000000
    endloop
  endfacet
  facet normal 0 0 0
    outer loop
      vertex 2.000000 3.000000 0.000000
      vertex 1.000000 3.000000 1.000000
      vertex 2.000000 3.000000 1.000000
    endloop
  endfacet
  facet normal 0 0 0
    outer loop
      vertex 2.000000 2.000000 0.000000
      vertex 2.000000 3.000000 0.000000
      vertex 2.000000 3.000000 1.000000
    endloop
  endfacet
  facet normal 0 0 0
    outer loop
      vertex 2.000000 2.000000 0.000000
      vertex 2.000000 3.000000 1.000000
      vertex 2.000000 2.000000 1.000000
    endloop
  endfacet
  facet normal 0 0 0
    outer loop
      vertex 1.000000 3.000000 0.000000
      vertex 1.000000 2.000000 0.000000
      vertex 1.000000 2.000000 1.000000
    endloop
  endfacet
  facet normal 0 0 0
    outer loop
      vertex 1.000000 3.000000 0.000000
      vertex 1.000000 2.000000 1.000000
      vertex 1.000000 3.000000 1.000000
    endloop
  endfacet
  facet normal 0 0 0
    outer loop
      vertex 1.000000 2.000000 2.000000
      vertex 2.000000 3.000000 2.000000
      vertex 2.000000 2.000000 2.000000
    endloop
  endfacet
  facet normal 0 0 0
    outer loop
      vertex 1.000000 2.000000 2.000000
      vertex 1.000000 3.000000 2.000000
      vertex 2.000000 3.000000 2.000000
    endloop
  endfacet
  facet normal 0 0 0
    outer loop
      vertex 1.000000 2.000000 3.000000
      vertex 2.000000 2.000000 3.000000
      vertex 2.000000 3.000000 3.000000
    endloop
  endfacet
  facet normal 0 0 0
    outer loop
      vertex 1.000000 2.000000 3.000000
      vertex 2.000000 3.000000 3.000000
      vertex 1.000000 3.000000 3.000000
    endloop
  endfacet
  facet normal 0 0 0
    outer loop
      vertex 1.000000 2.000000 2.000000
      vertex 2.000000 2.000000 2.000000
      vertex 2.000000 2.000000 3.000000
    endloop
  endfacet
  facet normal 0 0 0
    outer loop
      vertex 1.000000 2.000000 2.000000
      vertex 2.000000 2.000000 3.000000
      vertex 1.000000 2.000000 3.000000
    endloop
  endfacet
  facet normal 0 0 0
    outer loop
      vertex 2.000000 3.000000 2.000000
      vertex 1.000000 3.000000 2.000000
      vertex 1.000000 3.000000 3.000000
    endloop
  endfacet
  facet normal 0 0 0
    outer loop
      vertex 2.000000 3.000000 2.000000
      vertex 1.000000 3.000000 3.000000
      vertex 2.000000 3.000000 3.000000
    endloop
  endfacet
  facet normal 0 0 0
    outer loop
      vertex 2.000000 2.000000 2.000000
      vertex 2.000000 3.000000 2.000000
      vertex 2.000000 3.000000 3.000000
    endloop
  endfacet
  facet normal 0 0 0
    outer loop
      vertex 2.000000 2.000000 2.000000
      vertex 2.000000 3.000000 3.000000
      vertex 2.000000 2.000000 3.000000
    endloop
  endfacet
  facet normal 0 0 0
    outer loop
      vertex 1.000000 3.000000 2.000000
      vertex 1.000000 2.000000 2.000000
      vertex 1.000000 2.000000 3.000000
    endloop
  endfacet
  facet normal 0 0 0
    outer loop
      vertex 1.000000 3.000000 2.000000
      vertex 1.000000 2.000000 3.000000
      vertex 1.000000 3.000000 3.000000
    endloop
  endfacet
  facet normal 0 0 0
    outer loop
      vertex 2.000000 0.000000 0.000000
      vertex 3.000000 1.000000 0.000000
      vertex 3.000000 0.000000 0.000000
    endloop
  endfacet
  facet normal 0 0 0
    outer loop
      vertex 2.000000 0.000000 0.000000
      vertex 2.000000 1.000000 0.000000
      vertex 3.000000 1.000000 0.000000
    endloop
  endfacet
  facet normal 0 0 0
    outer loop
      vertex 2.000000 0.000000 1.000000
      vertex 3.000000 0.000000 1.000000
      vertex 3.000000 1.000000 1.000000
    endloop
  endfacet
  facet normal 0 0 0
    outer loop
      vertex 2.000000 0.000000 1.000000
      vertex 3.000000 1.000000 1.000000
      vertex 2.000000 1.000000 1.000000
    endloop
  endfacet
  facet normal 0 0 0
    outer loop
      vertex 2.000000 0.000000 0.000000
      vertex 3.000000 0.000000 0.000000
      vertex 3.000000 0.000000 1.000000
    endloop
  endfacet
  facet normal 0 0 0
    outer loop
      vertex 2.000000 0.000000 0.000000
      vertex 3.000000 0.000000 1.000000
      vertex 2.000000 0.000000 1.000000
    endloop
  endfacet
  facet normal 0 0 0
    outer loop
      vertex 3.000000 1.000000 0.000000
      vertex 2.000000 1.000000 0.000000
      vertex 2.000000 1.000000 1.000000
    endloop
  endfacet
  facet normal 0 0 0
    outer loop
      vertex 3.000000 1.000000 0.000000
      vertex 2.000000 1.000000 1.000000
      vertex 3.000000 1.000000 1.000000
    endloop
  endfacet
  facet normal 0 0 0
    outer loop
      vertex 3.000000 0.000000 0.000000
      vertex 3.000000 1.000000 0.000000
      vertex 3.000000 1.000000 1.000000
    endloop
  endfacet
  facet normal 0 0 0
    outer loop
      vertex 3.000000 0.000000 0.000000
      vertex 3.000000 1.000000 1.000000
      vertex 3.000000 0.000000 1.000000
    endloop
  endfacet
  facet normal 0 0 0
    outer loop
      vertex 2.000000 1.000000 0.000000
      vertex 2.000000 0.000000 0.000000
      vertex 2.000000 0.000000 1.000000
    endloop
  endfacet
  facet normal 0 0 0
    outer loop
      vertex 2.000000 1.000000 0.000000
      vertex 2.000000 0.000000 1.000000
      vertex 2.000000 1.000000 1.000000
    endloop
  endfacet
  facet normal 0 0 0
    outer loop
      vertex 2.000000 0.000000 1.000000
      vertex 3.000000 1.000000 1.000000
      vertex 3.000000 0.000000 1.000000
    endloop
  endfacet
  facet normal 0 0 0
    outer loop
      vertex 2.000000 0.000000 1.000000
      vertex 2.000000 1.000000 1.000000
      vertex 3.000000 1.000000 1.000000
    endloop
  endfacet
  facet normal 0 0 0
    outer loop
      vertex 2.000000 0.000000 2.000000
      vertex 3.000000 0.000000 2.000000
      vertex 3.000000 1.000000 2.000000
    endloop
  endfacet
  facet normal 0 0 0
    outer loop
      vertex 2.000000 0.000000 2.000000
      vertex 3.000000 1.000000 2.000000
      vertex 2.000000 1.000000 2.000000
    endloop
  endfacet
  facet normal 0 0 0
    outer loop
      vertex 2.000000 0.000000 1.000000
      vertex 3.000000 0.000000 1.000000
      vertex 3.000000 0.000000 2.000000
    endloop
  endfacet
  facet normal 0 0 0
    outer loop
      vertex 2.000000 0.000000 1.000000
      vertex 3.000000 0.000000 2.000000
      vertex 2.000000 0.000000 2.000000
    endloop
  endfacet
  facet normal 0 0 0
    outer loop
      vertex 3.000000 1.000000 1.000000
      vertex 2.000000 1.000000 1.000000
      vertex 2.000000 1.000000 2.000000
    endloop
  endfacet
  facet normal 0 0 0
    outer loop
      vertex 3.000000 1.000000 1.000000
      vertex 2.000000 1.000000 2.000000
      vertex 3.000000 1.000000 2.000000
    endloop
  endfacet
  facet normal 0 0 0
    outer loop
      vertex 3.000000 0.000000 1.000000
      vertex 3.000000 1.000000 1.000000
      vertex 3.000000 1.000000 2.000000
    endloop
  endfacet
  facet normal 0 0 0
    outer loop
      vertex 3.000000 0.000000 1.000000
      vertex 3.000000 1.000000 2.000000
      vertex 3.000000 0.000000 2.000000
    endloop
  endfacet
  facet normal 0 0 0
    outer loop
      vertex 2.000000 1.000000 1.000000
      vertex 2.000000 0.000000 1.000000
      vertex 2.000000 0.000000 2.000000
    endloop
  endfacet
  facet normal 0 0 0
    outer loop
      vertex 2.000000 1.000000 1.000000
      vertex 2.000000 0.000000 2.000000
      vertex 2.000000 1.000000 2.000000
    endloop
  endfacet
  facet normal 0 0 0
    outer loop
      vertex 2.000000 0.000000 2.000000
      vertex 3.000000 1.000000 2.000000
      vertex 3.000000 0.000000 2.000000
    endloop
  endfacet
  facet normal 0 0 0
    outer loop
      vertex 2.000000 0.000000 2.000000
      vertex 2.000000 1.000000 2.000000
      vertex 3.000000 1.000000 2.000000
    endloop
  endfacet
  facet normal 0 0 0
    outer loop
      vertex 2.000000 0.000000 3.000000
      vertex 3.000000 0.000000 3.000000
      vertex 3.000000 1.000000 3.000000
    endloop
  endfacet
  facet normal 0 0 0
    outer loop
      vertex 2.000000 0.000000 3.000000
      vertex 3.000000 1.000000 3.000000
      vertex 2.000000 1.000000 3.000000
    endloop
  endfacet
  facet normal 0 0 0
    outer loop
      vertex 2.000000 0.000000 2.000000
      vertex 3.000000 0.000000 2.000000
      vertex 3.000000 0.000000 3.000000
    endloop
  endfacet
  facet normal 0 0 0
    outer loop
      vertex 2.000000 0.000000 2.000000
      vertex 3.000000 0.000000 3.000000
      vertex 2.000000 0.000000 3.000000
    endloop
  endfacet
  facet normal 0 0 0
    outer loop
      vertex 3.000000 1.000000 2.000000
      vertex 2.000000 1.000000 2.000000
      vertex 2.000000 1.000000 3.000000
    endloop
  endfacet
  facet normal 0 0 0
    outer loop
      vertex 3.000000 1.000000 2.000000
      vertex 2.000000 1.000000 3.000000
      vertex 3.000000 1.000000 3.000000
    endloop
  endfacet
  facet normal 0 0 0
    outer loop
      vertex 3.000000 0.000000 2.000000
      vertex 3.000000 1.000000 2.000000
      vertex 3.000000 1.000000 3.000000
    endloop
  endfacet
  facet normal 0 0 0
    outer loop
      vertex 3.000000 0.000000 2.000000
      vertex 3.000000 1.000000 3.000000
      vertex 3.000000 0.000000 3.000000
    endloop
  endfacet
  facet normal 0 0 0
    outer loop
      vertex 2.000000 1.000000 2.000000
      vertex 2.000000 0.000000 2.000000
      vertex 2.000000 0.000000 3.000000
    endloop
  endfacet
  facet normal 0 0 0
    outer loop
      vertex 2.000000 1.000000 2.000000
      vertex 2.000000 0.000000 3.000000
      vertex 2.000000 1.000000 3.000000
    endloop
  endfacet
  facet normal 0 0 0
    outer loop
      vertex 2.000000 1.000000 0.000000
      vertex 3.000000 2.000000 0.000000
      vertex 3.000000 1.000000 0.000000
    endloop
  endfacet
  facet normal 0 0 0
    outer loop
      vertex 2.000000 1.000000 0.000000
      vertex 2.000000 2.000000 0.000000
      vertex 3.000000 2.000000 0.000000
    endloop
  endfacet
  facet normal 0 0 0
    outer loop
      vertex 2.000000 1.000000 1.000000
      vertex 3.000000 1.000000 1.000000
      vertex 3.000000 2.000000 1.000000
    endloop
  endfacet
  facet normal 0 0 0
    outer loop
      vertex 2.000000 1.000000 1.000000
      vertex 3.000000 2.000000 1.000000
      vertex 2.000000 2.000000 1.000000
    endloop
  endfacet
  facet normal 0 0 0
    outer loop
      vertex 2.000000 1.000000 0.000000
      vertex 3.000000 1.000000 0.000000
      vertex 3.000000 1.000000 1.000000
    endloop
  endfacet
  facet normal 0 0 0
    outer loop
      vertex 2.000000 1.000000 0.000000
      vertex 3.000000 1.000000 1.000000
      vertex 2.000000 1.000000 1.000000
    endloop
  endfacet
  facet normal 0 0 0
    outer loop
      vertex 3.000000 2.000000 0.000000
      vertex 2.000000 2.000000 0.000000
      vertex 2.000000 2.000000 1.000000
    endloop
  endfacet
  facet normal 0 0 0
    outer loop
      vertex 3.000000 2.000000 0.000000
      vertex 2.000000 2.000000 1.000000
      vertex 3.000000 2.000000 1.000000
    endloop
  endfacet
  facet normal 0 0 0
    outer loop
      vertex 3.000000 1.000000 0.000000
      vertex 3.000000 2.000000 0.000000
      vertex 3.000000 2.000000 1.000000
    endloop
  endfacet
  facet normal 0 0 0
    outer loop
      vertex 3.000000 1.000000 0.000000
      vertex 3.000000 2.000000 1.000000
      vertex 3.000000 1.000000 1.000000
    endloop
  endfacet
  facet normal 0 0 0
    outer loop
      vertex 2.000000 2.000000 0.000000
      vertex 2.000000 1.000000 0.000000
      vertex 2.000000 1.000000 1.000000
    endloop
  endfacet
  facet normal 0 0 0
    outer loop
      vertex 2.000000 2.000000 0.000000
      vertex 2.000000 1.000000 1.000000
      vertex 2.000000 2.000000 1.000000
    endloop
  endfacet
  facet normal 0 0 0
    outer loop
      vertex 2.000000 1.000000 2.000000
      vertex 3.000000 2.000000 2.000000
      vertex 3.000000 1.000000 2.000000
    endloop
  endfacet
  facet normal 0 0 0
    outer loop
      vertex 2.000000 1.000000 2.000000
      vertex 2.000000 2.000000 2.000000
      vertex 3.000000 2.000000 2.000000
    endloop
  endfacet
  facet normal 0 0 0
    outer loop
      vertex 2.000000 1.000000 3.000000
      vertex 3.000000 1.000000 3.000000
      vertex 3.000000 2.000000 3.000000
    endloop
  endfacet
  facet normal 0 0 0
    outer loop
      vertex 2.000000 1.000000 3.000000
      vertex 3.000000 2.000000 3.000000
      vertex 2.000000 2.000000 3.000000
    endloop
  endfacet
  facet normal 0 0 0
    outer loop
      vertex 2.000000 1.000000 2.000000
      vertex 3.000000 1.000000 2.000000
      vertex 3.000000 1.000000 3.000000
    endloop
  endfacet
  facet normal 0 0 0
    outer loop
      vertex 2.000000 1.000000 2.000000
      vertex 3.000000 1.000000 3.000000
      vertex 2.000000 1.000000 3.000000
    endloop
  endfacet
  facet normal 0 0 0
    outer loop
      vertex 3.000000 2.000000 2.000000
      vertex 2.000000 2.000000 2.000000
      vertex 2.000000 2.000000 3.000000
    endloop
  endfacet
  facet normal 0 0 0
    outer loop
      vertex 3.000000 2.000000 2.000000
      vertex 2.000000 2.000000 3.000000
      vertex 3.000000 2.000000 3.000000
    endloop
  endfacet
  facet normal 0 0 0
    outer loop
      vertex 3.000000 1.000000 2.000000
      vertex 3.000000 2.000000 2.000000
      vertex 3.000000 2.000000 3.000000
    endloop
  endfacet
  facet normal 0 0 0
    outer loop
      vertex 3.000000 1.000000 2.000000
      vertex 3.000000 2.000000 3.000000
      vertex 3.000000 1.000000 3.000000
    endloop
  endfacet
  facet normal 0 0 0
    outer loop
      vertex 2.000000 2.000000 2.000000
      vertex 2.000000 1.000000 2.000000
      vertex 2.000000 1.000000 3.000000
    endloop
  endfacet
  facet normal 0 0 0
    outer loop
      vertex 2.000000 2.000000 2.000000
      vertex 2.000000 1.000000 3.000000
      vertex 2.000000 2.000000 3.000000
    endloop
  endfacet
  facet normal 0 0 0
    outer loop
      vertex 2.000000 2.000000 0.000000
      vertex 3.000000 3.000000 0.000000
      vertex 3.000000 2.000000 0.000000
    endloop
  endfacet
  facet normal 0 0 0
    outer loop
      vertex 2.000000 2.000000 0.000000
      vertex 2.000000 3.000000 0.000000
      vertex 3.000000 3.000000 0.000000
    endloop
  endfacet
  facet normal 0 0 0
    outer loop
      vertex 2.000000 2.000000 1.000000
      vertex 3.000000 2.000000 1.000000
      vertex 3.000000 3.000000 1.000000
    endloop
  endfacet
  facet normal 0 0 0
    outer loop
      vertex 2.000000 2.000000 1.000000
      vertex 3.000000 3.000000 1.000000
      vertex 2.000000 3.000000 1.000000
    endloop
  endfacet
  facet normal 0 0 0
    outer loop
      vertex 2.000000 2.000000 0.000000
      vertex 3.000000 2.000000 0.000000
      vertex 3.000000 2.000000 1.000000
    endloop
  endfacet
  facet normal 0 0 0
    outer loop
      vertex 2.000000 2.000000 0.000000
      vertex 3.000000 2.000000 1.000000
      vertex 2.000000 2.000000 1.000000
    endloop
  endfacet
  facet normal 0 0 0
    outer loop
      vertex 3.000000 3.000000 0.000000
      vertex 2.000000 3.000000 0.000000
      vertex 2.000000 3.000000 1.000000
    endloop
  endfacet
  facet normal 0 0 0
    outer loop
      vertex 3.000000 3.000000 0.000000
      vertex 2.000000 3.000000 1.000000
      vertex 3.000000 3.000000 1.000000
    endloop
  endfacet
  facet normal 0 0 0
    outer loop
      vertex 3.000000 2.000000 0.000000
      vertex 3.000000 3.000000 0.000000
      vertex 3.000000 3.000000 1.000000
    endloop
  endfacet
  facet normal 0 0 0
    outer loop
      vertex 3.000000 2.000000 0.000000
      vertex 3.000000 3.000000 1.000000
      vertex 3.000000 2.000000 1.000000
    endloop
  endfacet
  facet normal 0 0 0
    outer loop
      vertex 2.000000 3.000000 0.000000
      vertex 2.000000 2.000000 0.000000
      vertex 2.000000 2.000000 1.000000
    endloop
  endfacet
  facet normal 0 0 0
    outer loop
      vertex 2.000000 3.000000 0.000000
      vertex 2.000000 2.000000 1.000000
      vertex 2.000000 3.000000 1.000000
    endloop
  endfacet
  facet normal 0 0 0
    outer loop
      vertex 2.000000 2.000000 1.000000
      vertex 3.000000 3.000000 1.000000
      vertex 3.000000 2.000000 1.000000
    endloop
  endfacet
  facet normal 0 0 0
    outer loop
      vertex 2.000000 2.000000 1.000000
      vertex 2.000000 3.000000 1.000000
      vertex 3.000000 3.000000 1.000000
    endloop
  endfacet
  facet normal 0 0 0
    outer loop
      vertex 2.000000 2.000000 2.000000
      vertex 3.000000 2.000000 2.000000
      vertex 3.000000 3.000000 2.000000
    endloop
  endfacet
  facet normal 0 0 0
    outer loop
      vertex 2.000000 2.000000 2.000000
      vertex 3.000000 3.000000 2.000000
      vertex 2.000000 3.000000 2.000000
    endloop
  endfacet
  facet normal 0 0 0
    outer loop
      vertex 2.000000 2.000000 1.000000
      vertex 3.000000 2.000000 1.000000
      vertex 3.000000 2.000000 2.000000
    endloop
  endfacet
  facet normal 0 0 0
    outer loop
      vertex 2.000000 2.000000 1.000000
      vertex 3.000000 2.000000 2.000000
      vertex 2.000000 2.000000 2.000000
    endloop
  endfacet
  facet normal 0 0 0
    outer loop
      vertex 3.000000 3.000000 1.000000
      vertex 2.000000 3.000000 1.000000
      vertex 2.000000 3.000000 2.000000
    endloop
  endfacet
  facet normal 0 0 0
    outer loop
      vertex 3.000000 3.000000 1.000000
      vertex 2.000000 3.000000 2.000000
      vertex 3.000000 3.000000 2.000000
    endloop
  endfacet
  facet normal 0 0 0
    outer loop
      vertex 3.000000 2.000000 1.000000
      vertex 3.000000 3.000000 1.000000
      vertex 3.000000 3.000000 2.000000
    endloop
  endfacet
  facet normal 0 0 0
    outer loop
      vertex 3.000000 2.000000 1.000000
      vertex 3.000000 3.000000 2.000000
      vertex 3.000000 2.000000 2.000000
    endloop
  endfacet
  facet normal 0 0 0
    outer loop
      vertex 2.000000 3.000000 1.000000
      vertex 2.000000 2.000000 1.000000
      vertex 2.000000 2.000000 2.000000
    endloop
  endfacet
  facet normal 0 0 0
    outer loop
      vertex 2.000000 3.000000 1.000000
      vertex 2.000000 2.000000 2.000000
      vertex 2.000000 3.000000 2.000000
    endloop
  endfacet
  facet normal 0 0 0
    outer loop
      vertex 2.000000 2.000000 2.000000
      vertex 3.000000 3.000000 2.000000
      vertex 3.000000 2.000000 2.000000
    endloop
  endfacet
  facet normal 0 0 0
    outer loop
      vertex 2.000000 2.000000 2.000000
      vertex 2.000000 3.000000 2.000000
      vertex 3.000000 3.000000 2.000000
    endloop
  endfacet
  facet normal 0 0 0
    outer loop
      vertex 2.000000 2.000000 3.000000
      vertex 3.000000 2.000000 3.000000
      vertex 3.000000 3.000000 3.000000
    endloop
  endfacet
  facet normal 0 0 0
    outer loop
      vertex 2.000000 2.000000 3.000000
      vertex 3.000000 3.000000 3.000000
      vertex 2.000000 3.000000 3.000000
    endloop
  endfacet
  facet normal 0 0 0
    outer loop
      vertex 2.000000 2.000000 2.000000
      vertex 3.000000 2.000000 2.000000
      vertex 3.000000 2.000000 3.000000
    endloop
  endfacet
  facet normal 0 0 0
    outer loop
      vertex 2.000000 2.000000 2.000000
      vertex 3.000000 2.000000 3.000000
      vertex 2.000000 2.000000 3.000000
    endloop
  endfacet
  facet normal 0 0 0
    outer loop
      vertex 3.000000 3.000000 2.000000
      vertex 2.000000 3.000000 2.000000
      vertex 2.000000 3.000000 3.000000
    endloop
  endfacet
  facet normal 0 0 0
    outer loop
      vertex 3.000000 3.000000 2.000000
      vertex 2.000000 3.000000 3.000000
      vertex 3.000000 3.000000 3.000000
    endloop
  endfacet
  facet normal 0 0 0
    outer loop
      vertex 3.000000 2.000000 2.000000
      vertex 3.000000 3.000000 2.000000
      vertex 3.000000 3.000000 3.000000
    endloop
  endfacet
  facet normal 0 0 0
    outer loop
      vertex 3.000000 2.000000 2.000000
      vertex 3.000000 3.000000 3.000000
      vertex 3.000000 2.000000 3.000000
    endloop
  endfacet
  facet normal 0 0 0
    outer loop
      vertex 2.000000 3.000000 2.000000
      vertex 2.000000 2.000000 2.000000
      vertex 2.000000 2.000000 3.000000
    endloop
  endfacet
  facet normal 0 0 0
    outer loop
      vertex 2.000000 3.000000 2.000000
      vertex 2.000000 2.000000 3.000000
      vertex 2.000000 3.000000 3.000000
    endloop
  endfacet
  facet normal 0 0 0
    outer loop
      vertex 0.000000 0.000000 3.000000
      vertex 1.000000 1.000000 3.000000
      vertex 1.000000 0.000000 3.000000
    endloop
  endfacet
  facet normal 0 0 0
    outer loop
      vertex 0.000000 0.000000 3.000000
      vertex 0.000000 1.000000 3.000000
      vertex 1.000000 1.000000 3.000000
    endloop
  endfacet
  facet normal 0 0 0
    outer loop
      vertex 0.000000 0.000000 4.000000
      vertex 1.000000 0.000000 4.000000
      vertex 1.000000 1.000000 4.000000
    endloop
  endfacet
  facet normal 0 0 0
    outer loop
      vertex 0.000000 0.000000 4.000000
      vertex 1.000000 1.000000 4.000000
      vertex 0.000000 1.000000 4.000000
    endloop
  endfacet
  facet normal 0 0 0
    outer loop
      vertex 0.000000 0.000000 3.000000
      vertex 1.000000 0.000000 3.000000
      vertex 1.000000 0.000000 4.000000
    endloop
  endfacet
  facet normal 0 0 0
    outer loop
      vertex 0.000000 0.000000 3.000000
      vertex 1.000000 0.000000 4.000000
      vertex 0.000000 0.000000 4.000000
    endloop
  endfacet
  facet normal 0 0 0
    outer loop
      vertex 1.000000 1.000000 3.000000
      vertex 0.000000 1.000000 3.000000
      vertex 0.000000 1.000000 4.000000
    endloop
  endfacet
  facet normal 0 0 0
    outer loop
      vertex 1.000000 1.000000 3.000000
      vertex 0.000000 1.000000 4.000000
      vertex 1.000000 1.000000 4.000000
    endloop
  endfacet
  facet normal 0 0 0
    outer loop
      vertex 1.000000 0.000000 3.000000
      vertex 1.000000 1.000000 3.000000
      vertex 1.000000 1.000000 4.000000
    endloop
  endfacet
  facet normal 0 0 0
    outer loop
      vertex 1.000000 0.000000 3.000000
      vertex 1.000000 1.000000 4.000000
      vertex 1.000000 0.000000 4.000000
    endloop
  endfacet
  facet normal 0 0 0
    outer loop
      vertex 0.000000 1.000000 3.000000
      vertex 0.000000 0.000000 3.000000
      vertex 0.000000 0.000000 4.000000
    endloop
  endfacet
  facet normal 0 0 0
    outer loop
      vertex 0.000000 1.000000 3.000000
      vertex 0.000000 0.000000 4.000000
      vertex 0.000000 1.000000 4.000000
    endloop
  endfacet
  facet normal 0 0 0
    outer loop
      vertex 0.000000 0.000000 4.000000
      vertex 1.000000 1.000000 4.000000
      vertex 1.000000 0.000000 4.000000
    endloop
  endfacet
  facet normal 0 0 0
    outer loop
      vertex 0.000000 0.000000 4.000000
      vertex 0.000000 1.000000 4.000000
      vertex 1.000000 1.000000 4.000000
    endloop
  endfacet
  facet normal 0 0 0
    outer loop
      vertex 0.000000 0.000000 5.000000
      vertex 1.000000 0.000000 5.000000
      vertex 1.000000 1.000000 5.000000
    endloop
  endfacet
  facet normal 0 0 0
    outer loop
      vertex 0.000000 0.000000 5.000000
      vertex 1.000000 1.000000 5.000000
      vertex 0.000000 1.000000 5.000000
    endloop
  endfacet
  facet normal 0 0 0
    outer loop
      vertex 0.000000 0.000000 4.000000
      vertex 1.000000 0.000000 4.000000
      vertex 1.000000 0.000000 5.000000
    endloop
  endfacet
  facet normal 0 0 0
    outer loop
      vertex 0.000000 0.000000 4.000000
      vertex 1.000000 0.000000 5.000000
      vertex 0.000000 0.000000 5.000000
    endloop
  endfacet
  facet normal 0 0 0
    outer loop
      vertex 1.000000 1.000000 4.000000
      vertex 0.000000 1.000000 4.000000
      vertex 0.000000 1.000000 5.000000
    endloop
  endfacet
  facet normal 0 0 0
    outer loop
      vertex 1.000000 1.000000 4.000000
      vertex 0.000000 1.000000 5.000000
      vertex 1.000000 1.000000 5.000000
    endloop
  endfacet
  facet normal 0 0 0
    outer loop
      vertex 1.000000 0.000000 4.000000
      vertex 1.000000 1.000000 4.000000
      vertex 1.000000 1.000000 5.000000
    endloop
  endfacet
  facet normal 0 0 0
    outer loop
      vertex 1.000000 0.000000 4.000000
      vertex 1.000000 1.000000 5.000000
      vertex 1.000000 0.000000 5.000000
    endloop
  endfacet
  facet normal 0 0 0
    outer loop
      vertex 0.000000 1.000000 4.000000
      vertex 0.000000 0.000000 4.000000
      vertex 0.000000 0.000000 5.000000
    endloop
  endfacet
  facet normal 0 0 0
    outer loop
      vertex 0.000000 1.000000 4.000000
      vertex 0.000000 0.000000 5.000000
      vertex 0.000000 1.000000 5.000000
    endloop
  endfacet
  facet normal 0 0 0
    outer loop
      vertex 0.000000 0.000000 5.000000
      vertex 1.000000 1.000000 5.000000
      vertex 1.000000 0.000000 5.000000
    endloop
  endfacet
  facet normal 0 0 0
    outer loop
      vertex 0.000000 0.000000 5.000000
      vertex 0.000000 1.000000 5.000000
      vertex 1.000000 1.000000 5.000000
    endloop
  endfacet
  facet normal 0 0 0
    outer loop
      vertex 0.000000 0.000000 6.000000
      vertex 1.000000 0.000000 6.000000
      vertex 1.000000 1.000000 6.000000
    endloop
  endfacet
  facet normal 0 0 0
    outer loop
      vertex 0.000000 0.000000 6.000000
      vertex 1.000000 1.000000 6.000000
      vertex 0.000000 1.000000 6.000000
    endloop
  endfacet
  facet normal 0 0 0
    outer loop
      vertex 0.000000 0.000000 5.000000
      vertex 1.000000 0.000000 5.000000
      vertex 1.000000 0.000000 6.000000
    endloop
  endfacet
  facet normal 0 0 0
    outer loop
      vertex 0.000000 0.000000 5.000000
      vertex 1.000000 0.000000 6.000000
      vertex 0.000000 0.000000 6.000000
    endloop
  endfacet
  facet normal 0 0 0
    outer loop
      vertex 1.000000 1.000000 5.000000
      vertex 0.000000 1.000000 5.000000
      vertex 0.000000 1.000000 6.000000
    endloop
  endfacet
  facet normal 0 0 0
    outer loop
      vertex 1.000000 1.000000 5.000000
      vertex 0.000000 1.000000 6.000000
      vertex 1.000000 1.000000 6.000000
    endloop
  endfacet
  facet normal 0 0 0
    outer loop
      vertex 1.000000 0.000000 5.000000
      vertex 1.000000 1.000000 5.000000
      vertex 1.000000 1.000000 6.000000
    endloop
  endfacet
  facet normal 0 0 0
    outer loop
      vertex 1.000000 0.000000 5.000000
      vertex 1.000000 1.000000 6.000000
      vertex 1.000000 0.000000 6.000000
    endloop
  endfacet
  facet normal 0 0 0
    outer loop
      vertex 0.000000 1.000000 5.000000
      vertex 0.000000 0.000000 5.000000
      vertex 0.000000 0.000000 6.000000
    endloop
  endfacet
  facet normal 0 0 0
    outer loop
      vertex 0.000000 1.000000 5.000000
      vertex 0.000000 0.000000 6.000000
      vertex 0.000000 1.000000 6.000000
    endloop
  endfacet
  facet normal 0 0 0
    outer loop
      vertex 0.000000 1.000000 3.000000
      vertex 1.000000 2.000000 3.000000
      vertex 1.000000 1.000000 3.000000
    endloop
  endfacet
  facet normal 0 0 0
    outer loop
      vertex 0.000000 1.000000 3.000000
      vertex 0.000000 2.000000 3.000000
      vertex 1.000000 2.000000 3.000000
    endloop
  endfacet
  facet normal 0 0 0
    outer loop
      vertex 0.000000 1.000000 4.000000
      vertex 1.000000 1.000000 4.000000
      vertex 1.000000 2.000000 4.000000
    endloop
  endfacet
  facet normal 0 0 0
    outer loop
      vertex 0.000000 1.000000 4.000000
      vertex 1.000000 2.000000 4.000000
      vertex 0.000000 2.000000 4.000000
    endloop
  endfacet
  facet normal 0 0 0
    outer loop
      vertex 0.000000 1.000000 3.000000
      vertex 1.000000 1.000000 3.000000
      vertex 1.000000 1.000000 4.000000
    endloop
  endfacet
  facet normal 0 0 0
    outer loop
      vertex 0.000000 1.000000 3.000000
      vertex 1.000000 1.000000 4.000000
      vertex 0.000000 1.000000 4.000000
    endloop
  endfacet
  facet normal 0 0 0
    outer loop
      vertex 1.000000 2.000000 3.000000
      vertex 0.000000 2.000000 3.000000
      vertex 0.000000 2.000000 4.000000
    endloop
  endfacet
  facet normal 0 0 0
    outer loop
      vertex 1.000000 2.000000 3.000000
      vertex 0.000000 2.000000 4.000000
      vertex 1.000000 2.000000 4.000000
    endloop
  endfacet
  facet normal 0 0 0
    outer loop
      vertex 1.000000 1.000000 3.000000
      vertex 1.000000 2.000000 3.000000
      vertex 1.000000 2.000000 4.000000
    endloop
  endfacet
  facet normal 0 0 0
    outer loop
      vertex 1.000000 1.000000 3.000000
      vertex 1.000000 2.000000 4.000000
      vertex 1.000000 1.000000 4.000000
    endloop
  endfacet
  facet normal 0 0 0
    outer loop
      vertex 0.000000 2.000000 3.000000
      vertex 0.000000 1.000000 3.000000
      vertex 0.000000 1.000000 4.000000
    endloop
  endfacet
  facet normal 0 0 0
    outer loop
      vertex 0.000000 2.000000 3.000000
      vertex 0.000000 1.000000 4.000000
      vertex 0.000000 2.000000 4.000000
    endloop
  endfacet
  facet normal 0 0 0
    outer loop
      vertex 0.000000 1.000000 5.000000
      vertex 1.000000 2.000000 5.000000
      vertex 1.000000 1.000000 5.000000
    endloop
  endfacet
  facet normal 0 0 0
    outer loop
      vertex 0.000000 1.000000 5.000000
      vertex 0.000000 2.000000 5.000000
      vertex 1.000000 2.000000 5.000000
    endloop
  endfacet
  facet normal 0 0 0
    outer loop
      vertex 0.000000 1.000000 6.000000
      vertex 1.000000 1.000000 6.000000
      vertex 1.000000 2.000000 6.000000
    endloop
  endfacet
  facet normal 0 0 0
    outer loop
      vertex 0.000000 1.000000 6.000000
      vertex 1.000000 2.000000 6.000000
      vertex 0.000000 2.000000 6.000000
    endloop
  endfacet
  facet normal 0 0 0
    outer loop
      vertex 0.000000 1.000000 5.000000
      vertex 1.000000 1.000000 5.000000
      vertex 1.000000 1.000000 6.000000
    endloop
  endfacet
  facet normal 0 0 0
    outer loop
      vertex 0.000000 1.000000 5.000000
      vertex 1.000000 1.000000 6.000000
      vertex 0.000000 1.000000 6.000000
    endloop
  endfacet
  facet normal 0 0 0
    outer loop
      vertex 1.000000 2.000000 5.000000
      vertex 0.000000 2.000000 5.000000
      vertex 0.000000 2.000000 6.000000
    endloop
  endfacet
  facet normal 0 0 0
    outer loop
      vertex 1.000000 2.000000 5.000000
      vertex 0.000000 2.000000 6.000000
      vertex 1.000000 2.000000 6.000000
    endloop
  endfacet
  facet normal 0 0 0
    outer loop
      vertex 1.000000 1.000000 5.000000
      vertex 1.000000 2.000000 5.000000
      vertex 1.000000 2.000000 6.000000
    endloop
  endfacet
  facet normal 0 0 0
    outer loop
      vertex 1.000000 1.000000 5.000000
      vertex 1.000000 2.000000 6.000000
      vertex 1.000000 1.000000 6.000000
    endloop
  endfacet
  facet normal 0 0 0
    outer loop
      vertex 0.000000 2.000000 5.000000
      vertex 0.000000 1.000000 5.000000
      vertex 0.000000 1.000000 6.000000
    endloop
  endfacet
  facet normal 0 0 0
    outer loop
      vertex 0.000000 2.000000 5.000000
      vertex 0.000000 1.000000 6.000000
      vertex 0.000000 2.000000 6.000000
    endloop
  endfacet
  facet normal 0 0 0
    outer loop
      vertex 0.000000 2.000000 3.000000
      vertex 1.000000 3.000000 3.000000
      vertex 1.000000 2.000000 3.000000
    endloop
  endfacet
  facet normal 0 0 0
    outer loop
      vertex 0.000000 2.000000 3.000000
      vertex 0.000000 3.000000 3.000000
      vertex 1.000000 3.000000 3.000000
    endloop
  endfacet
  facet normal 0 0 0
    outer loop
      vertex 0.000000 2.000000 4.000000
      vertex 1.000000 2.000000 4.000000
      vertex 1.000000 3.000000 4.000000
    endloop
  endfacet
  facet normal 0 0 0
    outer loop
      vertex 0.000000 2.000000 4.000000
      vertex 1.000000 3.000000 4.000000
      vertex 0.000000 3.000000 4.000000
    endloop
  endfacet
  facet normal 0 0 0
    outer loop
      vertex 0.000000 2.000000 3.000000
      vertex 1.000000 2.000000 3.000000
      vertex 1.000000 2.000000 4.000000
    endloop
  endfacet
  facet normal 0 0 0
    outer loop
      vertex 0.000000 2.000000 3.000000
      vertex 1.000000 2.000000 4.000000
      vertex 0.000000 2.000000 4.000000
    endloop
  endfacet
  facet normal 0 0 0
    outer loop
      vertex 1.000000 3.000000 3.000000
      vertex 0.000000 3.000000 3.000000
      vertex 0.000000 3.000000 4.000000
    endloop
  endfacet
  facet normal 0 0 0
    outer loop
      vertex 1.000000 3.000000 3.000000
      vertex 0.000000 3.000000 4.000000
      vertex 1.000000 3.000000 4.000000
    endloop
  endfacet
  facet normal 0 0 0
    outer loop
      vertex 1.000000 2.000000 3.000000
      vertex 1.000000 3.000000 3.000000
      vertex 1.000000 3.000000 4.000000
    endloop
  endfacet
  facet normal 0 0 0
    outer loop
      vertex 1.000000 2.000000 3.000000
      vertex 1.000000 3.000000 4.000000
      vertex 1.000000 2.000000 4.000000
    endloop
  endfacet
  facet normal 0 0 0
    outer loop
      vertex 0.000000 3.000000 3.000000
      vertex 0.000000 2.000000 3.000000
      vertex 0.000000 2.000000 4.000000
    endloop
  endfacet
  facet normal 0 0 0
    outer loop
      vertex 0.000000 3.000000 3.000000
      vertex 0.000000 2.000000 4.000000
      vertex 0.000000 3.000000 4.000000
    endloop
  endfacet
  facet normal 0 0 0
    outer loop
      vertex 0.000000 2.000000 4.000000
      vertex 1.000000 3.000000 4.000000
      vertex 1.000000 2.000000 4.000000
    endloop
  endfacet
  facet normal 0 0 0
    outer loop
      vertex 0.000000 2.000000 4.000000
      vertex 0.000000 3.000000 4.000000
      vertex 1.000000 3.000000 4.000000
    endloop
  endfacet
  facet normal 0 0 0
    outer loop
      vertex 0.000000 2.000000 5.000000
      vertex 1.000000 2.000000 5.000000
      vertex 1.000000 3.000000 5.000000
    endloop
  endfacet
  facet normal 0 0 0
    outer loop
      vertex 0.000000 2.000000 5.000000
      vertex 1.000000 3.000000 5.000000
      vertex 0.000000 3.000000 5.000000
    endloop
  endfacet
  facet normal 0 0 0
    outer loop
      vertex 0.000000 2.000000 4.000000
      vertex 1.000000 2.000000 4.000000
      vertex 1.000000 2.000000 5.000000
    endloop
  endfacet
  facet normal 0 0 0
    outer loop
      vertex 0.000000 2.000000 4.000000
      vertex 1.000000 2.000000 5.000000
      vertex 0.000000 2.000000 5.000000
    endloop
  endfacet
  facet normal 0 0 0
    outer loop
      vertex 1.000000 3.000000 4.000000
      vertex 0.000000 3.000000 4.000000
      vertex 0.000000 3.000000 5.000000
    endloop
  endfacet
  facet normal 0 0 0
    outer loop
      vertex 1.000000 3.000000 4.000000
      vertex 0.000000 3.000000 5.000000
      vertex 1.000000 3.000000 5.000000
    endloop
  endfacet
  facet normal 0 0 0
    outer loop
      vertex 1.000000 2.000000 4.000000
      vertex 1.000000 3.000000 4.000000
      vertex 1.000000 3.000000 5.000000
    endloop
  endfacet
  facet normal 0 0 0
    outer loop
      vertex 1.000000 2.000000 4.000000
      vertex 1.000000 3.000000 5.000000
      vertex 1.000000 2.000000 5.000000
    endloop
  endfacet
  facet normal 0 0 0
    outer loop
      vertex 0.000000 3.000000 4.000000
      vertex 0.000000 2.000000 4.000000
      vertex 0.000000 2.000000 5.000000
    endloop
  endfacet
  facet normal 0 0 0
    outer loop
      vertex 0.000000 3.000000 4.000000
      vertex 0.000000 2.000000 5.000000
      vertex 0.000000 3.000000 5.000000
    endloop
  endfacet
  facet normal 0 0 0
    outer loop
      vertex 0.000000 2.000000 5.000000
      vertex 1.000000 3.000000 5.000000
      vertex 1.000000 2.000000 5.000000
    endloop
  endfacet
  facet normal 0 0 0
    outer loop
      vertex 0.000000 2.000000 5.000000
      vertex 0.000000 3.000000 5.000000
      vertex 1.000000 3.000000 5.000000
    endloop
  endfacet
  facet normal 0 0 0
    outer loop
      vertex 0.000000 2.000000 6.000000
      vertex 1.000000 2.000000 6.000000
      vertex 1.000000 3.000000 6.000000
    endloop
  endfacet
  facet normal 0 0 0
    outer loop
      vertex 0.000000 2.000000 6.000000
      vertex 1.000000 3.000000 6.000000
      vertex 0.000000 3.000000 6.000000
    endloop
  endfacet
  facet normal 0 0 0
    outer loop
      vertex 0.000000 2.000000 5.000000
      vertex 1.000000 2.000000 5.000000
      vertex 1.000000 2.000000 6.000000
    endloop
  endfacet
  facet normal 0 0 0
    outer loop
      vertex 0.000000 2.000000 5.000000
      vertex 1.000000 2.000000 6.000000
      vertex 0.000000 2.000000 6.000000
    endloop
  endfacet
  facet normal 0 0 0
    outer loop
      vertex 1.000000 3.000000 5.000000
      vertex 0.000000 3.000000 5.000000
      vertex 0.000000 3.000000 6.000000
    endloop
  endfacet
  facet normal 0 0 0
    outer loop
      vertex 1.000000 3.000000 5.000000
      vertex 0.000000 3.000000 6.000000
      vertex 1.000000 3.000000 6.000000
    endloop
  endfacet
  facet normal 0 0 0
    outer loop
      vertex 1.000000 2.000000 5.000000
      vertex 1.000000 3.000000 5.000000
      vertex 1.000000 3.000000 6.000000
    endloop
  endfacet
  facet normal 0 0 0
    outer loop
      vertex 1.000000 2.000000 5.000000
      vertex 1.000000 3.000000 6.000000
      vertex 1.000000 2.000000 6.000000
    endloop
  endfacet
  facet normal 0 0 0
    outer loop
      vertex 0.000000 3.000000 5.000000
      vertex 0.000000 2.000000 5.000000
      vertex 0.000000 2.000000 6.000000
    endloop
  endfacet
  facet normal 0 0 0
    outer loop
      vertex 0.000000 3.000000 5.000000
      vertex 0.000000 2.000000 6.000000
      vertex 0.000000 3.000000 6.000000
    endloop
  endfacet
  facet normal 0 0 0
    outer loop
      vertex 1.000000 0.000000 3.000000
      vertex 2.000000 1.000000 3.000000
      vertex 2.000000 0.000000 3.000000
    endloop
  endfacet
  facet normal 0 0 0
    outer loop
      vertex 1.000000 0.000000 3.000000
      vertex 1.000000 1.000000 3.000000
      vertex 2.000000 1.000000 3.000000
    endloop
  endfacet
  facet normal 0 0 0
    outer loop
      vertex 1.000000 0.000000 4.000000
      vertex 2.000000 0.000000 4.000000
      vertex 2.000000 1.000000 4.000000
    endloop
  endfacet
  facet normal 0 0 0
    outer loop
      vertex 1.000000 0.000000 4.000000
      vertex 2.000000 1.000000 4.000000
      vertex 1.000000 1.000000 4.000000
    endloop
  endfacet
  facet normal 0 0 0
    outer loop
      vertex 1.000000 0.000000 3.000000
      vertex 2.000000 0.000000 3.000000
      vertex 2.000000 0.000000 4.000000
    endloop
  endfacet
  facet normal 0 0 0
    outer loop
      vertex 1.000000 0.000000 3.000000
      vertex 2.000000 0.000000 4.000000
      vertex 1.000000 0.000000 4.000000
    endloop
  endfacet
  facet normal 0 0 0
    outer loop
      vertex 2.000000 1.000000 3.000000
      vertex 1.000000 1.000000 3.000000
      vertex 1.000000 1.000000 4.000000
    endloop
  endfacet
  facet normal 0 0 0
    outer loop
      vertex 2.000000 1.000000 3.000000
      vertex 1.000000 1.000000 4.000000
      vertex 2.000000 1.000000 4.000000
    endloop
  endfacet
  facet normal 0 0 0
    outer loop
      vertex 2.000000 0.000000 3.000000
      vertex 2.000000 1.000000 3.000000
      vertex 2.000000 1.000000 4.000000
    endloop
  endfacet
  facet normal 0 0 0
    outer loop
      vertex 2.000000 0.000000 3.000000
      vertex 2.000000 1.000000 4.000000
      vertex 2.000000 0.000000 4.000000
    endloop
  endfacet
  facet normal 0 0 0
    outer loop
      vertex 1.000000 1.000000 3.000000
      vertex 1.000000 0.000000 3.000000
      vertex 1.000000 0.000000 4.000000
    endloop
  endfacet
  facet normal 0 0 0
    outer loop
      vertex 1.000000 1.000000 3.000000
      vertex 1.000000 0.000000 4.000000
      vertex 1.000000 1.000000 4.000000
    endloop
  endfacet
  facet normal 0 0 0
    outer loop
      vertex 1.000000 0.000000 5.000000
      vertex 2.000000 1.000000 5.000000
      vertex 2.000000 0.000000 5.000000
    endloop
  endfacet
  facet normal 0 0 0
    outer loop
      vertex 1.000000 0.000000 5.000000
      vertex 1.000000 1.000000 5.000000
      vertex 2.000000 1.000000 5.000000
    endloop
  endfacet
  facet normal 0 0 0
    outer loop
      vertex 1.000000 0.000000 6.000000
      vertex 2.000000 0.000000 6.000000
      vertex 2.000000 1.000000 6.000000
    endloop
  endfacet
  facet normal 0 0 0
    outer loop
      vertex 1.000000 0.000000 6.000000
      vertex 2.000000 1.000000 6.000000
      vertex 1.000000 1.000000 6.000000
    endloop
  endfacet
  facet normal 0 0 0
    outer loop
      vertex 1.000000 0.000000 5.000000
      vertex 2.000000 0.000000 5.000000
      vertex 2.000000 0.000000 6.000000
    endloop
  endfacet
  facet normal 0 0 0
    outer loop
      vertex 1.000000 0.000000 5.000000
      vertex 2.000000 0.000000 6.000000
      vertex 1.000000 0.000000 6.000000
    endloop
  endfacet
  facet normal 0 0 0
    outer loop
      vertex 2.000000 1.000000 5.000000
      vertex 1.000000 1.000000 5.000000
      vertex 1.000000 1.000000 6.000000
    endloop
  endfacet
  facet normal 0 0 0
    outer loop
      vertex 2.000000 1.000000 5.000000
      vertex 1.000000 1.000000 6.000000
      vertex 2.000000 1.000000 6.000000
    endloop
  endfacet
  facet normal 0 0 0
    outer loop
      vertex 2.000000 0.000000 5.000000
      vertex 2.000000 1.000000 5.000000
      vertex 2.000000 1.000000 6.000000
    endloop
  endfacet
  facet normal 0 0 0
    outer loop
      vertex 2.000000 0.000000 5.000000
      vertex 2.000000 1.000000 6.000000
      vertex 2.000000 0.000000 6.000000
    endloop
  endfacet
  facet normal 0 0 0
    outer loop
      vertex 1.000000 1.000000 5.000000
      vertex 1.000000 0.000000 5.000000
      vertex 1.000000 0.000000 6.000000
    endloop
  endfacet
  facet normal 0 0 0
    outer loop
      vertex 1.000000 1.000000 5.000000
      vertex 1.000000 0.000000 6.000000
      vertex 1.000000 1.000000 6.000000
    endloop
  endfacet
  facet normal 0 0 0
    outer loop
      vertex 1.000000 2.000000 3.000000
      vertex 2.000000 3.000000 3.000000
      vertex 2.000000 2.000000 3.000000
    endloop
  endfacet
  facet normal 0 0 0
    outer loop
      vertex 1.000000 2.000000 3.000000
      vertex 1.000000 3.000000 3.000000
      vertex 2.000000 3.000000 3.000000
    endloop
  endfacet
  facet normal 0 0 0
    outer loop
      vertex 1.000000 2.000000 4.000000
      vertex 2.000000 2.000000 4.000000
      vertex 2.000000 3.000000 4.000000
    endloop
  endfacet
  facet normal 0 0 0
    outer loop
      vertex 1.000000 2.000000 4.000000
      vertex 2.000000 3.000000 4.000000
      vertex 1.000000 3.000000 4.000000
    endloop
  endfacet
  facet normal 0 0 0
    outer loop
      vertex 1.000000 2.000000 3.000000
      vertex 2.000000 2.000000 3.000000
      vertex 2.000000 2.000000 4.000000
    endloop
  endfacet
  facet normal 0 0 0
    outer loop
      vertex 1.000000 2.000000 3.000000
      vertex 2.000000 2.000000 4.000000
      vertex 1.000000 2.000000 4.000000
    endloop
  endfacet
  facet normal 0 0 0
    outer loop
      vertex 2.000000 3.000000 3.000000
      vertex 1.000000 3.000000 3.000000
      vertex 1.000000 3.000000 4.000000
    endloop
  endfacet
  facet normal 0 0 0
    outer loop
      vertex 2.000000 3.000000 3.000000
      vertex 1.000000 3.000000 4.000000
      vertex 2.000000 3.000000 4.000000
    endloop
  endfacet
  facet normal 0 0 0
    outer loop
      vertex 2.000000 2.000000 3.000000
      vertex 2.000000 3.000000 3.000000
      vertex 2.000000 3.000000 4.000000
    endloop
  endfacet
  facet normal 0 0 0
    outer loop
      vertex 2.000000 2.000000 3.000000
      vertex 2.000000 3.000000 4.000000
      vertex 2.000000 2.000000 4.000000
    endloop
  endfacet
  facet normal 0 0 0
    outer loop
      vertex 1.000000 3.000000 3.000000
      vertex 1.000000 2.000000 3.000000
      vertex 1.000000 2.000000 4.000000
    endloop
  endfacet
  facet normal 0 0 0
    outer loop
      vertex 1.000000 3.000000 3.000000
      vertex 1.000000 2.000000 4.000000
      vertex 1.000000 3.000000 4.000000
    endloop
  endfacet
  facet normal 0 0 0
    outer loop
      vertex 1.000000 2.000000 5.000000
      vertex 2.000000 3.000000 5.000000
      vertex 2.000000 2.000000 5.000000
    endloop
  endfacet
  facet normal 0 0 0
    outer loop
      vertex 1.000000 2.000000 5.000000
      vertex 1.000000 3.000000 5.000000
      vertex 2.000000 3.000000 5.000000
    endloop
  endfacet
  facet normal 0 0 0
    outer loop
      vertex 1.000000 2.000000 6.000000
      vertex 2.000000 2.000000 6.000000
      vertex 2.000000 3.000000 6.000000
    endloop
  endfacet
  facet normal 0 0 0
    outer loop
      vertex 1.000000 2.000000 6.000000
      vertex 2.000000 3.000000 6.000000
      vertex 1.000000 3.000000 6.000000
    endloop
  endfacet
  facet normal 0 0 0
    outer loop
      vertex 1.000000 2.000000 5.000000
      vertex 2.000000 2.000000 5.000000
      vertex 2.000000 2.000000 6.000000
    endloop
  endfacet
  facet normal 0 0 0
    outer loop
      vertex 1.000000 2.000000 5.000000
      vertex 2.000000 2.000000 6.000000
      vertex 1.000000 2.000000 6.000000
    endloop
  endfacet
  facet normal 0 0 0
    outer loop
      vertex 2.000000 3.000000 5.000000
      vertex 1.000000 3.000000 5.000000
      vertex 1.000000 3.000000 6.000000
    endloop
  endfacet
  facet normal 0 0 0
    outer loop
      vertex 2.000000 3.000000 5.000000
      vertex 1.000000 3.000000 6.000000
      vertex 2.000000 3.000000 6.000000
    endloop
  endfacet
  facet normal 0 0 0
    outer loop
      vertex 2.000000 2.000000 5.000000
      vertex 2.000000 3.000000 5.000000
      vertex 2.000000 3.000000 6.000000
    endloop
  endfacet
  facet normal 0 0 0
    outer loop
      vertex 2.000000 2.000000 5.000000
      vertex 2.000000 3.000000 6.000000
      vertex 2.000000 2.000000 6.000000
    endloop
  endfacet
  facet normal 0 0 0
    outer loop
      vertex 1.000000 3.000000 5.000000
      vertex 1.000000 2.000000 5.000000
      vertex 1.000000 2.000000 6.000000
    endloop
  endfacet
  facet normal 0 0 0
    outer loop
      vertex 1.000000 3.000000 5.000000
      vertex 1.000000 2.000000 6.000000
      vertex 1.000000 3.000000 6.000000
    endloop
  endfacet
  facet normal 0 0 0
    outer loop
      vertex 2.000000 0.000000 3.000000
      vertex 3.000000 1.000000 3.000000
      vertex 3.000000 0.000000 3.000000
    endloop
  endfacet
  facet normal 0 0 0
    outer loop
      vertex 2.000000 0.000000 3.000000
      vertex 2.000000 1.000000 3.000000
      vertex 3.000000 1.000000 3.000000
    endloop
  endfacet
  facet normal 0 0 0
    outer loop
      vertex 2.000000 0.000000 4.000000
      vertex 3.000000 0.000000 4.000000
      vertex 3.000000 1.000000 4.000000
    endloop
  endfacet
  facet normal 0 0 0
    outer loop
      vertex 2.000000 0.000000 4.000000
      vertex 3.000000 1.000000 4.000000
      vertex 2.000000 1.000000 4.000000
    endloop
  endfacet
  facet normal 0 0 0
    outer loop
      vertex 2.000000 0.000000 3.000000
      vertex 3.000000 0.000000 3.000000
      vertex 3.000000 0.000000 4.000000
    endloop
  endfacet
  facet normal 0 0 0
    outer loop
      vertex 2.000000 0.000000 3.000000
      vertex 3.000000 0.000000 4.000000
      vertex 2.000000 0.000000 4.000000
    endloop
  endfacet
  facet normal 0 0 0
    outer loop
      vertex 3.000000 1.000000 3.000000
      vertex 2.000000 1.000000 3.000000
      vertex 2.000000 1.000000 4.000000
    endloop
  endfacet
  facet normal 0 0 0
    outer loop
      vertex 3.000000 1.000000 3.000000
      vertex 2.000000 1.000000 4.000000
      vertex 3.000000 1.000000 4.000000
    endloop
  endfacet
  facet normal 0 0 0
    outer loop
      vertex 3.000000 0.000000 3.000000
      vertex 3.000000 1.000000 3.000000
      vertex 3.000000 1.000000 4.000000
    endloop
  endfacet
  facet normal 0 0 0
    outer loop
      vertex 3.000000 0.000000 3.000000
      vertex 3.000000 1.000000 4.000000
      vertex 3.000000 0.000000 4.000000
    endloop
  endfacet
  facet normal 0 0 0
    outer loop
      vertex 2.000000 1.000000 3.000000
      vertex 2.000000 0.000000 3.000000
      vertex 2.000000 0.000000 4.000000
    endloop
  endfacet
  facet normal 0 0 0
    outer loop
      vertex 2.000000 1.000000 3.000000
      vertex 2.000000 0.000000 4.000000
      vertex 2.000000 1.000000 4.000000
    endloop
  endfacet
  facet normal 0 0 0
    outer loop
      vertex 2.000000 0.000000 4.000000
      vertex 3.000000 1.000000 4.000000
      vertex 3.000000 0.000000 4.000000
    endloop
  endfacet
  facet normal 0 0 0
    outer loop
      vertex 2.000000 0.000000 4.000000
      vertex 2.000000 1.000000 4.000000
      vertex 3.000000 1.000000 4.000000
    endloop
  endfacet
  facet normal 0 0 0
    outer loop
      vertex 2.000000 0.000000 5.000000
      vertex 3.000000 0.000000 5.000000
      vertex 3.000000 1.000000 5.000000
    endloop
  endfacet
  facet normal 0 0 0
    outer loop
      vertex 2.000000 0.000000 5.000000
      vertex 3.000000 1.000000 5.000000
      vertex 2.000000 1.000000 5.000000
    endloop
  endfacet
  facet normal 0 0 0
    outer loop
      vertex 2.000000 0.000000 4.000000
      vertex 3.000000 0.000000 4.000000
      vertex 3.000000 0.000000 5.000000
    endloop
  endfacet
  facet normal 0 0 0
    outer loop
      vertex 2.000000 0.000000 4.000000
      vertex 3.000000 0.000000 5.000000
      vertex 2.000000 0.000000 5.000000
    endloop
  endfacet
  facet normal 0 0 0
    outer loop
      vertex 3.000000 1.000000 4.000000
      vertex 2.000000 1.000000 4.000000
      vertex 2.000000 1.000000 5.000000
    endloop
  endfacet
  facet normal 0 0 0
    outer loop
      vertex 3.000000 1.000000 4.000000
      vertex 2.000000 1.000000 5.000000
      vertex 3.000000 1.000000 5.000000
    endloop
  endfacet
  facet normal 0 0 0
    outer loop
      vertex 3.000000 0.000000 4.000000
      vertex 3.000000 1.000000 4.000000
      vertex 3.000000 1.000000 5.000000
    endloop
  endfacet
  facet normal 0 0 0
    outer loop
      vertex 3.000000 0.000000 4.000000
      vertex 3.000000 1.000000 5.000000
      vertex 3.000000 0.000000 5.000000
    endloop
  endfacet
  facet normal 0 0 0
    outer loop
      vertex 2.000000 1.000000 4.000000
      vertex 2.000000 0.000000 4.000000
      vertex 2.000000 0.000000 5.000000
    endloop
  endfacet
  facet normal 0 0 0
    outer loop
      vertex 2.000000 1.000000 4.000000
      vertex 2.000000 0.000000 5.000000
      vertex 2.000000 1.000000 5.000000
    endloop
  endfacet
  facet normal 0 0 0
    outer loop
      vertex 2.000000 0.000000 5.000000
      vertex 3.000000 1.000000 5.000000
      vertex 3.000000 0.000000 5.000000
    endloop
  endfacet
  facet normal 0 0 0
    outer loop
      vertex 2.000000 0.000000 5.000000
      vertex 2.000000 1.000000 5.000000
      vertex 3.000000 1.000000 5.000000
    endloop
  endfacet
  facet normal 0 0 0
    outer loop
      vertex 2.000000 0.000000 6.000000
      vertex 3.000000 0.000000 6.000000
      vertex 3.000000 1.000000 6.000000
    endloop
  endfacet
  facet normal 0 0 0
    outer loop
      vertex 2.000000 0.000000 6.000000
      vertex 3.000000 1.000000 6.000000
      vertex 2.000000 1.000000 6.000000
    endloop
  endfacet
  facet normal 0 0 0
    outer loop
      vertex 2.000000 0.000000 5.000000
      vertex 3.000000 0.000000 5.000000
      vertex 3.000000 0.000000 6.000000
    endloop
  endfacet
  facet normal 0 0 0
    outer loop
      vertex 2.000000 0.000000 5.000000
      vertex 3.000000 0.000000 6.000000
      vertex 2.000000 0.000000 6.000000
    endloop
  endfacet
  facet normal 0 0 0
    outer loop
      vertex 3.000000 1.000000 5.000000
      vertex 2.000000 1.000000 5.000000
      vertex 2.000000 1.000000 6.000000
    endloop
  endfacet
  facet normal 0 0 0
    outer loop
      vertex 3.000000 1.000000 5.000000
      vertex 2.000000 1.000000 6.000000
      vertex 3.000000 1.000000 6.000000
    endloop
  endfacet
  facet normal 0 0 0
    outer loop
      vertex 3.000000 0.000000 5.000000
      vertex 3.000000 1.000000 5.000000
      vertex 3.000000 1.000000 6.000000
    endloop
  endfacet
  facet normal 0 0 0
    outer loop
      vertex 3.000000 0.000000 5.000000
      vertex 3.000000 1.000000 6.000000
      vertex 3.000000 0.000000 6.000000
    endloop
  endfacet
  facet normal 0 0 0
    outer loop
      vertex 2.000000 1.000000 5.000000
      vertex 2.000000 0.000000 5.000000
      vertex 2.000000 0.000000 6.000000
    endloop
  endfacet
  facet normal 0 0 0
    outer loop
      vertex 2.000000 1.000000 5.000000
      vertex 2.000000 0.000000 6.000000
      vertex 2.000000 1.000000 6.000000
    endloop
  endfacet
  facet normal 0 0 0
    outer loop
      vertex 2.000000 1.000000 3.000000
      vertex 3.000000 2.000000 3.000000
      vertex 3.000000 1.000000 3.000000
    endloop
  endfacet
  facet normal 0 0 0
    outer loop
      vertex 2.000000 1.000000 3.000000
      vertex 2.000000 2.000000 3.000000
      vertex 3.000000 2.000000 3.000000
    endloop
  endfacet
  facet normal 0 0 0
    outer loop
      vertex 2.000000 1.000000 4.000000
      vertex 3.000000 1.000000 4.000000
      vertex 3.000000 2.000000 4.000000
    endloop
  endfacet
  facet normal 0 0 0
    outer loop
      vertex 2.000000 1.000000 4.000000
      vertex 3.000000 2.000000 4.000000
      vertex 2.000000 2.000000 4.000000
    endloop
  endfacet
  facet normal 0 0 0
    outer loop
      vertex 2.000000 1.000000 3.000000
      vertex 3.000000 1.000000 3.000000
      vertex 3.000000 1.000000 4.000000
    endloop
  endfacet
  facet normal 0 0 0
    outer loop
      vertex 2.000000 1.000000 3.000000
      vertex 3.000000 1.000000 4.000000
      vertex 2.000000 1.000000 4.000000
    endloop
  endfacet
  facet normal 0 0 0
    outer loop
      vertex 3.000000 2.000000 3.000000
      vertex 2.000000 2.000000 3.000000
      vertex 2.000000 2.000000 4.000000
    endloop
  endfacet
  facet normal 0 0 0
    outer loop
      vertex 3.000000 2.000000 3.000000
      vertex 2.000000 2.000000 4.000000
      vertex 3.000000 2.000000 4.000000
    endloop
  endfacet
  facet normal 0 0 0
    outer loop
      vertex 3.000000 1.000000 3.000000
      vertex 3.000000 2.000000 3.000000
      vertex 3.000000 2.000000 4.000000
    endloop
  endfacet
  facet normal 0 0 0
    outer loop
      vertex 3.000000 1.000000 3.000000
      vertex 3.000000 2.000000 4.000000
      vertex 3.000000 1.000000 4.000000
    endloop
  endfacet
  facet normal 0 0 0
    outer loop
      vertex 2.000000 2.000000 3.000000
      vertex 2.000000 1.000000 3.000000
      vertex 2.000000 1.000000 4.000000
    endloop
  endfacet
  facet normal 0 0 0
    outer loop
      vertex 2.000000 2.000000 3.000000
      vertex 2.000000 1.000000 4.000000
      vertex 2.000000 2.000000 4.000000
    endloop
  endfacet
  facet normal 0 0 0
    outer loop
      vertex 2.000000 1.000000 5.000000
      vertex 3.000000 2.000000 5.000000
      vertex 3.000000 1.000000 5.000000
    endloop
  endfacet
  facet normal 0 0 0
    outer loop
      vertex 2.000000 1.000000 5.000000
      vertex 2.000000 2.000000 5.000000
      vertex 3.000000 2.000000 5.000000
    endloop
  endfacet
  facet normal 0 0 0
    outer loop
      vertex 2.000000 1.000000 6.000000
      vertex 3.000000 1.000000 6.000000
      vertex 3.000000 2.000000 6.000000
    endloop
  endfacet
  facet normal 0 0 0
    outer loop
      vertex 2.000000 1.000000 6.000000
      vertex 3.000000 2.000000 6.000000
      vertex 2.000000 2.000000 6.000000
    endloop
  endfacet
  facet normal 0 0 0
    outer loop
      vertex 2.000000 1.000000 5.000000
      vertex 3.000000 1.000000 5.000000
      vertex 3.000000 1.000000 6.000000
    endloop
  endfacet
  facet normal 0 0 0
    outer loop
      vertex 2.000000 1.000000 5.000000
      vertex 3.000000 1.000000 6.000000
      vertex 2.000000 1.000000 6.000000
    endloop
  endfacet
  facet normal 0 0 0
    outer loop
      vertex 3.000000 2.000000 5.000000
      vertex 2.000000 2.000000 5.000000
      vertex 2.000000 2.000000 6.000000
    endloop
  endfacet
  facet normal 0 0 0
    outer loop
      vertex 3.000000 2.000000 5.000000
      vertex 2.000000 2.000000 6.000000
      vertex 3.000000 2.000000 6.000000
    endloop
  endfacet
  facet normal 0 0 0
    outer loop
      vertex 3.000000 1.000000 5.000000
      vertex 3.000000 2.000000 5.000000
      vertex 3.000000 2.000000 6.000000
    endloop
  endfacet
  facet normal 0 0 0
    outer loop
      vertex 3.000000 1.000000 5.000000
      vertex 3.000000 2.000000 6.000000
      vertex 3.000000 1.000000 6.000000
    endloop
  endfacet
  facet normal 0 0 0
    outer loop
      vertex 2.000000 2.000000 5.000000
      vertex 2.000000 1.000000 5.000000
      vertex 2.000000 1.000000 6.000000
    endloop
  endfacet
  facet normal 0 0 0
    outer loop
      vertex 2.000000 2.000000 5.000000
      vertex 2.000000 1.000000 6.000000
      vertex 2.000000 2.000000 6.000000
    endloop
  endfacet
  facet normal 0 0 0
    outer loop
      vertex 2.000000 2.000000 3.000000
      vertex 3.000000 3.000000 3.000000
      vertex 3.000000 2.000000 3.000000
    endloop
  endfacet
  facet normal 0 0 0
    outer loop
      vertex 2.000000 2.000000 3.000000
      vertex 2.000000 3.000000 3.000000
      vertex 3.000000 3.000000 3.000000
    endloop
  endfacet
  facet normal 0 0 0
    outer loop
      vertex 2.000000 2.000000 4.000000
      vertex 3.000000 2.000000 4.000000
      vertex 3.000000 3.000000 4.000000
    endloop
  endfacet
  facet normal 0 0 0
    outer loop
      vertex 2.000000 2.000000 4.000000
      vertex 3.000000 3.000000 4.000000
      vertex 2.000000 3.000000 4.000000
    endloop
  endfacet
  facet normal 0 0 0
    outer loop
      vertex 2.000000 2.000000 3.000000
      vertex 3.000000 2.000000 3.000000
      vertex 3.000000 2.000000 4.000000
    endloop
  endfacet
  facet normal 0 0 0
    outer loop
      vertex 2.000000 2.000000 3.000000
      vertex 3.000000 2.000000 4.000000
      vertex 2.000000 2.000000 4.000000
    endloop
  endfacet
  facet normal 0 0 0
    outer loop
      vertex 3.000000 3.000000 3.000000
      vertex 2.000000 3.000000 3.000000
      vertex 2.000000 3.000000 4.000000
    endloop
  endfacet
  facet normal 0 0 0
    outer loop
      vertex 3.000000 3.000000 3.000000
      vertex 2.000000 3.000000 4.000000
      vertex 3.000000 3.000000 4.000000
    endloop
  endfacet
  facet normal 0 0 0
    outer loop
      vertex 3.000000 2.000000 3.000000
      vertex 3.000000 3.000000 3.000000
      vertex 3.000000 3.000000 4.000000
    endloop
  endfacet
  facet normal 0 0 0
    outer loop
      vertex 3.000000 2.000000 3.000000
      vertex 3.000000 3.000000 4.000000
      vertex 3.000000 2.000000 4.000000
    endloop
  endfacet
  facet normal 0 0 0
    outer loop
      vertex 2.000000 3.000000 3.000000
      vertex 2.000000 2.000000 3.000000
      vertex 2.000000 2.000000 4.000000
    endloop
  endfacet
  facet normal 0 0 0
    outer loop
      vertex 2.000000 3.000000 3.000000
      vertex 2.000000 2.000000 4.000000
      vertex 2.000000 3.000000 4.000000
    endloop
  endfacet
  facet normal 0 0 0
    outer loop
      vertex 2.000000 2.000000 4.000000
      vertex 3.000000 3.000000 4.000000
      vertex 3.000000 2.000000 4.000000
    endloop
  endfacet
  facet normal 0 0 0
    outer loop
      vertex 2.000000 2.000000 4.000000
      vertex 2.000000 3.000000 4.000000
      vertex 3.000000 3.000000 4.000000
    endloop
  endfacet
  facet normal 0 0 0
    outer loop
      vertex 2.000000 2.000000 5.000000
      vertex 3.000000 2.000000 5.000000
      vertex 3.000000 3.000000 5.000000
    endloop
  endfacet
  facet normal 0 0 0
    outer loop
      vertex 2.000000 2.000000 5.000000
      vertex 3.000000 3.000000 5.000000
      vertex 2.000000 3.000000 5.000000
    endloop
  endfacet
  facet normal 0 0 0
    outer loop
      vertex 2.000000 2.000000 4.000000
      vertex 3.000000 2.000000 4.000000
      vertex 3.000000 2.000000 5.000000
    endloop
  endfacet
  facet normal 0 0 0
    outer loop
      vertex 2.000000 2.000000 4.000000
      vertex 3.000000 2.000000 5.000000
      vertex 2.000000 2.000000 5.000000
    endloop
  endfacet
  facet normal 0 0 0
    outer loop
      vertex 3.000000 3.000000 4.000000
      vertex 2.000000 3.000000 4.000000
      vertex 2.000000 3.000000 5.000000
    endloop
  endfacet
  facet normal 0 0 0
    outer loop
      vertex 3.000000 3.000000 4.000000
      vertex 2.000000 3.000000 5.000000
      vertex 3.000000 3.000000 5.000000
    endloop
  endfacet
  facet normal 0 0 0
    outer loop
      vertex 3.000000 2.000000 4.000000
      vertex 3.000000 3.000000 4.000000
      vertex 3.000000 3.000000 5.000000
    endloop
  endfacet
  facet normal 0 0 0
    outer loop
      vertex 3.000000 2.000000 4.000000
      vertex 3.000000 3.000000 5.000000
      vertex 3.000000 2.000000 5.000000
    endloop
  endfacet
  facet normal 0 0 0
    outer loop
      vertex 2.000000 3.000000 4.000000
      vertex 2.000000 2.000000 4.000000
      vertex 2.000000 2.000000 5.000000
    endloop
  endfacet
  facet normal 0 0 0
    outer loop
      vertex 2.000000 3.000000 4.000000
      vertex 2.000000 2.000000 5.000000
      vertex 2.000000 3.000000 5.000000
    endloop
  endfacet
  facet normal 0 0 0
    outer loop
      vertex 2.000000 2.000000 5.000000
      vertex 3.000000 3.000000 5.000000
      vertex 3.000000 2.000000 5.000000
    endloop
  endfacet
  facet normal 0 0 0
    outer loop
      vertex 2.000000 2.000000 5.000000
      vertex 2.000000 3.000000 5.000000
      vertex 3.000000 3.000000 5.000000
    endloop
  endfacet
  facet normal 0 0 0
    outer loop
      vertex 2.000000 2.000000 6.000000
      vertex 3.000000 2.000000 6.000000
      vertex 3.000000 3.000000 6.000000
    endloop
  endfacet
  facet normal 0 0 0
    outer loop
      vertex 2.000000 2.000000 6.000000
      vertex 3.000000 3.000000 6.000000
      vertex 2.000000 3.000000 6.000000
    endloop
  endfacet
  facet normal 0 0 0
    outer loop
      vertex 2.000000 2.000000 5.000000
      vertex 3.000000 2.000000 5.000000
      vertex 3.000000 2.000000 6.000000
    endloop
  endfacet
  facet normal 0 0 0
    outer loop
      vertex 2.000000 2.000000 5.000000
      vertex 3.000000 2.000000 6.000000
      vertex 2.000000 2.000000 6.000000
    endloop
  endfacet
  facet normal 0 0 0
    outer loop
      vertex 3.000000 3.000000 5.000000
      vertex 2.000000 3.000000 5.000000
      vertex 2.000000 3.000000 6.000000
    endloop
  endfacet
  facet normal 0 0 0
    outer loop
      vertex 3.000000 3.000000 5.000000
      vertex 2.000000 3.000000 6.000000
      vertex 3.000000 3.000000 6.000000
    endloop
  endfacet
  facet normal 0 0 0
    outer loop
      vertex 3.000000 2.000000 5.000000
      vertex 3.000000 3.000000 5.000000
      vertex 3.000000 3.000000 6.000000
    endloop
  endfacet
  facet normal 0 0 0
    outer loop
      vertex 3.000000 2.000000 5.000000
      vertex 3.000000 3.000000 6.000000
      vertex 3.000000 2.000000 6.000000
    endloop
  endfacet
  facet normal 0 0 0
    outer loop
      vertex 2.000000 3.000000 5.000000
      vertex 2.000000 2.000000 5.000000
      vertex 2.000000 2.000000 6.000000
    endloop
  endfacet
  facet normal 0 0 0
    outer loop
      vertex 2.000000 3.000000 5.000000
      vertex 2.000000 2.000000 6.000000
      vertex 2.000000 3.000000 6.000000
    endloop
  endfacet
  facet normal 0 0 0
    outer loop
      vertex 0.000000 0.000000 6.000000
      vertex 1.000000 1.000000 6.000000
      vertex 1.000000 0.000000 6.000000
    endloop
  endfacet
  facet normal 0 0 0
    outer loop
      vertex 0.000000 0.000000 6.000000
      vertex 0.000000 1.000000 6.000000
      vertex 1.000000 1.000000 6.000000
    endloop
  endfacet
  facet normal 0 0 0
    outer loop
      vertex 0.000000 0.000000 7.000000
      vertex 1.000000 0.000000 7.000000
      vertex 1.000000 1.000000 7.000000
    endloop
  endfacet
  facet normal 0 0 0
    outer loop
      vertex 0.000000 0.000000 7.000000
      vertex 1.000000 1.000000 7.000000
      vertex 0.000000 1.000000 7.000000
    endloop
  endfacet
  facet normal 0 0 0
    outer loop
      vertex 0.000000 0.000000 6.000000
      vertex 1.000000 0.000000 6.000000
      vertex 1.000000 0.000000 7.000000
    endloop
  endfacet
  facet normal 0 0 0
    outer loop
      vertex 0.000000 0.000000 6.000000
      vertex 1.000000 0.000000 7.000000
      vertex 0.000000 0.000000 7.000000
    endloop
  endfacet
  facet normal 0 0 0
    outer loop
      vertex 1.000000 1.000000 6.000000
      vertex 0.000000 1.000000 6.000000
      vertex 0.000000 1.000000 7.000000
    endloop
  endfacet
  facet normal 0 0 0
    outer loop
      vertex 1.000000 1.000000 6.000000
      vertex 0.000000 1.000000 7.000000
      vertex 1.000000 1.000000 7.000000
    endloop
  endfacet
  facet normal 0 0 0
    outer loop
      vertex 1.000000 0.000000 6.000000
      vertex 1.000000 1.000000 6.000000
      vertex 1.000000 1.000000 7.000000
    endloop
  endfacet
  facet normal 0 0 0
    outer loop
      vertex 1.000000 0.000000 6.000000
      vertex 1.000000 1.000000 7.000000
      vertex 1.000000 0.000000 7.000000
    endloop
  endfacet
  facet normal 0 0 0
    outer loop
      vertex 0.000000 1.000000 6.000000
      vertex 0.000000 0.000000 6.000000
      vertex 0.000000 0.000000 7.000000
    endloop
  endfacet
  facet normal 0 0 0
    outer loop
      vertex 0.000000 1.000000 6.000000
      vertex 0.000000 0.000000 7.000000
      vertex 0.000000 1.000000 7.000000
    endloop
  endfacet
  facet normal 0 0 0
    outer loop
      vertex 0.000000 0.000000 7.000000
      vertex 1.000000 1.000000 7.000000
      vertex 1.000000 0.000000 7.000000
    endloop
  endfacet
  facet normal 0 0 0
    outer loop
      vertex 0.000000 0.000000 7.000000
      vertex 0.000000 1.000000 7.000000
      vertex 1.000000 1.000000 7.000000
    endloop
  endfacet
  facet normal 0 0 0
    outer loop
      vertex 0.000000 0.000000 8.000000
      vertex 1.000000 0.000000 8.000000
      vertex 1.000000 1.000000 8.000000
    endloop
  endfacet
  facet normal 0 0 0
    outer loop
      vertex 0.000000 0.000000 8.000000
      vertex 1.000000 1.000000 8.000000
      vertex 0.000000 1.000000 8.000000
    endloop
  endfacet
  facet normal 0 0 0
    outer loop
      vertex 0.000000 0.000000 7.000000
      vertex 1.000000 0.000000 7.000000
      vertex 1.000000 0.000000 8.000000
    endloop
  endfacet
  facet normal 0 0 0
    outer loop
      vertex 0.000000 0.000000 7.000000
      vertex 1.000000 0.000000 8.000000
      vertex 0.000000 0.000000 8.000000
    endloop
  endfacet
  facet normal 0 0 0
    outer loop
      vertex 1.000000 1.000000 7.000000
      vertex 0.000000 1.000000 7.000000
      vertex 0.000000 1.000000 8.000000
    endloop
  endfacet
  facet normal 0 0 0
    outer loop
      vertex 1.000000 1.000000 7.000000
      vertex 0.000000 1.000000 8.000000
      vertex 1.000000 1.000000 8.000000
    endloop
  endfacet
  facet normal 0 0 0
    outer loop
      vertex 1.000000 0.000000 7.000000
      vertex 1.000000 1.000000 7.000000
      vertex 1.000000 1.000000 8.000000
    endloop
  endfacet
  facet normal 0 0 0
    outer loop
      vertex 1.000000 0.000000 7.000000
      vertex 1.000000 1.000000 8.000000
      vertex 1.000000 0.000000 8.000000
    endloop
  endfacet
  facet normal 0 0 0
    outer loop
      vertex 0.000000 1.000000 7.000000
      vertex 0.000000 0.000000 7.000000
      vertex 0.000000 0.000000 8.000000
    endloop
  endfacet
  facet normal 0 0 0
    outer loop
      vertex 0.000000 1.000000 7.000000
      vertex 0.000000 0.000000 8.000000
      vertex 0.000000 1.000000 8.000000
    endloop
  endfacet
  facet normal 0 0 0
    outer loop
      vertex 0.000000 0.000000 8.000000
      vertex 1.000000 1.000000 8.000000
      vertex 1.000000 0.000000 8.000000
    endloop
  endfacet
  facet normal 0 0 0
    outer loop
      vertex 0.000000 0.000000 8.000000
      vertex 0.000000 1.000000 8.000000
      vertex 1.000000 1.000000 8.000000
    endloop
  endfacet
  facet normal 0 0 0
    outer loop
      vertex 0.000000 0.000000 9.000000
      vertex 1.000000 0.000000 9.000000
      vertex 1.000000 1.000000 9.000000
    endloop
  endfacet
  facet normal 0 0 0
    outer loop
      vertex 0.000000 0.000000 9.000000
      vertex 1.000000 1.000000 9.000000
      vertex 0.000000 1.000000 9.000000
    endloop
  endfacet
  facet normal 0 0 0
    outer loop
      vertex 0.000000 0.000000 8.000000
      vertex 1.000000 0.000000 8.000000
      vertex 1.000000 0.000000 9.000000
    endloop
  endfacet
  facet normal 0 0 0
    outer loop
      vertex 0.000000 0.000000 8.000000
      vertex 1.000000 0.000000 9.000000
      vertex 0.000000 0.000000 9.000000
    endloop
  endfacet
  facet normal 0 0 0
    outer loop
      vertex 1.000000 1.000000 8.000000
      vertex 0.000000 1.000000 8.000000
      vertex 0.000000 1.000000 9.000000
    endloop
  endfacet
  facet normal 0 0 0
    outer loop
      vertex 1.000000 1.000000 8.000000
      vertex 0.000000 1.000000 9.000000
      vertex 1.000000 1.000000 9.000000
    endloop
  endfacet
  facet normal 0 0 0
    outer loop
      vertex 1.000000 0.000000 8.000000
      vertex 1.000000 1.000000 8.000000
      vertex 1.000000 1.000000 9.000000
    endloop
  endfacet
  facet normal 0 0 0
    outer loop
      vertex 1.000000 0.000000 8.000000
      vertex 1.000000 1.000000 9.000000
      vertex 1.000000 0.000000 9.000000
    endloop
  endfacet
  facet normal 0 0 0
    outer loop
      vertex 0.000000 1.000000 8.000000
      vertex 0.000000 0.000000 8.000000
      vertex 0.000000 0.000000 9.000000
    endloop
  endfacet
  facet normal 0 0 0
    outer loop
      vertex 0.000000 1.000000 8.000000
      vertex 0.000000 0.000000 9.000000
      vertex 0.000000 1.000000 9.000000
    endloop
  endfacet
  facet normal 0 0 0
    outer loop
      vertex 0.000000 1.000000 6.000000
      vertex 1.000000 2.000000 6.000000
      vertex 1.000000 1.000000 6.000000
    endloop
  endfacet
  facet normal 0 0 0
    outer loop
      vertex 0.000000 1.000000 6.000000
      vertex 0.000000 2.000000 6.000000
      vertex 1.000000 2.000000 6.000000
    endloop
  endfacet
  facet normal 0 0 0
    outer loop
      vertex 0.000000 1.000000 7.000000
      vertex 1.000000 1.000000 7.000000
      vertex 1.000000 2.000000 7.000000
    endloop
  endfacet
  facet normal 0 0 0
    outer loop
      vertex 0.000000 1.000000 7.000000
      vertex 1.000000 2.000000 7.000000
      vertex 0.000000 2.000000 7.000000
    endloop
  endfacet
  facet normal 0 0 0
    outer loop
      vertex 0.000000 1.000000 6.000000
      vertex 1.000000 1.000000 6.000000
      vertex 1.000000 1.000000 7.000000
    endloop
  endfacet
  facet normal 0 0 0
    outer loop
      vertex 0.000000 1.000000 6.000000
      vertex 1.000000 1.000000 7.000000
      vertex 0.000000 1.000000 7.000000
    endloop
  endfacet
  facet normal 0 0 0
    outer loop
      vertex 1.000000 2.000000 6.000000
      vertex 0.000000 2.000000 6.000000
      vertex 0.000000 2.000000 7.000000
    endloop
  endfacet
  facet normal 0 0 0
    outer loop
      vertex 1.000000 2.000000 6.000000
      vertex 0.000000 2.000000 7.000000
      vertex 1.000000 2.000000 7.000000
    endloop
  endfacet
  facet normal 0 0 0
    outer loop
      vertex 1.000000 1.000000 6.000000
      vertex 1.000000 2.000000 6.000000
      vertex 1.000000 2.000000 7.000000
    endloop
  endfacet
  facet normal 0 0 0
    outer loop
      vertex 1.000000 1.000000 6.000000
      vertex 1.000000 2.000000 7.000000
      vertex 1.000000 1.000000 7.000000
    endloop
  endfacet
  facet normal 0 0 0
    outer loop
      vertex 0.000000 2.000000 6.000000
      vertex 0.000000 1.000000 6.000000
      vertex 0.000000 1.000000 7.000000
    endloop
  endfacet
  facet normal 0 0 0
    outer loop
      vertex 0.000000 2.000000 6.000000
      vertex 0.000000 1.000000 7.000000
      vertex 0.000000 2.000000 7.000000
    endloop
  endfacet
  facet normal 0 0 0
    outer loop
      vertex 0.000000 1.000000 8.000000
      vertex 1.000000 2.000000 8.000000
      vertex 1.000000 1.000000 8.000000
    endloop
  endfacet
  facet normal 0 0 0
    outer loop
      vertex 0.000000 1.000000 8.000000
      vertex 0.000000 2.000000 8.000000
      vertex 1.000000 2.000000 8.000000
    endloop
  endfacet
  facet normal 0 0 0
    outer loop
      vertex 0.000000 1.000000 9.000000
      vertex 1.000000 1.000000 9.000000
      vertex 1.000000 2.000000 9.000000
    endloop
  endfacet
  facet normal 0 0 0
    outer loop
      vertex 0.000000 1.000000 9.000000
      vertex 1.000000 2.000000 9.000000
      vertex 0.000000 2.000000 9.000000
    endloop
  endfacet
  facet normal 0 0 0
    outer loop
      vertex 0.000000 1.000000 8.000000
      vertex 1.000000 1.000000 8.000000
      vertex 1.000000 1.000000 9.000000
    endloop
  endfacet
  facet normal 0 0 0
    outer loop
      vertex 0.000000 1.000000 8.000000
      vertex 1.000000 1.000000 9.000000
      vertex 0.000000 1.000000 9.000000
    endloop
  endfacet
  facet normal 0 0 0
    outer loop
      vertex 1.000000 2.000000 8.000000
      vertex 0.000000 2.000000 8.000000
      vertex 0.000000 2.000000 9.000000
    endloop
  endfacet
  facet normal 0 0 0
    outer loop
      vertex 1.000000 2.000000 8.000000
      vertex 0.000000 2.000000 9.000000
      vertex 1.000000 2.000000 9.000000
    endloop
  endfacet
  facet normal 0 0 0
    outer loop
      vertex 1.000000 1.000000 8.000000
      vertex 1.000000 2.000000 8.000000
      vertex 1.000000 2.000000 9.000000
    endloop
  endfacet
  facet normal 0 0 0
    outer loop
      vertex 1.000000 1.000000 8.000000
      vertex 1.000000 2.000000 9.000000
      vertex 1.000000 1.000000 9.000000
    endloop
  endfacet
  facet normal 0 0 0
    outer loop
      vertex 0.000000 2.000000 8.000000
      vertex 0.000000 1.000000 8.000000
      vertex 0.000000 1.000000 9.000000
    endloop
  endfacet
  facet normal 0 0 0
    outer loop
      vertex 0.000000 2.000000 8.000000
      vertex 0.000000 1.000000 9.000000
      vertex 0.000000 2.000000 9.000000
    endloop
  endfacet
  facet normal 0 0 0
    outer loop
      vertex 0.000000 2.000000 6.000000
      vertex 1.000000 3.000000 6.000000
      vertex 1.000000 2.000000 6.000000
    endloop
  endfacet
  facet normal 0 0 0
    outer loop
      vertex 0.000000 2.000000 6.000000
      vertex 0.000000 3.000000 6.000000
      vertex 1.000000 3.000000 6.000000
    endloop
  endfacet
  facet normal 0 0 0
    outer loop
      vertex 0.000000 2.000000 7.000000
      vertex 1.000000 2.000000 7.000000
      vertex 1.000000 3.000000 7.000000
    endloop
  endfacet
  facet normal 0 0 0
    outer loop
      vertex 0.000000 2.000000 7.000000
      vertex 1.000000 3.000000 7.000000
      vertex 0.000000 3.000000 7.000000
    endloop
  endfacet
  facet normal 0 0 0
    outer loop
      vertex 0.000000 2.000000 6.000000
      vertex 1.000000 2.000000 6.000000
      vertex 1.000000 2.000000 7.000000
    endloop
  endfacet
  facet normal 0 0 0
    outer loop
      vertex 0.000000 2.000000 6.000000
      vertex 1.000000 2.000000 7.000000
      vertex 0.000000 2.000000 7.000000
    endloop
  endfacet
  facet normal 0 0 0
    outer loop
      vertex 1.000000 3.000000 6.000000
      vertex 0.000000 3.000000 6.000000
      vertex 0.000000 3.000000 7.000000
    endloop
  endfacet
  facet normal 0 0 0
    outer loop
      vertex 1.000000 3.000000 6.000000
      vertex 0.000000 3.000000 7.000000
      vertex 1.000000 3.000000 7.000000
    endloop
  endfacet
  facet normal 0 0 0
    outer loop
      vertex 1.000000 2.000000 6.000000
      vertex 1.000000 3.000000 6.000000
      vertex 1.000000 3.000000 7.000000
    endloop
  endfacet
  facet normal 0 0 0
    outer loop
      vertex 1.000000 2.000000 6.000000
      vertex 1.000000 3.000000 7.000000
      vertex 1.000000 2.000000 7.000000
    endloop
  endfacet
  facet normal 0 0 0
    outer loop
      vertex 0.000000 3.000000 6.000000
      vertex 0.000000 2.000000 6.000000
      vertex 0.000000 2.000000 7.000000
    endloop
  endfacet
  facet normal 0 0 0
    outer loop
      vertex 0.000000 3.000000 6.000000
      vertex 0.000000 2.000000 7.000000
      vertex 0.000000 3.000000 7.000000
    endloop
  endfacet
  facet normal 0 0 0
    outer loop
      vertex 0.000000 2.000000 7.000000
      vertex 1.000000 3.000000 7.000000
      vertex 1.000000 2.000000 7.000000
    endloop
  endfacet
  facet normal 0 0 0
    outer loop
      vertex 0.000000 2.000000 7.000000
      vertex 0.000000 3.000000 7.000000
      vertex 1.000000 3.000000 7.000000
    endloop
  endfacet
  facet normal 0 0 0
    outer loop
      vertex 0.000000 2.000000 8.000000
      vertex 1.000000 2.000000 8.000000
      vertex 1.000000 3.000000 8.000000
    endloop
  endfacet
  facet normal 0 0 0
    outer loop
      vertex 0.000000 2.000000 8.000000
      vertex 1.000000 3.000000 8.000000
      vertex 0.000000 3.000000 8.000000
    endloop
  endfacet
  facet normal 0 0 0
    outer loop
      vertex 0.000000 2.000000 7.000000
      vertex 1.000000 2.000000 7.000000
      vertex 1.000000 2.000000 8.000000
    endloop
  endfacet
  facet normal 0 0 0
    outer loop
      vertex 0.000000 2.000000 7.000000
      vertex 1.000000 2.000000 8.000000
      vertex 0.000000 2.000000 8.000000
    endloop
  endfacet
  facet normal 0 0 0
    outer loop
      vertex 1.000000 3.000000 7.000000
      vertex 0.000000 3.000000 7.000000
      vertex 0.000000 3.000000 8.000000
    endloop
  endfacet
  facet normal 0 0 0
    outer loop
      vertex 1.000000 3.000000 7.000000
      vertex 0.000000 3.000000 8.000000
      vertex 1.000000 3.000000 8.000000
    endloop
  endfacet
  facet normal 0 0 0
    outer loop
      vertex 1.000000 2.000000 7.000000
      vertex 1.000000 3.000000 7.000000
      vertex 1.000000 3.000000 8.000000
    endloop
  endfacet
  facet normal 0 0 0
    outer loop
      vertex 1.000000 2.000000 7.000000
      vertex 1.000000 3.000000 8.000000
      vertex 1.000000 2.000000 8.000000
    endloop
  endfacet
  facet normal 0 0 0
    outer loop
      vertex 0.000000 3.000000 7.000000
      vertex 0.000000 2.000000 7.000000
      vertex 0.000000 2.000000 8.000000
    endloop
  endfacet
  facet normal 0 0 0
    outer loop
      vertex 0.000000 3.000000 7.000000
      vertex 0.000000 2.000000 8.000000
      vertex 0.000000 3.000000 8.000000
    endloop
  endfacet
  facet normal 0 0 0
    outer loop
      vertex 0.000000 2.000000 8.000000
      vertex 1.000000 3.000000 8.000000
      vertex 1.000000 2.000000 8.000000
    endloop
  endfacet
  facet normal 0 0 0
    outer loop
      vertex 0.000000 2.000000 8.000000
      vertex 0.000000 3.000000 8.000000
      vertex 1.000000 3.000000 8.000000
    endloop
  endfacet
  facet normal 0 0 0
    outer loop
      vertex 0.000000 2.000000 9.000000
      vertex 1.000000 2.000000 9.000000
      vertex 1.000000 3.000000 9.000000
    endloop
  endfacet
  facet normal 0 0 0
    outer loop
      vertex 0.000000 2.000000 9.000000
      vertex 1.000000 3.000000 9.000000
      vertex 0.000000 3.000000 9.000000
    endloop
  endfacet
  facet normal 0 0 0
    outer loop
      vertex 0.000000 2.000000 8.000000
      vertex 1.000000 2.000000 8.000000
      vertex 1.000000 2.000000 9.000000
    endloop
  endfacet
  facet normal 0 0 0
    outer loop
      vertex 0.000000 2.000000 8.000000
      vertex 1.000000 2.000000 9.000000
      vertex 0.000000 2.000000 9.000000
    endloop
  endfacet
  facet normal 0 0 0
    outer loop
      vertex 1.000000 3.000000 8.000000
      vertex 0.000000 3.000000 8.000000
      vertex 0.000000 3.000000 9.000000
    endloop
  endfacet
  facet normal 0 0 0
    outer loop
      vertex 1.000000 3.000000 8.000000
      vertex 0.000000 3.000000 9.000000
      vertex 1.000000 3.000000 9.000000
    endloop
  endfacet
  facet normal 0 0 0
    outer loop
      vertex 1.000000 2.000000 8.000000
      vertex 1.000000 3.000000 8.000000
      vertex 1.000000 3.000000 9.000000
    endloop
  endfacet
  facet normal 0 0 0
    outer loop
      vertex 1.000000 2.000000 8.000000
      vertex 1.000000 3.000000 9.000000
      vertex 1.000000 2.000000 9.000000
    endloop
  endfacet
  facet normal 0 0 0
    outer loop
      vertex 0.000000 3.000000 8.000000
      vertex 0.000000 2.000000 8.000000
      vertex 0.000000 2.000000 9.000000
    endloop
  endfacet
  facet normal 0 0 0
    outer loop
      vertex 0.000000 3.000000 8.000000
      vertex 0.000000 2.000000 9.000000
      vertex 0.000000 3.000000 9.000000
    endloop
  endfacet
  facet normal 0 0 0
    outer loop
      vertex 1.000000 0.000000 6.000000
      vertex 2.000000 1.000000 6.000000
      vertex 2.000000 0.000000 6.000000
    endloop
  endfacet
  facet normal 0 0 0
    outer loop
      vertex 1.000000 0.000000 6.000000
      vertex 1.000000 1.000000 6.000000
      vertex 2.000000 1.000000 6.000000
    endloop
  endfacet
  facet normal 0 0 0
    outer loop
      vertex 1.000000 0.000000 7.000000
      vertex 2.000000 0.000000 7.000000
      vertex 2.000000 1.000000 7.000000
    endloop
  endfacet
  facet normal 0 0 0
    outer loop
      vertex 1.000000 0.000000 7.000000
      vertex 2.000000 1.000000 7.000000
      vertex 1.000000 1.000000 7.000000
    endloop
  endfacet
  facet normal 0 0 0
    outer loop
      vertex 1.000000 0.000000 6.000000
      vertex 2.000000 0.000000 6.000000
      vertex 2.000000 0.000000 7.000000
    endloop
  endfacet
  facet normal 0 0 0
    outer loop
      vertex 1.000000 0.000000 6.000000
      vertex 2.000000 0.000000 7.000000
      vertex 1.000000 0.000000 7.000000
    endloop
  endfacet
  facet normal 0 0 0
    outer loop
      vertex 2.000000 1.000000 6.000000
      vertex 1.000000 1.000000 6.000000
      vertex 1.000000 1.000000 7.000000
    endloop
  endfacet
  facet normal 0 0 0
    outer loop
      vertex 2.000000 1.000000 6.000000
      vertex 1.000000 1.000000 7.000000
      vertex 2.000000 1.000000 7.000000
    endloop
  endfacet
  facet normal 0 0 0
    outer loop
      vertex 2.000000 0.000000 6.000000
      vertex 2.000000 1.000000 6.000000
      vertex 2.000000 1.000000 7.000000
    endloop
  endfacet
  facet normal 0 0 0
    outer loop
      vertex 2.000000 0.000000 6.000000
      vertex 2.000000 1.000000 7.000000
      vertex 2.000000 0.000000 7.000000
    endloop
  endfacet
  facet normal 0 0 0
    outer loop
      vertex 1.000000 1.000000 6.000000
      vertex 1.000000 0.000000 6.000000
      vertex 1.000000 0.000000 7.000000
    endloop
  endfacet
  facet normal 0 0 0
    outer loop
      vertex 1.000000 1.000000 6.000000
      vertex 1.000000 0.000000 7.000000
      vertex 1.000000 1.000000 7.000000
    endloop
  endfacet
  facet normal 0 0 0
    outer loop
      vertex 1.000000 0.000000 8.000000
      vertex 2.000000 1.000000 8.000000
      vertex 2.000000 0.000000 8.000000
    endloop
  endfacet
  facet normal 0 0 0
    outer loop
      vertex 1.000000 0.000000 8.000000
      vertex 1.000000 1.000000 8.000000
      vertex 2.000000 1.000000 8.000000
    endloop
  endfacet
  facet normal 0 0 0
    outer loop
      vertex 1.000000 0.000000 9.000000
      vertex 2.000000 0.000000 9.000000
      vertex 2.000000 1.000000 9.000000
    endloop
  endfacet
  facet normal 0 0 0
    outer loop
      vertex 1.000000 0.000000 9.000000
      vertex 2.000000 1.000000 9.000000
      vertex 1.000000 1.000000 9.000000
    endloop
  endfacet
  facet normal 0 0 0
    outer loop
      vertex 1.000000 0.000000 8.000000
      vertex 2.000000 0.000000 8.000000
      vertex 2.000000 0.000000 9.000000
    endloop
  endfacet
  facet normal 0 0 0
    outer loop
      vertex 1.000000 0.000000 8.000000
      vertex 2.000000 0.000000 9.000000
      vertex 1.000000 0.000000 9.000000
    endloop
  endfacet
  facet normal 0 0 0
    outer loop
      vertex 2.000000 1.000000 8.000000
      vertex 1.000000 1.000000 8.000000
      vertex 1.000000 1.000000 9.000000
    endloop
  endfacet
  facet normal 0 0 0
    outer loop
      vertex 2.000000 1.000000 8.000000
      vertex 1.000000 1.000000 9.000000
      vertex 2.000000 1.000000 9.000000
    endloop
  endfacet
  facet normal 0 0 0
    outer loop
      vertex 2.000000 0.000000 8.000000
      vertex 2.000000 1.000000 8.000000
      vertex 2.000000 1.000000 9.000000
    endloop
  endfacet
  facet normal 0 0 0
    outer loop
      vertex 2.000000 0.000000 8.000000
      vertex 2.000000 1.000000 9.000000
      vertex 2.000000 0.000000 9.000000
    endloop
  endfacet
  facet normal 0 0 0
    outer loop
      vertex 1.000000 1.000000 8.000000
      vertex 1.000000 0.000000 8.000000
      vertex 1.000000 0.000000 9.000000
    endloop
  endfacet
  facet normal 0 0 0
    outer loop
      vertex 1.000000 1.000000 8.000000
      vertex 1.000000 0.000000 9.000000
      vertex 1.000000 1.000000 9.000000
    endloop
  endfacet
  facet normal 0 0 0
    outer loop
      vertex 1.000000 2.000000 6.000000
      vertex 2.000000 3.000000 6.000000
      vertex 2.000000 2.000000 6.000000
    endloop
  endfacet
  facet normal 0 0 0
    outer loop
      vertex 1.000000 2.000000 6.000000
      vertex 1.000000 3.000000 6.000000
      vertex 2.000000 3.000000 6.000000
    endloop
  endfacet
  facet normal 0 0 0
    outer loop
      vertex 1.000000 2.000000 7.000000
      vertex 2.000000 2.000000 7.000000
      vertex 2.000000 3.000000 7.000000
    endloop
  endfacet
  facet normal 0 0 0
    outer loop
      vertex 1.000000 2.000000 7.000000
      vertex 2.000000 3.000000 7.000000
      vertex 1.000000 3.000000 7.000000
    endloop
  endfacet
  facet normal 0 0 0
    outer loop
      vertex 1.000000 2.000000 6.000000
      vertex 2.000000 2.000000 6.000000
      vertex 2.000000 2.000000 7.000000
    endloop
  endfacet
  facet normal 0 0 0
    outer loop
      vertex 1.000000 2.000000 6.000000
      vertex 2.000000 2.000000 7.000000
      vertex 1.000000 2.000000 7.000000
    endloop
  endfacet
  facet normal 0 0 0
    outer loop
      vertex 2.000000 3.000000 6.000000
      vertex 1.000000 3.000000 6.000000
      vertex 1.000000 3.000000 7.000000
    endloop
  endfacet
  facet normal 0 0 0
    outer loop
      vertex 2.000000 3.000000 6.000000
      vertex 1.000000 3.000000 7.000000
      vertex 2.000000 3.000000 7.000000
    endloop
  endfacet
  facet normal 0 0 0
    outer loop
      vertex 2.000000 2.000000 6.000000
      vertex 2.000000 3.000000 6.000000
      vertex 2.000000 3.000000 7.000000
    endloop
  endfacet
  facet normal 0 0 0
    outer loop
      vertex 2.000000 2.000000 6.000000
      vertex 2.000000 3.000000 7.000000
      vertex 2.000000 2.000000 7.000000
    endloop
  endfacet
  facet normal 0 0 0
    outer loop
      vertex 1.000000 3.000000 6.000000
      vertex 1.000000 2.000000 6.000000
      vertex 1.000000 2.000000 7.000000
    endloop
  endfacet
  facet normal 0 0 0
    outer loop
      vertex 1.000000 3.000000 6.000000
      vertex 1.000000 2.000000 7.000000
      vertex 1.000000 3.000000 7.000000
    endloop
  endfacet
  facet normal 0 0 0
    outer loop
      vertex 1.000000 2.000000 8.000000
      vertex 2.000000 3.000000 8.000000
      vertex 2.000000 2.000000 8.000000
    endloop
  endfacet
  facet normal 0 0 0
    outer loop
      vertex 1.000000 2.000000 8.000000
      vertex 1.000000 3.000000 8.000000
      vertex 2.000000 3.000000 8.000000
    endloop
  endfacet
  facet normal 0 0 0
    outer loop
      vertex 1.000000 2.000000 9.000000
      vertex 2.000000 2.000000 9.000000
      vertex 2.000000 3.000000 9.000000
    endloop
  endfacet
  facet normal 0 0 0
    outer loop
      vertex 1.000000 2.000000 9.000000
      vertex 2.000000 3.000000 9.000000
      vertex 1.000000 3.000000 9.000000
    endloop
  endfacet
  facet normal 0 0 0
    outer loop
      vertex 1.000000 2.000000 8.000000
      vertex 2.000000 2.000000 8.000000
      vertex 2.000000 2.000000 9.000000
    endloop
  endfacet
  facet normal 0 0 0
    outer loop
      vertex 1.000000 2.000000 8.000000
      vertex 2.000000 2.000000 9.000000
      vertex 1.000000 2.000000 9.000000
    endloop
  endfacet
  facet normal 0 0 0
    outer loop
      vertex 2.000000 3.000000 8.000000
      vertex 1.000000 3.000000 8.000000
      vertex 1.000000 3.000000 9.000000
    endloop
  endfacet
  facet normal 0 0 0
    outer loop
      vertex 2.000000 3.000000 8.000000
      vertex 1.000000 3.000000 9.000000
      vertex 2.000000 3.000000 9.000000
    endloop
  endfacet
  facet normal 0 0 0
    outer loop
      vertex 2.000000 2.000000 8.000000
      vertex 2.000000 3.000000 8.000000
      vertex 2.000000 3.000000 9.000000
    endloop
  endfacet
  facet normal 0 0 0
    outer loop
      vertex 2.000000 2.000000 8.000000
      vertex 2.000000 3.000000 9.000000
      vertex 2.000000 2.000000 9.000000
    endloop
  endfacet
  facet normal 0 0 0
    outer loop
      vertex 1.000000 3.000000 8.000000
      vertex 1.000000 2.000000 8.000000
      vertex 1.000000 2.000000 9.000000
    endloop
  endfacet
  facet normal 0 0 0
    outer loop
      vertex 1.000000 3.000000 8.000000
      vertex 1.000000 2.000000 9.000000
      vertex 1.000000 3.000000 9.000000
    endloop
  endfacet
  facet normal 0 0 0
    outer loop
      vertex 2.000000 0.000000 6.000000
      vertex 3.000000 1.000000 6.000000
      vertex 3.000000 0.000000 6.000000
    endloop
  endfacet
  facet normal 0 0 0
    outer loop
      vertex 2.000000 0.000000 6.000000
      vertex 2.000000 1.000000 6.000000
      vertex 3.000000 1.000000 6.000000
    endloop
  endfacet
  facet normal 0 0 0
    outer loop
      vertex 2.000000 0.000000 7.000000
      vertex 3.000000 0.000000 7.000000
      vertex 3.000000 1.000000 7.000000
    endloop
  endfacet
  facet normal 0 0 0
    outer loop
      vertex 2.000000 0.000000 7.000000
      vertex 3.000000 1.000000 7.000000
      vertex 2.000000 1.000000 7.000000
    endloop
  endfacet
  facet normal 0 0 0
    outer loop
      vertex 2.000000 0.000000 6.000000
      vertex 3.000000 0.000000 6.000000
      vertex 3.000000 0.000000 7.000000
    endloop
  endfacet
  facet normal 0 0 0
    outer loop
      vertex 2.000000 0.000000 6.000000
      vertex 3.000000 0.000000 7.000000
      vertex 2.000000 0.000000 7.000000
    endloop
  endfacet
  facet normal 0 0 0
    outer loop
      vertex 3.000000 1.000000 6.000000
      vertex 2.000000 1.000000 6.000000
      vertex 2.000000 1.000000 7.000000
    endloop
  endfacet
  facet normal 0 0 0
    outer loop
      vertex 3.000000 1.000000 6.000000
      vertex 2.000000 1.000000 7.000000
      vertex 3.000000 1.000000 7.000000
    endloop
  endfacet
  facet normal 0 0 0
    outer loop
      vertex 3.000000 0.000000 6.000000
      vertex 3.000000 1.000000 6.000000
      vertex 3.000000 1.000000 7.000000
    endloop
  endfacet
  facet normal 0 0 0
    outer loop
      vertex 3.000000 0.000000 6.000000
      vertex 3.000000 1.000000 7.000000
      vertex 3.000000 0.000000 7.000000
    endloop
  endfacet
  facet normal 0 0 0
    outer loop
      vertex 2.000000 1.000000 6.000000
      vertex 2.000000 0.000000 6.000000
      vertex 2.000000 0.000000 7.000000
    endloop
  endfacet
  facet normal 0 0 0
    outer loop
      vertex 2.000000 1.000000 6.000000
      vertex 2.000000 0.000000 7.000000
      vertex 2.000000 1.000000 7.000000
    endloop
  endfacet
  facet normal 0 0 0
    outer loop
      vertex 2.000000 0.000000 7.000000
      vertex 3.000000 1.000000 7.000000
      vertex 3.000000 0.000000 7.000000
    endloop
  endfacet
  facet normal 0 0 0
    outer loop
      vertex 2.000000 0.000000 7.000000
      vertex 2.000000 1.000000 7.000000
      vertex 3.000000 1.000000 7.000000
    endloop
  endfacet
  facet normal 0 0 0
    outer loop
      vertex 2.000000 0.000000 8.000000
      vertex 3.000000 0.000000 8.000000
      vertex 3.000000 1.000000 8.000000
    endloop
  endfacet
  facet normal 0 0 0
    outer loop
      vertex 2.000000 0.000000 8.000000
      vertex 3.000000 1.000000 8.000000
      vertex 2.000000 1.000000 8.000000
    endloop
  endfacet
  facet normal 0 0 0
    outer loop
      vertex 2.000000 0.000000 7.000000
      vertex 3.000000 0.000000 7.000000
      vertex 3.000000 0.000000 8.000000
    endloop
  endfacet
  facet normal 0 0 0
    outer loop
      vertex 2.000000 0.000000 7.000000
      vertex 3.000000 0.000000 8.000000
      vertex 2.000000 0.000000 8.000000
    endloop
  endfacet
  facet normal 0 0 0
    outer loop
      vertex 3.000000 1.000000 7.000000
      vertex 2.000000 1.000000 7.000000
      vertex 2.000000 1.000000 8.000000
    endloop
  endfacet
  facet normal 0 0 0
    outer loop
      vertex 3.000000 1.000000 7.000000
      vertex 2.000000 1.000000 8.000000
      vertex 3.000000 1.000000 8.000000
    endloop
  endfacet
  facet normal 0 0 0
    outer loop
      vertex 3.000000 0.000000 7.000000
      vertex 3.000000 1.000000 7.000000
      vertex 3.000000 1.000000 8.000000
    endloop
  endfacet
  facet normal 0 0 0
    outer loop
      vertex 3.000000 0.000000 7.000000
      vertex 3.000000 1.000000 8.000000
      vertex 3.000000 0.000000 8.000000
    endloop
  endfacet
  facet normal 0 0 0
    outer loop
      vertex 2.000000 1.000000 7.000000
      vertex 2.000000 0.000000 7.000000
      vertex 2.000000 0.000000 8.000000
    endloop
  endfacet
  facet normal 0 0 0
    outer loop
      vertex 2.000000 1.000000 7.000000
      vertex 2.000000 0.000000 8.000000
      vertex 2.000000 1.000000 8.000000
    endloop
  endfacet
  facet normal 0 0 0
    outer loop
      vertex 2.000000 0.000000 8.000000
      vertex 3.000000 1.000000 8.000000
      vertex 3.000000 0.000000 8.000000
    endloop
  endfacet
  facet normal 0 0 0
    outer loop
      vertex 2.000000 0.000000 8.000000
      vertex 2.000000 1.000000 8.000000
      vertex 3.000000 1.000000 8.000000
    endloop
  endfacet
  facet normal 0 0 0
    outer loop
      vertex 2.000000 0.000000 9.000000
      vertex 3.000000 0.000000 9.000000
      vertex 3.000000 1.000000 9.000000
    endloop
  endfacet
  facet normal 0 0 0
    outer loop
      vertex 2.000000 0.000000 9.000000
      vertex 3.000000 1.000000 9.000000
      vertex 2.000000 1.000000 9.000000
    endloop
  endfacet
  facet normal 0 0 0
    outer loop
      vertex 2.000000 0.000000 8.000000
      vertex 3.000000 0.000000 8.000000
      vertex 3.000000 0.000000 9.000000
    endloop
  endfacet
  facet normal 0 0 0
    outer loop
      vertex 2.000000 0.000000 8.000000
      vertex 3.000000 0.000000 9.000000
      vertex 2.000000 0.000000 9.000000
    endloop
  endfacet
  facet normal 0 0 0
    outer loop
      vertex 3.000000 1.000000 8.000000
      vertex 2.000000 1.000000 8.000000
      vertex 2.000000 1.000000 9.000000
    endloop
  endfacet
  facet normal 0 0 0
    outer loop
      vertex 3.000000 1.000000 8.000000
      vertex 2.000000 1.000000 9.000000
      vertex 3.000000 1.000000 9.000000
    endloop
  endfacet
  facet normal 0 0 0
    outer loop
      vertex 3.000000 0.000000 8.000000
      vertex 3.000000 1.000000 8.000000
      vertex 3.000000 1.000000 9.000000
    endloop
  endfacet
  facet normal 0 0 0
    outer loop
      vertex 3.000000 0.000000 8.000000
      vertex 3.000000 1.000000 9.000000
      vertex 3.000000 0.000000 9.000000
    endloop
  endfacet
  facet normal 0 0 0
    outer loop
      vertex 2.000000 1.000000 8.000000
      vertex 2.000000 0.000000 8.000000
      vertex 2.000000 0.000000 9.000000
    endloop
  endfacet
  facet normal 0 0 0
    outer loop
      vertex 2.000000 1.000000 8.000000
      vertex 2.000000 0.000000 9.000000
      vertex 2.000000 1.000000 9.000000
    endloop
  endfacet
  facet normal 0 0 0
    outer loop
      vertex 2.000000 1.000000 6.000000
      vertex 3.000000 2.000000 6.000000
      vertex 3.000000 1.000000 6.000000
    endloop
  endfacet
  facet normal 0 0 0
    outer loop
      vertex 2.000000 1.000000 6.000000
      vertex 2.000000 2.000000 6.000000
      vertex 3.000000 2.000000 6.000000
    endloop
  endfacet
  facet normal 0 0 0
    outer loop
      vertex 2.000000 1.000000 7.000000
      vertex 3.000000 1.000000 7.000000
      vertex 3.000000 2.000000 7.000000
    endloop
  endfacet
  facet normal 0 0 0
    outer loop
      vertex 2.000000 1.000000 7.000000
      vertex 3.000000 2.000000 7.000000
      vertex 2.000000 2.000000 7.000000
    endloop
  endfacet
  facet normal 0 0 0
    outer loop
      vertex 2.000000 1.000000 6.000000
      vertex 3.000000 1.000000 6.000000
      vertex 3.000000 1.000000 7.000000
    endloop
  endfacet
  facet normal 0 0 0
    outer loop
      vertex 2.000000 1.000000 6.000000
      vertex 3.000000 1.000000 7.000000
      vertex 2.000000 1.000000 7.000000
    endloop
  endfacet
  facet normal 0 0 0
    outer loop
      vertex 3.000000 2.000000 6.000000
      vertex 2.000000 2.000000 6.000000
      vertex 2.000000 2.000000 7.000000
    endloop
  endfacet
  facet normal 0 0 0
    outer loop
      vertex 3.000000 2.000000 6.000000
      vertex 2.000000 2.000000 7.000000
      vertex 3.000000 2.000000 7.000000
    endloop
  endfacet
  facet normal 0 0 0
    outer loop
      vertex 3.000000 1.000000 6.000000
      vertex 3.000000 2.000000 6.000000
      vertex 3.000000 2.000000 7.000000
    endloop
  endfacet
  facet normal 0 0 0
    outer loop
      vertex 3.000000 1.000000 6.000000
      vertex 3.000000 2.000000 7.000000
      vertex 3.000000 1.000000 7.000000
    endloop
  endfacet
  facet normal 0 0 0
    outer loop
      vertex 2.000000 2.000000 6.000000
      vertex 2.000000 1.000000 6.000000
      vertex 2.000000 1.000000 7.000000
    endloop
  endfacet
  facet normal 0 0 0
    outer loop
      vertex 2.000000 2.000000 6.000000
      vertex 2.000000 1.000000 7.000000
      vertex 2.000000 2.000000 7.000000
    endloop
  endfacet
  facet normal 0 0 0
    outer loop
      vertex 2.000000 1.000000 8.000000
      vertex 3.000000 2.000000 8.000000
      vertex 3.000000 1.000000 8.000000
    endloop
  endfacet
  facet normal 0 0 0
    outer loop
      vertex 2.000000 1.000000 8.000000
      vertex 2.000000 2.000000 8.000000
      vertex 3.000000 2.000000 8.000000
    endloop
  endfacet
  facet normal 0 0 0
    outer loop
      vertex 2.000000 1.000000 9.000000
      vertex 3.000000 1.000000 9.000000
      vertex 3.000000 2.000000 9.000000
    endloop
  endfacet
  facet normal 0 0 0
    outer loop
      vertex 2.000000 1.000000 9.000000
      vertex 3.000000 2.000000 9.000000
      vertex 2.000000 2.000000 9.000000
    endloop
  endfacet
  facet normal 0 0 0
    outer loop
      vertex 2.000000 1.000000 8.000000
      vertex 3.000000 1.000000 8.000000
      vertex 3.000000 1.000000 9.000000
    endloop
  endfacet
  facet normal 0 0 0
    outer loop
      vertex 2.000000 1.000000 8.000000
      vertex 3.000000 1.000000 9.000000
      vertex 2.000000 1.000000 9.000000
    endloop
  endfacet
  facet normal 0 0 0
    outer loop
      vertex 3.000000 2.000000 8.000000
      vertex 2.000000 2.000000 8.000000
      vertex 2.000000 2.000000 9.000000
    endloop
  endfacet
  facet normal 0 0 0
    outer loop
      vertex 3.000000 2.000000 8.000000
      vertex 2.000000 2.000000 9.000000
      vertex 3.000000 2.000000 9.000000
    endloop
  endfacet
  facet normal 0 0 0
    outer loop
      vertex 3.000000 1.000000 8.000000
      vertex 3.000000 2.000000 8.000000
      vertex 3.000000 2.000000 9.000000
    endloop
  endfacet
  facet normal 0 0 0
    outer loop
      vertex 3.000000 1.000000 8.000000
      vertex 3.000000 2.000000 9.000000
      vertex 3.000000 1.000000 9.000000
    endloop
  endfacet
  facet normal 0 0 0
    outer loop
      vertex 2.000000 2.000000 8.000000
      vertex 2.000000 1.000000 8.000000
      vertex 2.000000 1.000000 9.000000
    endloop
  endfacet
  facet normal 0 0 0
    outer loop
      vertex 2.000000 2.000000 8.000000
      vertex 2.000000 1.000000 9.000000
      vertex 2.000000 2.000000 9.000000
    endloop
  endfacet
  facet normal 0 0 0
    outer loop
      vertex 2.000000 2.000000 6.000000
      vertex 3.000000 3.000000 6.000000
      vertex 3.000000 2.000000 6.000000
    endloop
  endfacet
  facet normal 0 0 0
    outer loop
      vertex 2.000000 2.000000 6.000000
      vertex 2.000000 3.000000 6.000000
      vertex 3.000000 3.000000 6.000000
    endloop
  endfacet
  facet normal 0 0 0
    outer loop
      vertex 2.000000 2.000000 7.000000
      vertex 3.000000 2.000000 7.000000
      vertex 3.000000 3.000000 7.000000
    endloop
  endfacet
  facet normal 0 0 0
    outer loop
      vertex 2.000000 2.000000 7.000000
      vertex 3.000000 3.000000 7.000000
      vertex 2.000000 3.000000 7.000000
    endloop
  endfacet
  facet normal 0 0 0
    outer loop
      vertex 2.000000 2.000000 6.000000
      vertex 3.000000 2.000000 6.000000
      vertex 3.000000 2.000000 7.000000
    endloop
  endfacet
  facet normal 0 0 0
    outer loop
      vertex 2.000000 2.000000 6.000000
      vertex 3.000000 2.000000 7.000000
      vertex 2.000000 2.000000 7.000000
    endloop
  endfacet
  facet normal 0 0 0
    outer loop
      vertex 3.000000 3.000000 6.000000
      vertex 2.000000 3.000000 6.000000
      vertex 2.000000 3.000000 7.000000
    endloop
  endfacet
  facet normal 0 0 0
    outer loop
      vertex 3.000000 3.000000 6.000000
      vertex 2.000000 3.000000 7.000000
      vertex 3.000000 3.000000 7.000000
    endloop
  endfacet
  facet normal 0 0 0
    outer loop
      vertex 3.000000 2.000000 6.000000
      vertex 3.000000 3.000000 6.000000
      vertex 3.000000 3.000000 7.000000
    endloop
  endfacet
  facet normal 0 0 0
    outer loop
      vertex 3.000000 2.000000 6.000000
      vertex 3.000000 3.000000 7.000000
      vertex 3.000000 2.000000 7.000000
    endloop
  endfacet
  facet normal 0 0 0
    outer loop
      vertex 2.000000 3.000000 6.000000
      vertex 2.000000 2.000000 6.000000
      vertex 2.000000 2.000000 7.000000
    endloop
  endfacet
  facet normal 0 0 0
    outer loop
      vertex 2.000000 3.000000 6.000000
      vertex 2.000000 2.000000 7.000000
      vertex 2.000000 3.000000 7.000000
    endloop
  endfacet
  facet normal 0 0 0
    outer loop
      vertex 2.000000 2.000000 7.000000
      vertex 3.000000 3.000000 7.000000
      vertex 3.000000 2.000000 7.000000
    endloop
  endfacet
  facet normal 0 0 0
    outer loop
      vertex 2.000000 2.000000 7.000000
      vertex 2.000000 3.000000 7.000000
      vertex 3.000000 3.000000 7.000000
    endloop
  endfacet
  facet normal 0 0 0
    outer loop
      vertex 2.000000 2.000000 8.000000
      vertex 3.000000 2.000000 8.000000
      vertex 3.000000 3.000000 8.000000
    endloop
  endfacet
  facet normal 0 0 0
    outer loop
      vertex 2.000000 2.000000 8.000000
      vertex 3.000000 3.000000 8.000000
      vertex 2.000000 3.000000 8.000000
    endloop
  endfacet
  facet normal 0 0 0
    outer loop
      vertex 2.000000 2.000000 7.000000
      vertex 3.000000 2.000000 7.000000
      vertex 3.000000 2.000000 8.000000
    endloop
  endfacet
  facet normal 0 0 0
    outer loop
      vertex 2.000000 2.000000 7.000000
      vertex 3.000000 2.000000 8.000000
      vertex 2.000000 2.000000 8.000000
    endloop
  endfacet
  facet normal 0 0 0
    outer loop
      vertex 3.000000 3.000000 7.000000
      vertex 2.000000 3.000000 7.000000
      vertex 2.000000 3.000000 8.000000
    endloop
  endfacet
  facet normal 0 0 0
    outer loop
      vertex 3.000000 3.000000 7.000000
      vertex 2.000000 3.000000 8.000000
      vertex 3.000000 3.000000 8.000000
    endloop
  endfacet
  facet normal 0 0 0
    outer loop
      vertex 3.000000 2.000000 7.000000
      vertex 3.000000 3.000000 7.000000
      vertex 3.000000 3.000000 8.000000
    endloop
  endfacet
  facet normal 0 0 0
    outer loop
      vertex 3.000000 2.000000 7.000000
      vertex 3.000000 3.000000 8.000000
      vertex 3.000000 2.000000 8.000000
    endloop
  endfacet
  facet normal 0 0 0
    outer loop
      vertex 2.000000 3.000000 7.000000
      vertex 2.000000 2.000000 7.000000
      vertex 2.000000 2.000000 8.000000
    endloop
  endfacet
  facet normal 0 0 0
    outer loop
      vertex 2.000000 3.000000 7.000000
      vertex 2.000000 2.000000 8.000000
      vertex 2.000000 3.000000 8.000000
    endloop
  endfacet
  facet normal 0 0 0
    outer loop
      vertex 2.000000 2.000000 8.000000
      vertex 3.000000 3.000000 8.000000
      vertex 3.000000 2.000000 8.000000
    endloop
  endfacet
  facet normal 0 0 0
    outer loop
      vertex 2.000000 2.000000 8.000000
      vertex 2.000000 3.000000 8.000000
      vertex 3.000000 3.000000 8.000000
    endloop
  endfacet
  facet normal 0 0 0
    outer loop
      vertex 2.000000 2.000000 9.000000
      vertex 3.000000 2.000000 9.000000
      vertex 3.000000 3.000000 9.000000
    endloop
  endfacet
  facet normal 0 0 0
    outer loop
      vertex 2.000000 2.000000 9.000000
      vertex 3.000000 3.000000 9.000000
      vertex 2.000000 3.000000 9.000000
    endloop
  endfacet
  facet normal 0 0 0
    outer loop
      vertex 2.000000 2.000000 8.000000
      vertex 3.000000 2.000000 8.000000
      vertex 3.000000 2.000000 9.000000
    endloop
  endfacet
  facet normal 0 0 0
    outer loop
      vertex 2.000000 2.000000 8.000000
      vertex 3.000000 2.000000 9.000000
      vertex 2.000000 2.000000 9.000000
    endloop
  endfacet
  facet normal 0 0 0
    outer loop
      vertex 3.000000 3.000000 8.000000
      vertex 2.000000 3.000000 8.000000
      vertex 2.000000 3.000000 9.000000
    endloop
  endfacet
  facet normal 0 0 0
    outer loop
      vertex 3.000000 3.000000 8.000000
      vertex 2.000000 3.000000 9.000000
      vertex 3.000000 3.000000 9.000000
    endloop
  endfacet
  facet normal 0 0 0
    outer loop
      vertex 3.000000 2.000000 8.000000
      vertex 3.000000 3.000000 8.000000
      vertex 3.000000 3.000000 9.000000
    endloop
  endfacet
  facet normal 0 0 0
    outer loop
      vertex 3.000000 2.000000 8.000000
      vertex 3.000000 3.000000 9.000000
      vertex 3.000000 2.000000 9.000000
    endloop
  endfacet
  facet normal 0 0 0
    outer loop
      vertex 2.000000 3.000000 8.000000
      vertex 2.000000 2.000000 8.000000
      vertex 2.000000 2.000000 9.000000
    endloop
  endfacet
  facet normal 0 0 0
    outer loop
      vertex 2.000000 3.000000 8.000000
      vertex 2.000000 2.000000 9.000000
      vertex 2.000000 3.000000 9.000000
    endloop
  endfacet
  facet normal 0 0 0
    outer loop
      vertex 0.000000 3.000000 0.000000
      vertex 1.000000 4.000000 0.000000
      vertex 1.000000 3.000000 0.000000
    endloop
  endfacet
  facet normal 0 0 0
    outer loop
      vertex 0.000000 3.000000 0.000000
      vertex 0.000000 4.000000 0.000000
      vertex 1.000000 4.000000 0.000000
    endloop
  endfacet
  facet normal 0 0 0
    outer loop
      vertex 0.000000 3.000000 1.000000
      vertex 1.000000 3.000000 1.000000
      vertex 1.000000 4.000000 1.000000
    endloop
  endfacet
  facet normal 0 0 0
    outer loop
      vertex 0.000000 3.000000 1.000000
      vertex 1.000000 4.000000 1.000000
      vertex 0.000000 4.000000 1.000000
    endloop
  endfacet
  facet normal 0 0 0
    outer loop
      vertex 0.000000 3.000000 0.000000
      vertex 1.000000 3.000000 0.000000
      vertex 1.000000 3.000000 1.000000
    endloop
  endfacet
  facet normal 0 0 0
    outer loop
      vertex 0.000000 3.000000 0.000000
      vertex 1.000000 3.000000 1.000000
      vertex 0.000000 3.000000 1.000000
    endloop
  endfacet
  facet normal 0 0 0
    outer loop
      vertex 1.000000 4.000000 0.000000
      vertex 0.000000 4.000000 0.000000
      vertex 0.000000 4.000000 1.000000
    endloop
  endfacet
  facet normal 0 0 0
    outer loop
      vertex 1.000000 4.000000 0.000000
      vertex 0.000000 4.000000 1.000000
      vertex 1.000000 4.000000 1.000000
    endloop
  endfacet
  facet normal 0 0 0
    outer loop
      vertex 1.000000 3.000000 0.000000
      vertex 1.000000 4.000000 0.000000
      vertex 1.000000 4.000000 1.000000
    endloop
  endfacet
  facet normal 0 0 0
    outer loop
      vertex 1.000000 3.000000 0.000000
      vertex 1.000000 4.000000 1.000000
      vertex 1.000000 3.000000 1.000000
    endloop
  endfacet
  facet normal 0 0 0
    outer loop
      vertex 0.000000 4.000000 0.000000
      vertex 0.000000 3.000000 0.000000
      vertex 0.000000 3.000000 1.000000
    endloop
  endfacet
  facet normal 0 0 0
    outer loop
      vertex 0.000000 4.000000 0.000000
      vertex 0.000000 3.000000 1.000000
      vertex 0.000000 4.000000 1.000000
    endloop
  endfacet
  facet normal 0 0 0
    outer loop
      vertex 0.000000 3.000000 1.000000
      vertex 1.000000 4.000000 1.000000
      vertex 1.000000 3.000000 1.000000
    endloop
  endfacet
  facet normal 0 0 0
    outer loop
      vertex 0.000000 3.000000 1.000000
      vertex 0.000000 4.000000 1.000000
      vertex 1.000000 4.000000 1.000000
    endloop
  endfacet
  facet normal 0 0 0
    outer loop
      vertex 0.000000 3.000000 2.000000
      vertex 1.000000 3.000000 2.000000
      vertex 1.000000 4.000000 2.000000
    endloop
  endfacet
  facet normal 0 0 0
    outer loop
      vertex 0.000000 3.000000 2.000000
      vertex 1.000000 4.000000 2.000000
      vertex 0.000000 4.000000 2.000000
    endloop
  endfacet
  facet normal 0 0 0
    outer loop
      vertex 0.000000 3.000000 1.000000
      vertex 1.000000 3.000000 1.000000
      vertex 1.000000 3.000000 2.000000
    endloop
  endfacet
  facet normal 0 0 0
    outer loop
      vertex 0.000000 3.000000 1.000000
      vertex 1.000000 3.000000 2.000000
      vertex 0.000000 3.000000 2.000000
    endloop
  endfacet
  facet normal 0 0 0
    outer loop
      vertex 1.000000 4.000000 1.000000
      vertex 0.000000 4.000000 1.000000
      vertex 0.000000 4.000000 2.000000
    endloop
  endfacet
  facet normal 0 0 0
    outer loop
      vertex 1.000000 4.000000 1.000000
      vertex 0.000000 4.000000 2.000000
      vertex 1.000000 4.000000 2.000000
    endloop
  endfacet
  facet normal 0 0 0
    outer loop
      vertex 1.000000 3.000000 1.000000
      vertex 1.000000 4.000000 1.000000
      vertex 1.000000 4.000000 2.000000
    endloop
  endfacet
  facet normal 0 0 0
    outer loop
      vertex 1.000000 3.000000 1.000000
      vertex 1.000000 4.000000 2.000000
      vertex 1.000000 3.000000 2.000000
    endloop
  endfacet
  facet normal 0 0 0
    outer loop
      vertex 0.000000 4.000000 1.000000
      vertex 0.000000 3.000000 1.000000
      vertex 0.000000 3.000000 2.000000
    endloop
  endfacet
  facet normal 0 0 0
    outer loop
      vertex 0.000000 4.000000 1.000000
      vertex 0.000000 3.000000 2.000000
      vertex 0.000000 4.000000 2.000000
    endloop
  endfacet
  facet normal 0 0 0
    outer loop
      vertex 0.000000 3.000000 2.000000
      vertex 1.000000 4.000000 2.000000
      vertex 1.000000 3.000000 2.000000
    endloop
  endfacet
  facet normal 0 0 0
    outer loop
      vertex 0.000000 3.000000 2.000000
      vertex 0.000000 4.000000 2.000000
      vertex 1.000000 4.000000 2.000000
    endloop
  endfacet
  facet normal 0 0 0
    outer loop
      vertex 0.000000 3.000000 3.000000
      vertex 1.000000 3.000000 3.000000
      vertex 1.000000 4.000000 3.000000
    endloop
  endfacet
  facet normal 0 0 0
    outer loop
      vertex 0.000000 3.000000 3.000000
      vertex 1.000000 4.000000 3.000000
      vertex 0.000000 4.000000 3.000000
    endloop
  endfacet
  facet normal 0 0 0
    outer loop
      vertex 0.000000 3.000000 2.000000
      vertex 1.000000 3.000000 2.000000
      vertex 1.000000 3.000000 3.000000
    endloop
  endfacet
  facet normal 0 0 0
    outer loop
      vertex 0.000000 3.000000 2.000000
      vertex 1.000000 3.000000 3.000000
      vertex 0.000000 3.000000 3.000000
    endloop
  endfacet
  facet normal 0 0 0
    outer loop
      vertex 1.000000 4.000000 2.000000
      vertex 0.000000 4.000000 2.000000
      vertex 0.000000 4.000000 3.000000
    endloop
  endfacet
  facet normal 0 0 0
    outer loop
      vertex 1.000000 4.000000 2.000000
      vertex 0.000000 4.000000 3.000000
      vertex 1.000000 4.000000 3.000000
    endloop
  endfacet
  facet normal 0 0 0
    outer loop
      vertex 1.000000 3.000000 2.000000
      vertex 1.000000 4.000000 2.000000
      vertex 1.000000 4.000000 3.000000
    endloop
  endfacet
  facet normal 0 0 0
    outer loop
      vertex 1.000000 3.000000 2.000000
      vertex 1.000000 4.000000 3.000000
      vertex 1.000000 3.000000 3.000000
    endloop
  endfacet
  facet normal 0 0 0
    outer loop
      vertex 0.000000 4.000000 2.000000
      vertex 0.000000 3.000000 2.000000
      vertex 0.000000 3.000000 3.000000
    endloop
  endfacet
  facet normal 0 0 0
    outer loop
      vertex 0.000000 4.000000 2.000000
      vertex 0.000000 3.000000 3.000000
      vertex 0.000000 4.000000 3.000000
    endloop
  endfacet
  facet normal 0 0 0
    outer loop
      vertex 0.000000 4.000000 0.000000
      vertex 1.000000 5.000000 0.000000
      vertex 1.000000 4.000000 0.000000
    endloop
  endfacet
  facet normal 0 0 0
    outer loop
      vertex 0.000000 4.000000 0.000000
      vertex 0.000000 5.000000 0.000000
      vertex 1.000000 5.000000 0.000000
    endloop
  endfacet
  facet normal 0 0 0
    outer loop
      vertex 0.000000 4.000000 1.000000
      vertex 1.000000 4.000000 1.000000
      vertex 1.000000 5.000000 1.000000
    endloop
  endfacet
  facet normal 0 0 0
    outer loop
      vertex 0.000000 4.000000 1.000000
      vertex 1.000000 5.000000 1.000000
      vertex 0.000000 5.000000 1.000000
    endloop
  endfacet
  facet normal 0 0 0
    outer loop
      vertex 0.000000 4.000000 0.000000
      vertex 1.000000 4.000000 0.000000
      vertex 1.000000 4.000000 1.000000
    endloop
  endfacet
  facet normal 0 0 0
    outer loop
      vertex 0.000000 4.000000 0.000000
      vertex 1.000000 4.000000 1.000000
      vertex 0.000000 4.000000 1.000000
    endloop
  endfacet
  facet normal 0 0 0
    outer loop
      vertex 1.000000 5.000000 0.000000
      vertex 0.000000 5.000000 0.000000
      vertex 0.000000 5.000000 1.000000
    endloop
  endfacet
  facet normal 0 0 0
    outer loop
      vertex 1.000000 5.000000 0.000000
      vertex 0.000000 5.000000 1.000000
      vertex 1.000000 5.000000 1.000000
    endloop
  endfacet
  facet normal 0 0 0
    outer loop
      vertex 1.000000 4.000000 0.000000
      vertex 1.000000 5.000000 0.000000
      vertex 1.000000 5.000000 1.000000
    endloop
  endfacet
  facet normal 0 0 0
    outer loop
      vertex 1.000000 4.000000 0.000000
      vertex 1.000000 5.000000 1.000000
      vertex 1.000000 4.000000 1.000000
    endloop
  endfacet
  facet normal 0 0 0
    outer loop
      vertex 0.000000 5.000000 0.000000
      vertex 0.000000 4.000000 0.000000
      vertex 0.000000 4.000000 1.000000
    endloop
  endfacet
  facet normal 0 0 0
    outer loop
      vertex 0.000000 5.000000 0.000000
      vertex 0.000000 4.000000 1.000000
      vertex 0.000000 5.000000 1.000000
    endloop
  endfacet
  facet normal 0 0 0
    outer loop
      vertex 0.000000 4.000000 2.000000
      vertex 1.000000 5.000000 2.000000
      vertex 1.000000 4.000000 2.000000
    endloop
  endfacet
  facet normal 0 0 0
    outer loop
      vertex 0.000000 4.000000 2.000000
      vertex 0.000000 5.000000 2.000000
      vertex 1.000000 5.000000 2.000000
    endloop
  endfacet
  facet normal 0 0 0
    outer loop
      vertex 0.000000 4.000000 3.000000
      vertex 1.000000 4.000000 3.000000
      vertex 1.000000 5.000000 3.000000
    endloop
  endfacet
  facet normal 0 0 0
    outer loop
      vertex 0.000000 4.000000 3.000000
      vertex 1.000000 5.000000 3.000000
      vertex 0.000000 5.000000 3.000000
    endloop
  endfacet
  facet normal 0 0 0
    outer loop
      vertex 0.000000 4.000000 2.000000
      vertex 1.000000 4.000000 2.000000
      vertex 1.000000 4.000000 3.000000
    endloop
  endfacet
  facet normal 0 0 0
    outer loop
      vertex 0.000000 4.000000 2.000000
      vertex 1.000000 4.000000 3.000000
      vertex 0.000000 4.000000 3.000000
    endloop
  endfacet
  facet normal 0 0 0
    outer loop
      vertex 1.000000 5.000000 2.000000
      vertex 0.000000 5.000000 2.000000
      vertex 0.000000 5.000000 3.000000
    endloop
  endfacet
  facet normal 0 0 0
    outer loop
      vertex 1.000000 5.000000 2.000000
      vertex 0.000000 5.000000 3.000000
      vertex 1.000000 5.000000 3.000000
    endloop
  endfacet
  facet normal 0 0 0
    outer loop
      vertex 1.000000 4.000000 2.000000
      vertex 1.000000 5.000000 2.000000
      vertex 1.000000 5.000000 3.000000
    endloop
  endfacet
  facet normal 0 0 0
    outer loop
      vertex 1.000000 4.000000 2.000000
      vertex 1.000000 5.000000 3.000000
      vertex 1.000000 4.000000 3.000000
    endloop
  endfacet
  facet normal 0 0 0
    outer loop
      vertex 0.000000 5.000000 2.000000
      vertex 0.000000 4.000000 2.000000
      vertex 0.000000 4.000000 3.000000
    endloop
  endfacet
  facet normal 0 0 0
    outer loop
      vertex 0.000000 5.000000 2.000000
      vertex 0.000000 4.000000 3.000000
      vertex 0.000000 5.000000 3.000000
    endloop
  endfacet
  facet normal 0 0 0
    outer loop
      vertex 0.000000 5.000000 0.000000
      vertex 1.000000 6.000000 0.000000
      vertex 1.000000 5.000000 0.000000
    endloop
  endfacet
  facet normal 0 0 0
    outer loop
      vertex 0.000000 5.000000 0.000000
      vertex 0.000000 6.000000 0.000000
      vertex 1.000000 6.000000 0.000000
    endloop
  endfacet
  facet normal 0 0 0
    outer loop
      vertex 0.000000 5.000000 1.000000
      vertex 1.000000 5.000000 1.000000
      vertex 1.000000 6.000000 1.000000
    endloop
  endfacet
  facet normal 0 0 0
    outer loop
      vertex 0.000000 5.000000 1.000000
      vertex 1.000000 6.000000 1.000000
      vertex 0.000000 6.000000 1.000000
    endloop
  endfacet
  facet normal 0 0 0
    outer loop
      vertex 0.000000 5.000000 0.000000
      vertex 1.000000 5.000000 0.000000
      vertex 1.000000 5.000000 1.000000
    endloop
  endfacet
  facet normal 0 0 0
    outer loop
      vertex 0.000000 5.000000 0.000000
      vertex 1.000000 5.000000 1.000000
      vertex 0.000000 5.000000 1.000000
    endloop
  endfacet
  facet normal 0 0 0
    outer loop
      vertex 1.000000 6.000000 0.000000
      vertex 0.000000 6.000000 0.000000
      vertex 0.000000 6.000000 1.000000
    endloop
  endfacet
  facet normal 0 0 0
    outer loop
      vertex 1.000000 6.000000 0.000000
      vertex 0.000000 6.000000 1.000000
      vertex 1.000000 6.000000 1.000000
    endloop
  endfacet
  facet normal 0 0 0
    outer loop
      vertex 1.000000 5.000000 0.000000
      vertex 1.000000 6.000000 0.000000
      vertex 1.000000 6.000000 1.000000
    endloop
  endfacet
  facet normal 0 0 0
    outer loop
      vertex 1.000000 5.000000 0.000000
      vertex 1.000000 6.000000 1.000000
      vertex 1.000000 5.000000 1.000000
    endloop
  endfacet
  facet normal 0 0 0
    outer loop
      vertex 0.000000 6.000000 0.000000
      vertex 0.000000 5.000000 0.000000
      vertex 0.000000 5.000000 1.000000
    endloop
  endfacet
  facet normal 0 0 0
    outer loop
      vertex 0.000000 6.000000 0.000000
      vertex 0.000000 5.000000 1.000000
      vertex 0.000000 6.000000 1.000000
    endloop
  endfacet
  facet normal 0 0 0
    outer loop
      vertex 0.000000 5.000000 1.000000
      vertex 1.000000 6.000000 1.000000
      vertex 1.000000 5.000000 1.000000
    endloop
  endfacet
  facet normal 0 0 0
    outer loop
      vertex 0.000000 5.000000 1.000000
      vertex 0.000000 6.000000 1.000000
      vertex 1.000000 6.000000 1.000000
    endloop
  endfacet
  facet normal 0 0 0
    outer loop
      vertex 0.000000 5.000000 2.000000
      vertex 1.000000 5.000000 2.000000
      vertex 1.000000 6.000000 2.000000
    endloop
  endfacet
  facet normal 0 0 0
    outer loop
      vertex 0.000000 5.000000 2.000000
      vertex 1.000000 6.000000 2.000000
      vertex 0.000000 6.000000 2.000000
    endloop
  endfacet
  facet normal 0 0 0
    outer loop
      vertex 0.000000 5.000000 1.000000
      vertex 1.000000 5.000000 1.000000
      vertex 1.000000 5.000000 2.000000
    endloop
  endfacet
  facet normal 0 0 0
    outer loop
      vertex 0.000000 5.000000 1.000000
      vertex 1.000000 5.000000 2.000000
      vertex 0.000000 5.000000 2.000000
    endloop
  endfacet
  facet normal 0 0 0
    outer loop
      vertex 1.000000 6.000000 1.000000
      vertex 0.000000 6.000000 1.000000
      vertex 0.000000 6.000000 2.000000
    endloop
  endfacet
  facet normal 0 0 0
    outer loop
      vertex 1.000000 6.000000 1.000000
      vertex 0.000000 6.000000 2.000000
      vertex 1.000000 6.000000 2.000000
    endloop
  endfacet
  facet normal 0 0 0
    outer loop
      vertex 1.000000 5.000000 1.000000
      vertex 1.000000 6.000000 1.000000
      vertex 1.000000 6.000000 2.000000
    endloop
  endfacet
  facet normal 0 0 0
    outer loop
      vertex 1.000000 5.000000 1.000000
      vertex 1.000000 6.000000 2.000000
      vertex 1.000000 5.000000 2.000000
    endloop
  endfacet
  facet normal 0 0 0
    outer loop
      vertex 0.000000 6.000000 1.000000
      vertex 0.000000 5.000000 1.000000
      vertex 0.000000 5.000000 2.000000
    endloop
  endfacet
  facet normal 0 0 0
    outer loop
      vertex 0.000000 6.000000 1.000000
      vertex 0.000000 5.000000 2.000000
      vertex 0.000000 6.000000 2.000000
    endloop
  endfacet
  facet normal 0 0 0
    outer loop
      vertex 0.000000 5.000000 2.000000
      vertex 1.000000 6.000000 2.000000
      vertex 1.000000 5.000000 2.000000
    endloop
  endfacet
  facet normal 0 0 0
    outer loop
      vertex 0.000000 5.000000 2.000000
      vertex 0.000000 6.000000 2.000000
      vertex 1.000000 6.000000 2.000000
    endloop
  endfacet
  facet normal 0 0 0
    outer loop
      vertex 0.000000 5.000000 3.000000
      vertex 1.000000 5.000000 3.000000
      vertex 1.000000 6.000000 3.000000
    endloop
  endfacet
  facet normal 0 0 0
    outer loop
      vertex 0.000000 5.000000 3.000000
      vertex 1.000000 6.000000 3.000000
      vertex 0.000000 6.000000 3.000000
    endloop
  endfacet
  facet normal 0 0 0
    outer loop
      vertex 0.000000 5.000000 2.000000
      vertex 1.000000 5.000000 2.000000
      vertex 1.000000 5.000000 3.000000
    endloop
  endfacet
  facet normal 0 0 0
    outer loop
      vertex 0.000000 5.000000 2.000000
      vertex 1.000000 5.000000 3.000000
      vertex 0.000000 5.000000 3.000000
    endloop
  endfacet
  facet normal 0 0 0
    outer loop
      vertex 1.000000 6.000000 2.000000
      vertex 0.000000 6.000000 2.000000
      vertex 0.000000 6.000000 3.000000
    endloop
  endfacet
  facet normal 0 0 0
    outer loop
      vertex 1.000000 6.000000 2.000000
      vertex 0.000000 6.000000 3.000000
      vertex 1.000000 6.000000 3.000000
    endloop
  endfacet
  facet normal 0 0 0
    outer loop
      vertex 1.000000 5.000000 2.000000
      vertex 1.000000 6.000000 2.000000
      vertex 1.000000 6.000000 3.000000
    endloop
  endfacet
  facet normal 0 0 0
    outer loop
      vertex 1.000000 5.000000 2.000000
      vertex 1.000000 6.000000 3.000000
      vertex 1.000000 5.000000 3.000000
    endloop
  endfacet
  facet normal 0 0 0
    outer loop
      vertex 0.000000 6.000000 2.000000
      vertex 0.000000 5.000000 2.000000
      vertex 0.000000 5.000000 3.000000
    endloop
  endfacet
  facet normal 0 0 0
    outer loop
      vertex 0.000000 6.000000 2.000000
      vertex 0.000000 5.000000 3.000000
      vertex 0.000000 6.000000 3.000000
    endloop
  endfacet
  facet normal 0 0 0
    outer loop
      vertex 1.000000 3.000000 0.000000
      vertex 2.000000 4.000000 0.000000
      vertex 2.000000 3.000000 0.000000
    endloop
  endfacet
  facet normal 0 0 0
    outer loop
      vertex 1.000000 3.000000 0.000000
      vertex 1.000000 4.000000 0.000000
      vertex 2.000000 4.000000 0.000000
    endloop
  endfacet
  facet normal 0 0 0
    outer loop
      vertex 1.000000 3.000000 1.000000
      vertex 2.000000 3.000000 1.000000
      vertex 2.000000 4.000000 1.000000
    endloop
  endfacet
  facet normal 0 0 0
    outer loop
      vertex 1.000000 3.000000 1.000000
      vertex 2.000000 4.000000 1.000000
      vertex 1.000000 4.000000 1.000000
    endloop
  endfacet
  facet normal 0 0 0
    outer loop
      vertex 1.000000 3.000000 0.000000
      vertex 2.000000 3.000000 0.000000
      vertex 2.000000 3.000000 1.000000
    endloop
  endfacet
  facet normal 0 0 0
    outer loop
      vertex 1.000000 3.000000 0.000000
      vertex 2.000000 3.000000 1.000000
      vertex 1.000000 3.000000 1.000000
    endloop
  endfacet
  facet normal 0 0 0
    outer loop
      vertex 2.000000 4.000000 0.000000
      vertex 1.000000 4.000000 0.000000
      vertex 1.000000 4.000000 1.000000
    endloop
  endfacet
  facet normal 0 0 0
    outer loop
      vertex 2.000000 4.000000 0.000000
      vertex 1.000000 4.000000 1.000000
      vertex 2.000000 4.000000 1.000000
    endloop
  endfacet
  facet normal 0 0 0
    outer loop
      vertex 2.000000 3.000000 0.000000
      vertex 2.000000 4.000000 0.000000
      vertex 2.000000 4.000000 1.000000
    endloop
  endfacet
  facet normal 0 0 0
    outer loop
      vertex 2.000000 3.000000 0.000000
      vertex 2.000000 4.000000 1.000000
      vertex 2.000000 3.000000 1.000000
    endloop
  endfacet
  facet normal 0 0 0
    outer loop
      vertex 1.000000 4.000000 0.000000
      vertex 1.000000 3.000000 0.000000
      vertex 1.000000 3.000000 1.000000
    endloop
  endfacet
  facet normal 0 0 0
    outer loop
      vertex 1.000000 4.000000 0.000000
      vertex 1.000000 3.000000 1.000000
      vertex 1.000000 4.000000 1.000000
    endloop
  endfacet
  facet normal 0 0 0
    outer loop
      vertex 1.000000 3.000000 2.000000
      vertex 2.000000 4.000000 2.000000
      vertex 2.000000 3.000000 2.000000
    endloop
  endfacet
  facet normal 0 0 0
    outer loop
      vertex 1.000000 3.000000 2.000000
      vertex 1.000000 4.000000 2.000000
      vertex 2.000000 4.000000 2.000000
    endloop
  endfacet
  facet normal 0 0 0
    outer loop
      vertex 1.000000 3.000000 3.000000
      vertex 2.000000 3.000000 3.000000
      vertex 2.000000 4.000000 3.000000
    endloop
  endfacet
  facet normal 0 0 0
    outer loop
      vertex 1.000000 3.000000 3.000000
      vertex 2.000000 4.000000 3.000000
      vertex 1.000000 4.000000 3.000000
    endloop
  endfacet
  facet normal 0 0 0
    outer loop
      vertex 1.000000 3.000000 2.000000
      vertex 2.000000 3.000000 2.000000
      vertex 2.000000 3.000000 3.000000
    endloop
  endfacet
  facet normal 0 0 0
    outer loop
      vertex 1.000000 3.000000 2.000000
      vertex 2.000000 3.000000 3.000000
      vertex 1.000000 3.000000 3.000000
    endloop
  endfacet
  facet normal 0 0 0
    outer loop
      vertex 2.000000 4.000000 2.000000
      vertex 1.000000 4.000000 2.000000
      vertex 1.000000 4.000000 3.000000
    endloop
  endfacet
  facet normal 0 0 0
    outer loop
      vertex 2.000000 4.000000 2.000000
      vertex 1.000000 4.000000 3.000000
      vertex 2.000000 4.000000 3.000000
    endloop
  endfacet
  facet normal 0 0 0
    outer loop
      vertex 2.000000 3.000000 2.000000
      vertex 2.000000 4.000000 2.000000
      vertex 2.000000 4.000000 3.000000
    endloop
  endfacet
  facet normal 0 0 0
    outer loop
      vertex 2.000000 3.000000 2.000000
      vertex 2.000000 4.000000 3.000000
      vertex 2.000000 3.000000 3.000000
    endloop
  endfacet
  facet normal 0 0 0
    outer loop
      vertex 1.000000 4.000000 2.000000
      vertex 1.000000 3.000000 2.000000
      vertex 1.000000 3.000000 3.000000
    endloop
  endfacet
  facet normal 0 0 0
    outer loop
      vertex 1.000000 4.000000 2.000000
      vertex 1.000000 3.000000 3.000000
      vertex 1.000000 4.000000 3.000000
    endloop
  endfacet
  facet normal 0 0 0
    outer loop
      vertex 1.000000 5.000000 0.000000
      vertex 2.000000 6.000000 0.000000
      vertex 2.000000 5.000000 0.000000
    endloop
  endfacet
  facet normal 0 0 0
    outer loop
      vertex 1.000000 5.000000 0.000000
      vertex 1.000000 6.000000 0.000000
      vertex 2.000000 6.000000 0.000000
    endloop
  endfacet
  facet normal 0 0 0
    outer loop
      vertex 1.000000 5.000000 1.000000
      vertex 2.000000 5.000000 1.000000
      vertex 2.000000 6.000000 1.000000
    endloop
  endfacet
  facet normal 0 0 0
    outer loop
      vertex 1.000000 5.000000 1.000000
      vertex 2.000000 6.000000 1.000000
      vertex 1.000000 6.000000 1.000000
    endloop
  endfacet
  facet normal 0 0 0
    outer loop
      vertex 1.000000 5.000000 0.000000
      vertex 2.000000 5.000000 0.000000
      vertex 2.000000 5.000000 1.000000
    endloop
  endfacet
  facet normal 0 0 0
    outer loop
      vertex 1.000000 5.000000 0.000000
      vertex 2.000000 5.000000 1.000000
      vertex 1.000000 5.000000 1.000000
    endloop
  endfacet
  facet normal 0 0 0
    outer loop
      vertex 2.000000 6.000000 0.000000
      vertex 1.000000 6.000000 0.000000
      vertex 1.000000 6.000000 1.000000
    endloop
  endfacet
  facet normal 0 0 0
    outer loop
      vertex 2.000000 6.000000 0.000000
      vertex 1.000000 6.000000 1.000000
      vertex 2.000000 6.000000 1.000000
    endloop
  endfacet
  facet normal 0 0 0
    outer loop
      vertex 2.000000 5.000000 0.000000
      vertex 2.000000 6.000000 0.000000
      vertex 2.000000 6.000000 1.000000
    endloop
  endfacet
  facet normal 0 0 0
    outer loop
      vertex 2.000000 5.000000 0.000000
      vertex 2.000000 6.000000 1.000000
      vertex 2.000000 5.000000 1.000000
    endloop
  endfacet
  facet normal 0 0 0
    outer loop
      vertex 1.000000 6.000000 0.000000
      vertex 1.000000 5.000000 0.000000
      vertex 1.000000 5.000000 1.000000
    endloop
  endfacet
  facet normal 0 0 0
    outer loop
      vertex 1.000000 6.000000 0.000000
      vertex 1.000000 5.000000 1.000000
      vertex 1.000000 6.000000 1.000000
    endloop
  endfacet
  facet normal 0 0 0
    outer loop
      vertex 1.000000 5.000000 2.000000
      vertex 2.000000 6.000000 2.000000
      vertex 2.000000 5.000000 2.000000
    endloop
  endfacet
  facet normal 0 0 0
    outer loop
      vertex 1.000000 5.000000 2.000000
      vertex 1.000000 6.000000 2.000000
      vertex 2.000000 6.000000 2.000000
    endloop
  endfacet
  facet normal 0 0 0
    outer loop
      vertex 1.000000 5.000000 3.000000
      vertex 2.000000 5.000000 3.000000
      vertex 2.000000 6.000000 3.000000
    endloop
  endfacet
  facet normal 0 0 0
    outer loop
      vertex 1.000000 5.000000 3.000000
      vertex 2.000000 6.000000 3.000000
      vertex 1.000000 6.000000 3.000000
    endloop
  endfacet
  facet normal 0 0 0
    outer loop
      vertex 1.000000 5.000000 2.000000
      vertex 2.000000 5.000000 2.000000
      vertex 2.000000 5.000000 3.000000
    endloop
  endfacet
  facet normal 0 0 0
    outer loop
      vertex 1.000000 5.000000 2.000000
      vertex 2.000000 5.000000 3.000000
      vertex 1.000000 5.000000 3.000000
    endloop
  endfacet
  facet normal 0 0 0
    outer loop
      vertex 2.000000 6.000000 2.000000
      vertex 1.000000 6.000000 2.000000
      vertex 1.000000 6.000000 3.000000
    endloop
  endfacet
  facet normal 0 0 0
    outer loop
      vertex 2.000000 6.000000 2.000000
      vertex 1.000000 6.000000 3.000000
      vertex 2.000000 6.000000 3.000000
    endloop
  endfacet
  facet normal 0 0 0
    outer loop
      vertex 2.000000 5.000000 2.000000
      vertex 2.000000 6.000000 2.000000
      vertex 2.000000 6.000000 3.000000
    endloop
  endfacet
  facet normal 0 0 0
    outer loop
      vertex 2.000000 5.000000 2.000000
      vertex 2.000000 6.000000 3.000000
      vertex 2.000000 5.000000 3.000000
    endloop
  endfacet
  facet normal 0 0 0
    outer loop
      vertex 1.000000 6.000000 2.000000
      vertex 1.000000 5.000000 2.000000
      vertex 1.000000 5.000000 3.000000
    endloop
  endfacet
  facet normal 0 0 0
    outer loop
      vertex 1.000000 6.000000 2.000000
      vertex 1.000000 5.000000 3.000000
      vertex 1.000000 6.000000 3.000000
    endloop
  endfacet
  facet normal 0 0 0
    outer loop
      vertex 2.000000 3.000000 0.000000
      vertex 3.000000 4.000000 0.000000
      vertex 3.000000 3.000000 0.000000
    endloop
  endfacet
  facet normal 0 0 0
    outer loop
      vertex 2.000000 3.000000 0.000000
      vertex 2.000000 4.000000 0.000000
      vertex 3.000000 4.000000 0.000000
    endloop
  endfacet
  facet normal 0 0 0
    outer loop
      vertex 2.000000 3.000000 1.000000
      vertex 3.000000 3.000000 1.000000
      vertex 3.000000 4.000000 1.000000
    endloop
  endfacet
  facet normal 0 0 0
    outer loop
      vertex 2.000000 3.000000 1.000000
      vertex 3.000000 4.000000 1.000000
      vertex 2.000000 4.000000 1.000000
    endloop
  endfacet
  facet normal 0 0 0
    outer loop
      vertex 2.000000 3.000000 0.000000
      vertex 3.000000 3.000000 0.000000
      vertex 3.000000 3.000000 1.000000
    endloop
  endfacet
  facet normal 0 0 0
    outer loop
      vertex 2.000000 3.000000 0.000000
      vertex 3.000000 3.000000 1.000000
      vertex 2.000000 3.000000 1.000000
    endloop
  endfacet
  facet normal 0 0 0
    outer loop
      vertex 3.000000 4.000000 0.000000
      vertex 2.000000 4.000000 0.000000
      vertex 2.000000 4.000000 1.000000
    endloop
  endfacet
  facet normal 0 0 0
    outer loop
      vertex 3.000000 4.000000 0.000000
      vertex 2.000000 4.000000 1.000000
      vertex 3.000000 4.000000 1.000000
    endloop
  endfacet
  facet normal 0 0 0
    outer loop
      vertex 3.000000 3.000000 0.000000
      vertex 3.000000 4.000000 0.000000
      vertex 3.000000 4.000000 1.000000
    endloop
  endfacet
  facet normal 0 0 0
    outer loop
      vertex 3.000000 3.000000 0.000000
      vertex 3.000000 4.000000 1.000000
      vertex 3.000000 3.000000 1.000000
    endloop
  endfacet
  facet normal 0 0 0
    outer loop
      vertex 2.000000 4.000000 0.000000
      vertex 2.000000 3.000000 0.000000
      vertex 2.000000 3.000000 1.000000
    endloop
  endfacet
  facet normal 0 0 0
    outer loop
      vertex 2.000000 4.000000 0.000000
      vertex 2.000000 3.000000 1.000000
      vertex 2.000000 4.000000 1.000000
    endloop
  endfacet
  facet normal 0 0 0
    outer loop
      vertex 2.000000 3.000000 1.000000
      vertex 3.000000 4.000000 1.000000
      vertex 3.000000 3.000000 1.000000
    endloop
  endfacet
  facet normal 0 0 0
    outer loop
      vertex 2.000000 3.000000 1.000000
      vertex 2.000000 4.000000 1.000000
      vertex 3.000000 4.000000 1.000000
    endloop
  endfacet
  facet normal 0 0 0
    outer loop
      vertex 2.000000 3.000000 2.000000
      vertex 3.000000 3.000000 2.000000
      vertex 3.000000 4.000000 2.000000
    endloop
  endfacet
  facet normal 0 0 0
    outer loop
      vertex 2.000000 3.000000 2.000000
      vertex 3.000000 4.000000 2.000000
      vertex 2.000000 4.000000 2.000000
    endloop
  endfacet
  facet normal 0 0 0
    outer loop
      vertex 2.000000 3.000000 1.000000
      vertex 3.000000 3.000000 1.000000
      vertex 3.000000 3.000000 2.000000
    endloop
  endfacet
  facet normal 0 0 0
    outer loop
      vertex 2.000000 3.000000 1.000000
      vertex 3.000000 3.000000 2.000000
      vertex 2.000000 3.000000 2.000000
    endloop
  endfacet
  facet normal 0 0 0
    outer loop
      vertex 3.000000 4.000000 1.000000
      vertex 2.000000 4.000000 1.000000
      vertex 2.000000 4.000000 2.000000
    endloop
  endfacet
  facet normal 0 0 0
    outer loop
      vertex 3.000000 4.000000 1.000000
      vertex 2.000000 4.000000 2.000000
      vertex 3.000000 4.000000 2.000000
    endloop
  endfacet
  facet normal 0 0 0
    outer loop
      vertex 3.000000 3.000000 1.000000
      vertex 3.000000 4.000000 1.000000
      vertex 3.000000 4.000000 2.000000
    endloop
  endfacet
  facet normal 0 0 0
    outer loop
      vertex 3.000000 3.000000 1.000000
      vertex 3.000000 4.000000 2.000000
      vertex 3.000000 3.000000 2.000000
    endloop
  endfacet
  facet normal 0 0 0
    outer loop
      vertex 2.000000 4.000000 1.000000
      vertex 2.000000 3.000000 1.000000
      vertex 2.000000 3.000000 2.000000
    endloop
  endfacet
  facet normal 0 0 0
    outer loop
      vertex 2.000000 4.000000 1.000000
      vertex 2.000000 3.000000 2.000000
      vertex 2.000000 4.000000 2.000000
    endloop
  endfacet
  facet normal 0 0 0
    outer loop
      vertex 2.000000 3.000000 2.000000
      vertex 3.000000 4.000000 2.000000
      vertex 3.000000 3.000000 2.000000
    endloop
  endfacet
  facet normal 0 0 0
    outer loop
      vertex 2.000000 3.000000 2.000000
      vertex 2.000000 4.000000 2.000000
      vertex 3.000000 4.000000 2.000000
    endloop
  endfacet
  facet normal 0 0 0
    outer loop
      vertex 2.000000 3.000000 3.000000
      vertex 3.000000 3.000000 3.000000
      vertex 3.000000 4.000000 3.000000
    endloop
  endfacet
  facet normal 0 0 0
    outer loop
      vertex 2.000000 3.000000 3.000000
      vertex 3.000000 4.000000 3.000000
      vertex 2.000000 4.000000 3.000000
    endloop
  endfacet
  facet normal 0 0 0
    outer loop
      vertex 2.000000 3.000000 2.000000
      vertex 3.000000 3.000000 2.000000
      vertex 3.000000 3.000000 3.000000
    endloop
  endfacet
  facet normal 0 0 0
    outer loop
      vertex 2.000000 3.000000 2.000000
      vertex 3.000000 3.000000 3.000000
      vertex 2.000000 3.000000 3.000000
    endloop
  endfacet
  facet normal 0 0 0
    outer loop
      vertex 3.000000 4.000000 2.000000
      vertex 2.000000 4.000000 2.000000
      vertex 2.000000 4.000000 3.000000
    endloop
  endfacet
  facet normal 0 0 0
    outer loop
      vertex 3.000000 4.000000 2.000000
      vertex 2.000000 4.000000 3.000000
      vertex 3.000000 4.000000 3.000000
    endloop
  endfacet
  facet normal 0 0 0
    outer loop
      vertex 3.000000 3.000000 2.000000
      vertex 3.000000 4.000000 2.000000
      vertex 3.000000 4.000000 3.000000
    endloop
  endfacet
  facet normal 0 0 0
    outer loop
      vertex 3.000000 3.000000 2.000000
      vertex 3.000000 4.000000 3.000000
      vertex 3.000000 3.000000 3.000000
    endloop
  endfacet
  facet normal 0 0 0
    outer loop
      vertex 2.000000 4.000000 2.000000
      vertex 2.000000 3.000000 2.000000
      vertex 2.000000 3.000000 3.000000
    endloop
  endfacet
  facet normal 0 0 0
    outer loop
      vertex 2.000000 4.000000 2.000000
      vertex 2.000000 3.000000 3.000000
      vertex 2.000000 4.000000 3.000000
    endloop
  endfacet
  facet normal 0 0 0
    outer loop
      vertex 2.000000 4.000000 0.000000
      vertex 3.000000 5.000000 0.000000
      vertex 3.000000 4.000000 0.000000
    endloop
  endfacet
  facet normal 0 0 0
    outer loop
      vertex 2.000000 4.000000 0.000000
      vertex 2.000000 5.000000 0.000000
      vertex 3.000000 5.000000 0.000000
    endloop
  endfacet
  facet normal 0 0 0
    outer loop
      vertex 2.000000 4.000000 1.000000
      vertex 3.000000 4.000000 1.000000
      vertex 3.000000 5.000000 1.000000
    endloop
  endfacet
  facet normal 0 0 0
    outer loop
      vertex 2.000000 4.000000 1.000000
      vertex 3.000000 5.000000 1.000000
      vertex 2.000000 5.000000 1.000000
    endloop
  endfacet
  facet normal 0 0 0
    outer loop
      vertex 2.000000 4.000000 0.000000
      vertex 3.000000 4.000000 0.000000
      vertex 3.000000 4.000000 1.000000
    endloop
  endfacet
  facet normal 0 0 0
    outer loop
      vertex 2.000000 4.000000 0.000000
      vertex 3.000000 4.000000 1.000000
      vertex 2.000000 4.000000 1.000000
    endloop
  endfacet
  facet normal 0 0 0
    outer loop
      vertex 3.000000 5.000000 0.000000
      vertex 2.000000 5.000000 0.000000
      vertex 2.000000 5.000000 1.000000
    endloop
  endfacet
  facet normal 0 0 0
    outer loop
      vertex 3.000000 5.000000 0.000000
      vertex 2.000000 5.000000 1.000000
      vertex 3.000000 5.000000 1.000000
    endloop
  endfacet
  facet normal 0 0 0
    outer loop
      vertex 3.000000 4.000000 0.000000
      vertex 3.000000 5.000000 0.000000
      vertex 3.000000 5.000000 1.000000
    endloop
  endfacet
  facet normal 0 0 0
    outer loop
      vertex 3.000000 4.000000 0.000000
      vertex 3.000000 5.000000 1.000000
      vertex 3.000000 4.000000 1.000000
    endloop
  endfacet
  facet normal 0 0 0
    outer loop
      vertex 2.000000 5.000000 0.000000
      vertex 2.000000 4.000000 0.000000
      vertex 2.000000 4.000000 1.000000
    endloop
  endfacet
  facet normal 0 0 0
    outer loop
      vertex 2.000000 5.000000 0.000000
      vertex 2.000000 4.000000 1.000000
      vertex 2.000000 5.000000 1.000000
    endloop
  endfacet
  facet normal 0 0 0
    outer loop
      vertex 2.000000 4.000000 2.000000
      vertex 3.000000 5.000000 2.000000
      vertex 3.000000 4.000000 2.000000
    endloop
  endfacet
  facet normal 0 0 0
    outer loop
      vertex 2.000000 4.000000 2.000000
      vertex 2.000000 5.000000 2.000000
      vertex 3.000000 5.000000 2.000000
    endloop
  endfacet
  facet normal 0 0 0
    outer loop
      vertex 2.000000 4.000000 3.000000
      vertex 3.000000 4.000000 3.000000
      vertex 3.000000 5.000000 3.000000
    endloop
  endfacet
  facet normal 0 0 0
    outer loop
      vertex 2.000000 4.000000 3.000000
      vertex 3.000000 5.000000 3.000000
      vertex 2.000000 5.000000 3.000000
    endloop
  endfacet
  facet normal 0 0 0
    outer loop
      vertex 2.000000 4.000000 2.000000
      vertex 3.000000 4.000000 2.000000
      vertex 3.000000 4.000000 3.000000
    endloop
  endfacet
  facet normal 0 0 0
    outer loop
      vertex 2.000000 4.000000 2.000000
      vertex 3.000000 4.000000 3.000000
      vertex 2.000000 4.000000 3.000000
    endloop
  endfacet
  facet normal 0 0 0
    outer loop
      vertex 3.000000 5.000000 2.000000
      vertex 2.000000 5.000000 2.000000
      vertex 2.000000 5.000000 3.000000
    endloop
  endfacet
  facet normal 0 0 0
    outer loop
      vertex 3.000000 5.000000 2.000000
      vertex 2.000000 5.000000 3.000000
      vertex 3.000000 5.000000 3.000000
    endloop
  endfacet
  facet normal 0 0 0
    outer loop
      vertex 3.000000 4.000000 2.000000
      vertex 3.000000 5.000000 2.000000
      vertex 3.000000 5.000000 3.000000
    endloop
  endfacet
  facet normal 0 0 0
    outer loop
      vertex 3.000000 4.000000 2.000000
      vertex 3.000000 5.000000 3.000000
      vertex 3.000000 4.000000 3.000000
    endloop
  endfacet
  facet normal 0 0 0
    outer loop
      vertex 2.000000 5.000000 2.000000
      vertex 2.000000 4.000000 2.000000
      vertex 2.000000 4.000000 3.000000
    endloop
  endfacet
  facet normal 0 0 0
    outer loop
      vertex 2.000000 5.000000 2.000000
      vertex 2.000000 4.000000 3.000000
      vertex 2.000000 5.000000 3.000000
    endloop
  endfacet
  facet normal 0 0 0
    outer loop
      vertex 2.000000 5.000000 0.000000
      vertex 3.000000 6.000000 0.000000
      vertex 3.000000 5.000000 0.000000
    endloop
  endfacet
  facet normal 0 0 0
    outer loop
      vertex 2.000000 5.000000 0.000000
      vertex 2.000000 6.000000 0.000000
      vertex 3.000000 6.000000 0.000000
    endloop
  endfacet
  facet normal 0 0 0
    outer loop
      vertex 2.000000 5.000000 1.000000
      vertex 3.000000 5.000000 1.000000
      vertex 3.000000 6.000000 1.000000
    endloop
  endfacet
  facet normal 0 0 0
    outer loop
      vertex 2.000000 5.000000 1.000000
      vertex 3.000000 6.000000 1.000000
      vertex 2.000000 6.000000 1.000000
    endloop
  endfacet
  facet normal 0 0 0
    outer loop
      vertex 2.000000 5.000000 0.000000
      vertex 3.000000 5.000000 0.000000
      vertex 3.000000 5.000000 1.000000
    endloop
  endfacet
  facet normal 0 0 0
    outer loop
      vertex 2.000000 5.000000 0.000000
      vertex 3.000000 5.000000 1.000000
      vertex 2.000000 5.000000 1.000000
    endloop
  endfacet
  facet normal 0 0 0
    outer loop
      vertex 3.000000 6.000000 0.000000
      vertex 2.000000 6.000000 0.000000
      vertex 2.000000 6.000000 1.000000
    endloop
  endfacet
  facet normal 0 0 0
    outer loop
      vertex 3.000000 6.000000 0.000000
      vertex 2.000000 6.000000 1.000000
      vertex 3.000000 6.000000 1.000000
    endloop
  endfacet
  facet normal 0 0 0
    outer loop
      vertex 3.000000 5.000000 0.000000
      vertex 3.000000 6.000000 0.000000
      vertex 3.000000 6.000000 1.000000
    endloop
  endfacet
  facet normal 0 0 0
    outer loop
      vertex 3.000000 5.000000 0.000000
      vertex 3.000000 6.000000 1.000000
      vertex 3.000000 5.000000 1.000000
    endloop
  endfacet
  facet normal 0 0 0
    outer loop
      vertex 2.000000 6.000000 0.000000
      vertex 2.000000 5.000000 0.000000
      vertex 2.000000 5.000000 1.000000
    endloop
  endfacet
  facet normal 0 0 0
    outer loop
      vertex 2.000000 6.000000 0.000000
      vertex 2.000000 5.000000 1.000000
      vertex 2.000000 6.000000 1.000000
    endloop
  endfacet
  facet normal 0 0 0
    outer loop
      vertex 2.000000 5.000000 1.000000
      vertex 3.000000 6.000000 1.000000
      vertex 3.000000 5.000000 1.000000
    endloop
  endfacet
  facet normal 0 0 0
    outer loop
      vertex 2.000000 5.000000 1.000000
      vertex 2.000000 6.000000 1.000000
      vertex 3.000000 6.000000 1.000000
    endloop
  endfacet
  facet normal 0 0 0
    outer loop
      vertex 2.000000 5.000000 2.000000
      vertex 3.000000 5.000000 2.000000
      vertex 3.000000 6.000000 2.000000
    endloop
  endfacet
  facet normal 0 0 0
    outer loop
      vertex 2.000000 5.000000 2.000000
      vertex 3.000000 6.000000 2.000000
      vertex 2.000000 6.000000 2.000000
    endloop
  endfacet
  facet normal 0 0 0
    outer loop
      vertex 2.000000 5.000000 1.000000
      vertex 3.000000 5.000000 1.000000
      vertex 3.000000 5.000000 2.000000
    endloop
  endfacet
  facet normal 0 0 0
    outer loop
      vertex 2.000000 5.000000 1.000000
      vertex 3.000000 5.000000 2.000000
      vertex 2.000000 5.000000 2.000000
    endloop
  endfacet
  facet normal 0 0 0
    outer loop
      vertex 3.000000 6.000000 1.000000
      vertex 2.000000 6.000000 1.000000
      vertex 2.000000 6.000000 2.000000
    endloop
  endfacet
  facet normal 0 0 0
    outer loop
      vertex 3.000000 6.000000 1.000000
      vertex 2.000000 6.000000 2.000000
      vertex 3.000000 6.000000 2.000000
    endloop
  endfacet
  facet normal 0 0 0
    outer loop
      vertex 3.000000 5.000000 1.000000
      vertex 3.000000 6.000000 1.000000
      vertex 3.000000 6.000000 2.000000
    endloop
  endfacet
  facet normal 0 0 0
    outer loop
      vertex 3.000000 5.000000 1.000000
      vertex 3.000000 6.000000 2.000000
      vertex 3.000000 5.000000 2.000000
    endloop
  endfacet
  facet normal 0 0 0
    outer loop
      vertex 2.000000 6.000000 1.000000
      vertex 2.000000 5.000000 1.000000
      vertex 2.000000 5.000000 2.000000
    endloop
  endfacet
  facet normal 0 0 0
    outer loop
      vertex 2.000000 6.000000 1.000000
      vertex 2.000000 5.000000 2.000000
      vertex 2.000000 6.000000 2.000000
    endloop
  endfacet
  facet normal 0 0 0
    outer loop
      vertex 2.000000 5.000000 2.000000
      vertex 3.000000 6.000000 2.000000
      vertex 3.000000 5.000000 2.000000
    endloop
  endfacet
  facet normal 0 0 0
    outer loop
      vertex 2.000000 5.000000 2.000000
      vertex 2.000000 6.000000 2.000000
      vertex 3.000000 6.000000 2.000000
    endloop
  endfacet
  facet normal 0 0 0
    outer loop
      vertex 2.000000 5.000000 3.000000
      vertex 3.000000 5.000000 3.000000
      vertex 3.000000 6.000000 3.000000
    endloop
  endfacet
  facet normal 0 0 0
    outer loop
      vertex 2.000000 5.000000 3.000000
      vertex 3.000000 6.000000 3.000000
      vertex 2.000000 6.000000 3.000000
    endloop
  endfacet
  facet normal 0 0 0
    outer loop
      vertex 2.000000 5.000000 2.000000
      vertex 3.000000 5.000000 2.000000
      vertex 3.000000 5.000000 3.000000
    endloop
  endfacet
  facet normal 0 0 0
    outer loop
      vertex 2.000000 5.000000 2.000000
      vertex 3.000000 5.000000 3.000000
      vertex 2.000000 5.000000 3.000000
    endloop
  endfacet
  facet normal 0 0 0
    outer loop
      vertex 3.000000 6.000000 2.000000
      vertex 2.000000 6.000000 2.000000
      vertex 2.000000 6.000000 3.000000
    endloop
  endfacet
  facet normal 0 0 0
    outer loop
      vertex 3.000000 6.000000 2.000000
      vertex 2.000000 6.000000 3.000000
      vertex 3.000000 6.000000 3.000000
    endloop
  endfacet
  facet normal 0 0 0
    outer loop
      vertex 3.000000 5.000000 2.000000
      vertex 3.000000 6.000000 2.000000
      vertex 3.000000 6.000000 3.000000
    endloop
  endfacet
  facet normal 0 0 0
    outer loop
      vertex 3.000000 5.000000 2.000000
      vertex 3.000000 6.000000 3.000000
      vertex 3.000000 5.000000 3.000000
    endloop
  endfacet
  facet normal 0 0 0
    outer loop
      vertex 2.000000 6.000000 2.000000
      vertex 2.000000 5.000000 2.000000
      vertex 2.000000 5.000000 3.000000
    endloop
  endfacet
  facet normal 0 0 0
    outer loop
      vertex 2.000000 6.000000 2.000000
      vertex 2.000000 5.000000 3.000000
      vertex 2.000000 6.000000 3.000000
    endloop
  endfacet
  facet normal 0 0 0
    outer loop
      vertex 0.000000 3.000000 6.000000
      vertex 1.000000 4.000000 6.000000
      vertex 1.000000 3.000000 6.000000
    endloop
  endfacet
  facet normal 0 0 0
    outer loop
      vertex 0.000000 3.000000 6.000000
      vertex 0.000000 4.000000 6.000000
      vertex 1.000000 4.000000 6.000000
    endloop
  endfacet
  facet normal 0 0 0
    outer loop
      vertex 0.000000 3.000000 7.000000
      vertex 1.000000 3.000000 7.000000
      vertex 1.000000 4.000000 7.000000
    endloop
  endfacet
  facet normal 0 0 0
    outer loop
      vertex 0.000000 3.000000 7.000000
      vertex 1.000000 4.000000 7.000000
      vertex 0.000000 4.000000 7.000000
    endloop
  endfacet
  facet normal 0 0 0
    outer loop
      vertex 0.000000 3.000000 6.000000
      vertex 1.000000 3.000000 6.000000
      vertex 1.000000 3.000000 7.000000
    endloop
  endfacet
  facet normal 0 0 0
    outer loop
      vertex 0.000000 3.000000 6.000000
      vertex 1.000000 3.000000 7.000000
      vertex 0.000000 3.000000 7.000000
    endloop
  endfacet
  facet normal 0 0 0
    outer loop
      vertex 1.000000 4.000000 6.000000
      vertex 0.000000 4.000000 6.000000
      vertex 0.000000 4.000000 7.000000
    endloop
  endfacet
  facet normal 0 0 0
    outer loop
      vertex 1.000000 4.000000 6.000000
      vertex 0.000000 4.000000 7.000000
      vertex 1.000000 4.000000 7.000000
    endloop
  endfacet
  facet normal 0 0 0
    outer loop
      vertex 1.000000 3.000000 6.000000
      vertex 1.000000 4.000000 6.000000
      vertex 1.000000 4.000000 7.000000
    endloop
  endfacet
  facet normal 0 0 0
    outer loop
      vertex 1.000000 3.000000 6.000000
      vertex 1.000000 4.000000 7.000000
      vertex 1.000000 3.000000 7.000000
    endloop
  endfacet
  facet normal 0 0 0
    outer loop
      vertex 0.000000 4.000000 6.000000
      vertex 0.000000 3.000000 6.000000
      vertex 0.000000 3.000000 7.000000
    endloop
  endfacet
  facet normal 0 0 0
    outer loop
      vertex 0.000000 4.000000 6.000000
      vertex 0.000000 3.000000 7.000000
      vertex 0.000000 4.000000 7.000000
    endloop
  endfacet
  facet normal 0 0 0
    outer loop
      vertex 0.000000 3.000000 7.000000
      vertex 1.000000 4.000000 7.000000
      vertex 1.000000 3.000000 7.000000
    endloop
  endfacet
  facet normal 0 0 0
    outer loop
      vertex 0.000000 3.000000 7.000000
      vertex 0.000000 4.000000 7.000000
      vertex 1.000000 4.000000 7.000000
    endloop
  endfacet
  facet normal 0 0 0
    outer loop
      vertex 0.000000 3.000000 8.000000
      vertex 1.000000 3.000000 8.000000
      vertex 1.000000 4.000000 8.000000
    endloop
  endfacet
  facet normal 0 0 0
    outer loop
      vertex 0.000000 3.000000 8.000000
      vertex 1.000000 4.000000 8.000000
      vertex 0.000000 4.000000 8.000000
    endloop
  endfacet
  facet normal 0 0 0
    outer loop
      vertex 0.000000 3.000000 7.000000
      vertex 1.000000 3.000000 7.000000
      vertex 1.000000 3.000000 8.000000
    endloop
  endfacet
  facet normal 0 0 0
    outer loop
      vertex 0.000000 3.000000 7.000000
      vertex 1.000000 3.000000 8.000000
      vertex 0.000000 3.000000 8.000000
    endloop
  endfacet
  facet normal 0 0 0
    outer loop
      vertex 1.000000 4.000000 7.000000
      vertex 0.000000 4.000000 7.000000
      vertex 0.000000 4.000000 8.000000
    endloop
  endfacet
  facet normal 0 0 0
    outer loop
      vertex 1.000000 4.000000 7.000000
      vertex 0.000000 4.000000 8.000000
      vertex 1.000000 4.000000 8.000000
    endloop
  endfacet
  facet normal 0 0 0
    outer loop
      vertex 1.000000 3.000000 7.000000
      vertex 1.000000 4.000000 7.000000
      vertex 1.000000 4.000000 8.000000
    endloop
  endfacet
  facet normal 0 0 0
    outer loop
      vertex 1.000000 3.000000 7.000000
      vertex 1.000000 4.000000 8.000000
      vertex 1.000000 3.000000 8.000000
    endloop
  endfacet
  facet normal 0 0 0
    outer loop
      vertex 0.000000 4.000000 7.000000
      vertex 0.000000 3.000000 7.000000
      vertex 0.000000 3.000000 8.000000
    endloop
  endfacet
  facet normal 0 0 0
    outer loop
      vertex 0.000000 4.000000 7.000000
      vertex 0.000000 3.000000 8.000000
      vertex 0.000000 4.000000 8.000000
    endloop
  endfacet
  facet normal 0 0 0
    outer loop
      vertex 0.000000 3.000000 8.000000
      vertex 1.000000 4.000000 8.000000
      vertex 1.000000 3.000000 8.000000
    endloop
  endfacet
  facet normal 0 0 0
    outer loop
      vertex 0.000000 3.000000 8.000000
      vertex 0.000000 4.000000 8.000000
      vertex 1.000000 4.000000 8.000000
    endloop
  endfacet
  facet normal 0 0 0
    outer loop
      vertex 0.000000 3.000000 9.000000
      vertex 1.000000 3.000000 9.000000
      vertex 1.000000 4.000000 9.000000
    endloop
  endfacet
  facet normal 0 0 0
    outer loop
      vertex 0.000000 3.000000 9.000000
      vertex 1.000000 4.000000 9.000000
      vertex 0.000000 4.000000 9.000000
    endloop
  endfacet
  facet normal 0 0 0
    outer loop
      vertex 0.000000 3.000000 8.000000
      vertex 1.000000 3.000000 8.000000
      vertex 1.000000 3.000000 9.000000
    endloop
  endfacet
  facet normal 0 0 0
    outer loop
      vertex 0.000000 3.000000 8.000000
      vertex 1.000000 3.000000 9.000000
      vertex 0.000000 3.000000 9.000000
    endloop
  endfacet
  facet normal 0 0 0
    outer loop
      vertex 1.000000 4.000000 8.000000
      vertex 0.000000 4.000000 8.000000
      vertex 0.000000 4.000000 9.000000
    endloop
  endfacet
  facet normal 0 0 0
    outer loop
      vertex 1.000000 4.000000 8.000000
      vertex 0.000000 4.000000 9.000000
      vertex 1.000000 4.000000 9.000000
    endloop
  endfacet
  facet normal 0 0 0
    outer loop
      vertex 1.000000 3.000000 8.000000
      vertex 1.000000 4.000000 8.000000
      vertex 1.000000 4.000000 9.000000
    endloop
  endfacet
  facet normal 0 0 0
    outer loop
      vertex 1.000000 3.000000 8.000000
      vertex 1.000000 4.000000 9.000000
      vertex 1.000000 3.000000 9.000000
    endloop
  endfacet
  facet normal 0 0 0
    outer loop
      vertex 0.000000 4.000000 8.000000
      vertex 0.000000 3.000000 8.000000
      vertex 0.000000 3.000000 9.000000
    endloop
  endfacet
  facet normal 0 0 0
    outer loop
      vertex 0.000000 4.000000 8.000000
      vertex 0.000000 3.000000 9.000000
      vertex 0.000000 4.000000 9.000000
    endloop
  endfacet
  facet normal 0 0 0
    outer loop
      vertex 0.000000 4.000000 6.000000
      vertex 1.000000 5.000000 6.000000
      vertex 1.000000 4.000000 6.000000
    endloop
  endfacet
  facet normal 0 0 0
    outer loop
      vertex 0.000000 4.000000 6.000000
      vertex 0.000000 5.000000 6.000000
      vertex 1.000000 5.000000 6.000000
    endloop
  endfacet
  facet normal 0 0 0
    outer loop
      vertex 0.000000 4.000000 7.000000
      vertex 1.000000 4.000000 7.000000
      vertex 1.000000 5.000000 7.000000
    endloop
  endfacet
  facet normal 0 0 0
    outer loop
      vertex 0.000000 4.000000 7.000000
      vertex 1.000000 5.000000 7.000000
      vertex 0.000000 5.000000 7.000000
    endloop
  endfacet
  facet normal 0 0 0
    outer loop
      vertex 0.000000 4.000000 6.000000
      vertex 1.000000 4.000000 6.000000
      vertex 1.000000 4.000000 7.000000
    endloop
  endfacet
  facet normal 0 0 0
    outer loop
      vertex 0.000000 4.000000 6.000000
      vertex 1.000000 4.000000 7.000000
      vertex 0.000000 4.000000 7.000000
    endloop
  endfacet
  facet normal 0 0 0
    outer loop
      vertex 1.000000 5.000000 6.000000
      vertex 0.000000 5.000000 6.000000
      vertex 0.000000 5.000000 7.000000
    endloop
  endfacet
  facet normal 0 0 0
    outer loop
      vertex 1.000000 5.000000 6.000000
      vertex 0.000000 5.000000 7.000000
      vertex 1.000000 5.000000 7.000000
    endloop
  endfacet
  facet normal 0 0 0
    outer loop
      vertex 1.000000 4.000000 6.000000
      vertex 1.000000 5.000000 6.000000
      vertex 1.000000 5.000000 7.000000
    endloop
  endfacet
  facet normal 0 0 0
    outer loop
      vertex 1.000000 4.000000 6.000000
      vertex 1.000000 5.000000 7.000000
      vertex 1.000000 4.000000 7.000000
    endloop
  endfacet
  facet normal 0 0 0
    outer loop
      vertex 0.000000 5.000000 6.000000
      vertex 0.000000 4.000000 6.000000
      vertex 0.000000 4.000000 7.000000
    endloop
  endfacet
  facet normal 0 0 0
    outer loop
      vertex 0.000000 5.000000 6.000000
      vertex 0.000000 4.000000 7.000000
      vertex 0.000000 5.000000 7.000000
    endloop
  endfacet
  facet normal 0 0 0
    outer loop
      vertex 0.000000 4.000000 8.000000
      vertex 1.000000 5.000000 8.000000
      vertex 1.000000 4.000000 8.000000
    endloop
  endfacet
  facet normal 0 0 0
    outer loop
      vertex 0.000000 4.000000 8.000000
      vertex 0.000000 5.000000 8.000000
      vertex 1.000000 5.000000 8.000000
    endloop
  endfacet
  facet normal 0 0 0
    outer loop
      vertex 0.000000 4.000000 9.000000
      vertex 1.000000 4.000000 9.000000
      vertex 1.000000 5.000000 9.000000
    endloop
  endfacet
  facet normal 0 0 0
    outer loop
      vertex 0.000000 4.000000 9.000000
      vertex 1.000000 5.000000 9.000000
      vertex 0.000000 5.000000 9.000000
    endloop
  endfacet
  facet normal 0 0 0
    outer loop
      vertex 0.000000 4.000000 8.000000
      vertex 1.000000 4.000000 8.000000
      vertex 1.000000 4.000000 9.000000
    endloop
  endfacet
  facet normal 0 0 0
    outer loop
      vertex 0.000000 4.000000 8.000000
      vertex 1.000000 4.000000 9.000000
      vertex 0.000000 4.000000 9.000000
    endloop
  endfacet
  facet normal 0 0 0
    outer loop
      vertex 1.000000 5.000000 8.000000
      vertex 0.000000 5.000000 8.000000
      vertex 0.000000 5.000000 9.000000
    endloop
  endfacet
  facet normal 0 0 0
    outer loop
      vertex 1.000000 5.000000 8.000000
      vertex 0.000000 5.000000 9.000000
      vertex 1.000000 5.000000 9.000000
    endloop
  endfacet
  facet normal 0 0 0
    outer loop
      vertex 1.000000 4.000000 8.000000
      vertex 1.000000 5.000000 8.000000
      vertex 1.000000 5.000000 9.000000
    endloop
  endfacet
  facet normal 0 0 0
    outer loop
      vertex 1.000000 4.000000 8.000000
      vertex 1.000000 5.000000 9.000000
      vertex 1.000000 4.000000 9.000000
    endloop
  endfacet
  facet normal 0 0 0
    outer loop
      vertex 0.000000 5.000000 8.000000
      vertex 0.000000 4.000000 8.000000
      vertex 0.000000 4.000000 9.000000
    endloop
  endfacet
  facet normal 0 0 0
    outer loop
      vertex 0.000000 5.000000 8.000000
      vertex 0.000000 4.000000 9.000000
      vertex 0.000000 5.000000 9.000000
    endloop
  endfacet
  facet normal 0 0 0
    outer loop
      vertex 0.000000 5.000000 6.000000
      vertex 1.000000 6.000000 6.000000
      vertex 1.000000 5.000000 6.000000
    endloop
  endfacet
  facet normal 0 0 0
    outer loop
      vertex 0.000000 5.000000 6.000000
      vertex 0.000000 6.000000 6.000000
      vertex 1.000000 6.000000 6.000000
    endloop
  endfacet
  facet normal 0 0 0
    outer loop
      vertex 0.000000 5.000000 7.000000
      vertex 1.000000 5.000000 7.000000
      vertex 1.000000 6.000000 7.000000
    endloop
  endfacet
  facet normal 0 0 0
    outer loop
      vertex 0.000000 5.000000 7.000000
      vertex 1.000000 6.000000 7.000000
      vertex 0.000000 6.000000 7.000000
    endloop
  endfacet
  facet normal 0 0 0
    outer loop
      vertex 0.000000 5.000000 6.000000
      vertex 1.000000 5.000000 6.000000
      vertex 1.000000 5.000000 7.000000
    endloop
  endfacet
  facet normal 0 0 0
    outer loop
      vertex 0.000000 5.000000 6.000000
      vertex 1.000000 5.000000 7.000000
      vertex 0.000000 5.000000 7.000000
    endloop
  endfacet
  facet normal 0 0 0
    outer loop
      vertex 1.000000 6.000000 6.000000
      vertex 0.000000 6.000000 6.000000
      vertex 0.000000 6.000000 7.000000
    endloop
  endfacet
  facet normal 0 0 0
    outer loop
      vertex 1.000000 6.000000 6.000000
      vertex 0.000000 6.000000 7.000000
      vertex 1.000000 6.000000 7.000000
    endloop
  endfacet
  facet normal 0 0 0
    outer loop
      vertex 1.000000 5.000000 6.000000
      vertex 1.000000 6.000000 6.000000
      vertex 1.000000 6.000000 7.000000
    endloop
  endfacet
  facet normal 0 0 0
    outer loop
      vertex 1.000000 5.000000 6.000000
      vertex 1.000000 6.000000 7.000000
      vertex 1.000000 5.000000 7.000000
    endloop
  endfacet
  facet normal 0 0 0
    outer loop
      vertex 0.000000 6.000000 6.000000
      vertex 0.000000 5.000000 6.000000
      vertex 0.000000 5.000000 7.000000
    endloop
  endfacet
  facet normal 0 0 0
    outer loop
      vertex 0.000000 6.000000 6.000000
      vertex 0.000000 5.000000 7.000000
      vertex 0.000000 6.000000 7.000000
    endloop
  endfacet
  facet normal 0 0 0
    outer loop
      vertex 0.000000 5.000000 7.000000
      vertex 1.000000 6.000000 7.000000
      vertex 1.000000 5.000000 7.000000
    endloop
  endfacet
  facet normal 0 0 0
    outer loop
      vertex 0.000000 5.000000 7.000000
      vertex 0.000000 6.000000 7.000000
      vertex 1.000000 6.000000 7.000000
    endloop
  endfacet
  facet normal 0 0 0
    outer loop
      vertex 0.000000 5.000000 8.000000
      vertex 1.000000 5.000000 8.000000
      vertex 1.000000 6.000000 8.000000
    endloop
  endfacet
  facet normal 0 0 0
    outer loop
      vertex 0.000000 5.000000 8.000000
      vertex 1.000000 6.000000 8.000000
      vertex 0.000000 6.000000 8.000000
    endloop
  endfacet
  facet normal 0 0 0
    outer loop
      vertex 0.000000 5.000000 7.000000
      vertex 1.000000 5.000000 7.000000
      vertex 1.000000 5.000000 8.000000
    endloop
  endfacet
  facet normal 0 0 0
    outer loop
      vertex 0.000000 5.000000 7.000000
      vertex 1.000000 5.000000 8.000000
      vertex 0.000000 5.000000 8.000000
    endloop
  endfacet
  facet normal 0 0 0
    outer loop
      vertex 1.000000 6.000000 7.000000
      vertex 0.000000 6.000000 7.000000
      vertex 0.000000 6.000000 8.000000
    endloop
  endfacet
  facet normal 0 0 0
    outer loop
      vertex 1.000000 6.000000 7.000000
      vertex 0.000000 6.000000 8.000000
      vertex 1.000000 6.000000 8.000000
    endloop
  endfacet
  facet normal 0 0 0
    outer loop
      vertex 1.000000 5.000000 7.000000
      vertex 1.000000 6.000000 7.000000
      vertex 1.000000 6.000000 8.000000
    endloop
  endfacet
  facet normal 0 0 0
    outer loop
      vertex 1.000000 5.000000 7.000000
      vertex 1.000000 6.000000 8.000000
      vertex 1.000000 5.000000 8.000000
    endloop
  endfacet
  facet normal 0 0 0
    outer loop
      vertex 0.000000 6.000000 7.000000
      vertex 0.000000 5.000000 7.000000
      vertex 0.000000 5.000000 8.000000
    endloop
  endfacet
  facet normal 0 0 0
    outer loop
      vertex 0.000000 6.000000 7.000000
      vertex 0.000000 5.000000 8.000000
      vertex 0.000000 6.000000 8.000000
    endloop
  endfacet
  facet normal 0 0 0
    outer loop
      vertex 0.000000 5.000000 8.000000
      vertex 1.000000 6.000000 8.000000
      vertex 1.000000 5.000000 8.000000
    endloop
  endfacet
  facet normal 0 0 0
    outer loop
      vertex 0.000000 5.000000 8.000000
      vertex 0.000000 6.000000 8.000000
      vertex 1.000000 6.000000 8.000000
    endloop
  endfacet
  facet normal 0 0 0
    outer loop
      vertex 0.000000 5.000000 9.000000
      vertex 1.000000 5.000000 9.000000
      vertex 1.000000 6.000000 9.000000
    endloop
  endfacet
  facet normal 0 0 0
    outer loop
      vertex 0.000000 5.000000 9.000000
      vertex 1.000000 6.000000 9.000000
      vertex 0.000000 6.000000 9.000000
    endloop
  endfacet
  facet normal 0 0 0
    outer loop
      vertex 0.000000 5.000000 8.000000
      vertex 1.000000 5.000000 8.000000
      vertex 1.000000 5.000000 9.000000
    endloop
  endfacet
  facet normal 0 0 0
    outer loop
      vertex 0.000000 5.000000 8.000000
      vertex 1.000000 5.000000 9.000000
      vertex 0.000000 5.000000 9.000000
    endloop
  endfacet
  facet normal 0 0 0
    outer loop
      vertex 1.000000 6.000000 8.000000
      vertex 0.000000 6.000000 8.000000
      vertex 0.000000 6.000000 9.000000
    endloop
  endfacet
  facet normal 0 0 0
    outer loop
      vertex 1.000000 6.000000 8.000000
      vertex 0.000000 6.000000 9.000000
      vertex 1.000000 6.000000 9.000000
    endloop
  endfacet
  facet normal 0 0 0
    outer loop
      vertex 1.000000 5.000000 8.000000
      vertex 1.000000 6.000000 8.000000
      vertex 1.000000 6.000000 9.000000
    endloop
  endfacet
  facet normal 0 0 0
    outer loop
      vertex 1.000000 5.000000 8.000000
      vertex 1.000000 6.000000 9.000000
      vertex 1.000000 5.000000 9.000000
    endloop
  endfacet
  facet normal 0 0 0
    outer loop
      vertex 0.000000 6.000000 8.000000
      vertex 0.000000 5.000000 8.000000
      vertex 0.000000 5.000000 9.000000
    endloop
  endfacet
  facet normal 0 0 0
    outer loop
      vertex 0.000000 6.000000 8.000000
      vertex 0.000000 5.000000 9.000000
      vertex 0.000000 6.000000 9.000000
    endloop
  endfacet
  facet normal 0 0 0
    outer loop
      vertex 1.000000 3.000000 6.000000
      vertex 2.000000 4.000000 6.000000
      vertex 2.000000 3.000000 6.000000
    endloop
  endfacet
  facet normal 0 0 0
    outer loop
      vertex 1.000000 3.000000 6.000000
      vertex 1.000000 4.000000 6.000000
      vertex 2.000000 4.000000 6.000000
    endloop
  endfacet
  facet normal 0 0 0
    outer loop
      vertex 1.000000 3.000000 7.000000
      vertex 2.000000 3.000000 7.000000
      vertex 2.000000 4.000000 7.000000
    endloop
  endfacet
  facet normal 0 0 0
    outer loop
      vertex 1.000000 3.000000 7.000000
      vertex 2.000000 4.000000 7.000000
      vertex 1.000000 4.000000 7.000000
    endloop
  endfacet
  facet normal 0 0 0
    outer loop
      vertex 1.000000 3.000000 6.000000
      vertex 2.000000 3.000000 6.000000
      vertex 2.000000 3.000000 7.000000
    endloop
  endfacet
  facet normal 0 0 0
    outer loop
      vertex 1.000000 3.000000 6.000000
      vertex 2.000000 3.000000 7.000000
      vertex 1.000000 3.000000 7.000000
    endloop
  endfacet
  facet normal 0 0 0
    outer loop
      vertex 2.000000 4.000000 6.000000
      vertex 1.000000 4.000000 6.000000
      vertex 1.000000 4.000000 7.000000
    endloop
  endfacet
  facet normal 0 0 0
    outer loop
      vertex 2.000000 4.000000 6.000000
      vertex 1.000000 4.000000 7.000000
      vertex 2.000000 4.000000 7.000000
    endloop
  endfacet
  facet normal 0 0 0
    outer loop
      vertex 2.000000 3.000000 6.000000
      vertex 2.000000 4.000000 6.000000
      vertex 2.000000 4.000000 7.000000
    endloop
  endfacet
  facet normal 0 0 0
    outer loop
      vertex 2.000000 3.000000 6.000000
      vertex 2.000000 4.000000 7.000000
      vertex 2.000000 3.000000 7.000000
    endloop
  endfacet
  facet normal 0 0 0
    outer loop
      vertex 1.000000 4.000000 6.000000
      vertex 1.000000 3.000000 6.000000
      vertex 1.000000 3.000000 7.000000
    endloop
  endfacet
  facet normal 0 0 0
    outer loop
      vertex 1.000000 4.000000 6.000000
      vertex 1.000000 3.000000 7.000000
      vertex 1.000000 4.000000 7.000000
    endloop
  endfacet
  facet normal 0 0 0
    outer loop
      vertex 1.000000 3.000000 8.000000
      vertex 2.000000 4.000000 8.000000
      vertex 2.000000 3.000000 8.000000
    endloop
  endfacet
  facet normal 0 0 0
    outer loop
      vertex 1.000000 3.000000 8.000000
      vertex 1.000000 4.000000 8.000000
      vertex 2.000000 4.000000 8.000000
    endloop
  endfacet
  facet normal 0 0 0
    outer loop
      vertex 1.000000 3.000000 9.000000
      vertex 2.000000 3.000000 9.000000
      vertex 2.000000 4.000000 9.000000
    endloop
  endfacet
  facet normal 0 0 0
    outer loop
      vertex 1.000000 3.000000 9.000000
      vertex 2.000000 4.000000 9.000000
      vertex 1.000000 4.000000 9.000000
    endloop
  endfacet
  facet normal 0 0 0
    outer loop
      vertex 1.000000 3.000000 8.000000
      vertex 2.000000 3.000000 8.000000
      vertex 2.000000 3.000000 9.000000
    endloop
  endfacet
  facet normal 0 0 0
    outer loop
      vertex 1.000000 3.000000 8.000000
      vertex 2.000000 3.000000 9.000000
      vertex 1.000000 3.000000 9.000000
    endloop
  endfacet
  facet normal 0 0 0
    outer loop
      vertex 2.000000 4.000000 8.000000
      vertex 1.000000 4.000000 8.000000
      vertex 1.000000 4.000000 9.000000
    endloop
  endfacet
  facet normal 0 0 0
    outer loop
      vertex 2.000000 4.000000 8.000000
      vertex 1.000000 4.000000 9.000000
      vertex 2.000000 4.000000 9.000000
    endloop
  endfacet
  facet normal 0 0 0
    outer loop
      vertex 2.000000 3.000000 8.000000
      vertex 2.000000 4.000000 8.000000
      vertex 2.000000 4.000000 9.000000
    endloop
  endfacet
  facet normal 0 0 0
    outer loop
      vertex 2.000000 3.000000 8.000000
      vertex 2.000000 4.000000 9.000000
      vertex 2.000000 3.000000 9.000000
    endloop
  endfacet
  facet normal 0 0 0
    outer loop
      vertex 1.000000 4.000000 8.000000
      vertex 1.000000 3.000000 8.000000
      vertex 1.000000 3.000000 9.000000
    endloop
  endfacet
  facet normal 0 0 0
    outer loop
      vertex 1.000000 4.000000 8.000000
      vertex 1.000000 3.000000 9.000000
      vertex 1.000000 4.000000 9.000000
    endloop
  endfacet
  facet normal 0 0 0
    outer loop
      vertex 1.000000 5.000000 6.000000
      vertex 2.000000 6.000000 6.000000
      vertex 2.000000 5.000000 6.000000
    endloop
  endfacet
  facet normal 0 0 0
    outer loop
      vertex 1.000000 5.000000 6.000000
      vertex 1.000000 6.000000 6.000000
      vertex 2.000000 6.000000 6.000000
    endloop
  endfacet
  facet normal 0 0 0
    outer loop
      vertex 1.000000 5.000000 7.000000
      vertex 2.000000 5.000000 7.000000
      vertex 2.000000 6.000000 7.000000
    endloop
  endfacet
  facet normal 0 0 0
    outer loop
      vertex 1.000000 5.000000 7.000000
      vertex 2.000000 6.000000 7.000000
      vertex 1.000000 6.000000 7.000000
    endloop
  endfacet
  facet normal 0 0 0
    outer loop
      vertex 1.000000 5.000000 6.000000
      vertex 2.000000 5.000000 6.000000
      vertex 2.000000 5.000000 7.000000
    endloop
  endfacet
  facet normal 0 0 0
    outer loop
      vertex 1.000000 5.000000 6.000000
      vertex 2.000000 5.000000 7.000000
      vertex 1.000000 5.000000 7.000000
    endloop
  endfacet
  facet normal 0 0 0
    outer loop
      vertex 2.000000 6.000000 6.000000
      vertex 1.000000 6.000000 6.000000
      vertex 1.000000 6.000000 7.000000
    endloop
  endfacet
  facet normal 0 0 0
    outer loop
      vertex 2.000000 6.000000 6.000000
      vertex 1.000000 6.000000 7.000000
      vertex 2.000000 6.000000 7.000000
    endloop
  endfacet
  facet normal 0 0 0
    outer loop
      vertex 2.000000 5.000000 6.000000
      vertex 2.000000 6.000000 6.000000
      vertex 2.000000 6.000000 7.000000
    endloop
  endfacet
  facet normal 0 0 0
    outer loop
      vertex 2.000000 5.000000 6.000000
      vertex 2.000000 6.000000 7.000000
      vertex 2.000000 5.000000 7.000000
    endloop
  endfacet
  facet normal 0 0 0
    outer loop
      vertex 1.000000 6.000000 6.000000
      vertex 1.000000 5.000000 6.000000
      vertex 1.000000 5.000000 7.000000
    endloop
  endfacet
  facet normal 0 0 0
    outer loop
      vertex 1.000000 6.000000 6.000000
      vertex 1.000000 5.000000 7.000000
      vertex 1.000000 6.000000 7.000000
    endloop
  endfacet
  facet normal 0 0 0
    outer loop
      vertex 1.000000 5.000000 8.000000
      vertex 2.000000 6.000000 8.000000
      vertex 2.000000 5.000000 8.000000
    endloop
  endfacet
  facet normal 0 0 0
    outer loop
      vertex 1.000000 5.000000 8.000000
      vertex 1.000000 6.000000 8.000000
      vertex 2.000000 6.000000 8.000000
    endloop
  endfacet
  facet normal 0 0 0
    outer loop
      vertex 1.000000 5.000000 9.000000
      vertex 2.000000 5.000000 9.000000
      vertex 2.000000 6.000000 9.000000
    endloop
  endfacet
  facet normal 0 0 0
    outer loop
      vertex 1.000000 5.000000 9.000000
      vertex 2.000000 6.000000 9.000000
      vertex 1.000000 6.000000 9.000000
    endloop
  endfacet
  facet normal 0 0 0
    outer loop
      vertex 1.000000 5.000000 8.000000
      vertex 2.000000 5.000000 8.000000
      vertex 2.000000 5.000000 9.000000
    endloop
  endfacet
  facet normal 0 0 0
    outer loop
      vertex 1.000000 5.000000 8.000000
      vertex 2.000000 5.000000 9.000000
      vertex 1.000000 5.000000 9.000000
    endloop
  endfacet
  facet normal 0 0 0
    outer loop
      vertex 2.000000 6.000000 8.000000
      vertex 1.000000 6.000000 8.000000
      vertex 1.000000 6.000000 9.000000
    endloop
  endfacet
  facet normal 0 0 0
    outer loop
      vertex 2.000000 6.000000 8.000000
      vertex 1.000000 6.000000 9.000000
      vertex 2.000000 6.000000 9.000000
    endloop
  endfacet
  facet normal 0 0 0
    outer loop
      vertex 2.000000 5.000000 8.000000
      vertex 2.000000 6.000000 8.000000
      vertex 2.000000 6.000000 9.000000
    endloop
  endfacet
  facet normal 0 0 0
    outer loop
      vertex 2.000000 5.000000 8.000000
      vertex 2.000000 6.000000 9.000000
      vertex 2.000000 5.000000 9.000000
    endloop
  endfacet
  facet normal 0 0 0
    outer loop
      vertex 1.000000 6.000000 8.000000
      vertex 1.000000 5.000000 8.000000
      vertex 1.000000 5.000000 9.000000
    endloop
  endfacet
  facet normal 0 0 0
    outer loop
      vertex 1.000000 6.000000 8.000000
      vertex 1.000000 5.000000 9.000000
      vertex 1.000000 6.000000 9.000000
    endloop
  endfacet
  facet normal 0 0 0
    outer loop
      vertex 2.000000 3.000000 6.000000
      vertex 3.000000 4.000000 6.000000
      vertex 3.000000 3.000000 6.000000
    endloop
  endfacet
  facet normal 0 0 0
    outer loop
      vertex 2.000000 3.000000 6.000000
      vertex 2.000000 4.000000 6.000000
      vertex 3.000000 4.000000 6.000000
    endloop
  endfacet
  facet normal 0 0 0
    outer loop
      vertex 2.000000 3.000000 7.000000
      vertex 3.000000 3.000000 7.000000
      vertex 3.000000 4.000000 7.000000
    endloop
  endfacet
  facet normal 0 0 0
    outer loop
      vertex 2.000000 3.000000 7.000000
      vertex 3.000000 4.000000 7.000000
      vertex 2.000000 4.000000 7.000000
    endloop
  endfacet
  facet normal 0 0 0
    outer loop
      vertex 2.000000 3.000000 6.000000
      vertex 3.000000 3.000000 6.000000
      vertex 3.000000 3.000000 7.000000
    endloop
  endfacet
  facet normal 0 0 0
    outer loop
      vertex 2.000000 3.000000 6.000000
      vertex 3.000000 3.000000 7.000000
      vertex 2.000000 3.000000 7.000000
    endloop
  endfacet
  facet normal 0 0 0
    outer loop
      vertex 3.000000 4.000000 6.000000
      vertex 2.000000 4.000000 6.000000
      vertex 2.000000 4.000000 7.000000
    endloop
  endfacet
  facet normal 0 0 0
    outer loop
      vertex 3.000000 4.000000 6.000000
      vertex 2.000000 4.000000 7.000000
      vertex 3.000000 4.000000 7.000000
    endloop
  endfacet
  facet normal 0 0 0
    outer loop
      vertex 3.000000 3.000000 6.000000
      vertex 3.000000 4.000000 6.000000
      vertex 3.000000 4.000000 7.000000
    endloop
  endfacet
  facet normal 0 0 0
    outer loop
      vertex 3.000000 3.000000 6.000000
      vertex 3.000000 4.000000 7.000000
      vertex 3.000000 3.000000 7.000000
    endloop
  endfacet
  facet normal 0 0 0
    outer loop
      vertex 2.000000 4.000000 6.000000
      vertex 2.000000 3.000000 6.000000
      vertex 2.000000 3.000000 7.000000
    endloop
  endfacet
  facet normal 0 0 0
    outer loop
      vertex 2.000000 4.000000 6.000000
      vertex 2.000000 3.000000 7.000000
      vertex 2.000000 4.000000 7.000000
    endloop
  endfacet
  facet normal 0 0 0
    outer loop
      vertex 2.000000 3.000000 7.000000
      vertex 3.000000 4.000000 7.000000
      vertex 3.000000 3.000000 7.000000
    endloop
  endfacet
  facet normal 0 0 0
    outer loop
      vertex 2.000000 3.000000 7.000000
      vertex 2.000000 4.000000 7.000000
      vertex 3.000000 4.000000 7.000000
    endloop
  endfacet
  facet normal 0 0 0
    outer loop
      vertex 2.000000 3.000000 8.000000
      vertex 3.000000 3.000000 8.000000
      vertex 3.000000 4.000000 8.000000
    endloop
  endfacet
  facet normal 0 0 0
    outer loop
      vertex 2.000000 3.000000 8.000000
      vertex 3.000000 4.000000 8.000000
      vertex 2.000000 4.000000 8.000000
    endloop
  endfacet
  facet normal 0 0 0
    outer loop
      vertex 2.000000 3.000000 7.000000
      vertex 3.000000 3.000000 7.000000
      vertex 3.000000 3.000000 8.000000
    endloop
  endfacet
  facet normal 0 0 0
    outer loop
      vertex 2.000000 3.000000 7.000000
      vertex 3.000000 3.000000 8.000000
      vertex 2.000000 3.000000 8.000000
    endloop
  endfacet
  facet normal 0 0 0
    outer loop
      vertex 3.000000 4.000000 7.000000
      vertex 2.000000 4.000000 7.000000
      vertex 2.000000 4.000000 8.000000
    endloop
  endfacet
  facet normal 0 0 0
    outer loop
      vertex 3.000000 4.000000 7.000000
      vertex 2.000000 4.000000 8.000000
      vertex 3.000000 4.000000 8.000000
    endloop
  endfacet
  facet normal 0 0 0
    outer loop
      vertex 3.000000 3.000000 7.000000
      vertex 3.000000 4.000000 7.000000
      vertex 3.000000 4.000000 8.000000
    endloop
  endfacet
  facet normal 0 0 0
    outer loop
      vertex 3.000000 3.000000 7.000000
      vertex 3.000000 4.000000 8.000000
      vertex 3.000000 3.000000 8.000000
    endloop
  endfacet
  facet normal 0 0 0
    outer loop
      vertex 2.000000 4.000000 7.000000
      vertex 2.000000 3.000000 7.000000
      vertex 2.000000 3.000000 8.000000
    endloop
  endfacet
  facet normal 0 0 0
    outer loop
      vertex 2.000000 4.000000 7.000000
      vertex 2.000000 3.000000 8.000000
      vertex 2.000000 4.000000 8.000000
    endloop
  endfacet
  facet normal 0 0 0
    outer loop
      vertex 2.000000 3.000000 8.000000
      vertex 3.000000 4.000000 8.000000
      vertex 3.000000 3.000000 8.000000
    endloop
  endfacet
  facet normal 0 0 0
    outer loop
      vertex 2.000000 3.000000 8.000000
      vertex 2.000000 4.000000 8.000000
      vertex 3.000000 4.000000 8.000000
    endloop
  endfacet
  facet normal 0 0 0
    outer loop
      vertex 2.000000 3.000000 9.000000
      vertex 3.000000 3.000000 9.000000
      vertex 3.000000 4.000000 9.000000
    endloop
  endfacet
  facet normal 0 0 0
    outer loop
      vertex 2.000000 3.000000 9.000000
      vertex 3.000000 4.000000 9.000000
      vertex 2.000000 4.000000 9.000000
    endloop
  endfacet
  facet normal 0 0 0
    outer loop
      vertex 2.000000 3.000000 8.000000
      vertex 3.000000 3.000000 8.000000
      vertex 3.000000 3.000000 9.000000
    endloop
  endfacet
  facet normal 0 0 0
    outer loop
      vertex 2.000000 3.000000 8.000000
      vertex 3.000000 3.000000 9.000000
      vertex 2.000000 3.000000 9.000000
    endloop
  endfacet
  facet normal 0 0 0
    outer loop
      vertex 3.000000 4.000000 8.000000
      vertex 2.000000 4.000000 8.000000
      vertex 2.000000 4.000000 9.000000
    endloop
  endfacet
  facet normal 0 0 0
    outer loop
      vertex 3.000000 4.000000 8.000000
      vertex 2.000000 4.000000 9.000000
      vertex 3.000000 4.000000 9.000000
    endloop
  endfacet
  facet normal 0 0 0
    outer loop
      vertex 3.000000 3.000000 8.000000
      vertex 3.000000 4.000000 8.000000
      vertex 3.000000 4.000000 9.000000
    endloop
  endfacet
  facet normal 0 0 0
    outer loop
      vertex 3.000000 3.000000 8.000000
      vertex 3.000000 4.000000 9.000000
      vertex 3.000000 3.000000 9.000000
    endloop
  endfacet
  facet normal 0 0 0
    outer loop
      vertex 2.000000 4.000000 8.000000
      vertex 2.000000 3.000000 8.000000
      vertex 2.000000 3.000000 9.000000
    endloop
  endfacet
  facet normal 0 0 0
    outer loop
      vertex 2.000000 4.000000 8.000000
      vertex 2.000000 3.000000 9.000000
      vertex 2.000000 4.000000 9.000000
    endloop
  endfacet
  facet normal 0 0 0
    outer loop
      vertex 2.000000 4.000000 6.000000
      vertex 3.000000 5.000000 6.000000
      vertex 3.000000 4.000000 6.000000
    endloop
  endfacet
  facet normal 0 0 0
    outer loop
      vertex 2.000000 4.000000 6.000000
      vertex 2.000000 5.000000 6.000000
      vertex 3.000000 5.000000 6.000000
    endloop
  endfacet
  facet normal 0 0 0
    outer loop
      vertex 2.000000 4.000000 7.000000
      vertex 3.000000 4.000000 7.000000
      vertex 3.000000 5.000000 7.000000
    endloop
  endfacet
  facet normal 0 0 0
    outer loop
      vertex 2.000000 4.000000 7.000000
      vertex 3.000000 5.000000 7.000000
      vertex 2.000000 5.000000 7.000000
    endloop
  endfacet
  facet normal 0 0 0
    outer loop
      vertex 2.000000 4.000000 6.000000
      vertex 3.000000 4.000000 6.000000
      vertex 3.000000 4.000000 7.000000
    endloop
  endfacet
  facet normal 0 0 0
    outer loop
      vertex 2.000000 4.000000 6.000000
      vertex 3.000000 4.000000 7.000000
      vertex 2.000000 4.000000 7.000000
    endloop
  endfacet
  facet normal 0 0 0
    outer loop
      vertex 3.000000 5.000000 6.000000
      vertex 2.000000 5.000000 6.000000
      vertex 2.000000 5.000000 7.000000
    endloop
  endfacet
  facet normal 0 0 0
    outer loop
      vertex 3.000000 5.000000 6.000000
      vertex 2.000000 5.000000 7.000000
      vertex 3.000000 5.000000 7.000000
    endloop
  endfacet
  facet normal 0 0 0
    outer loop
      vertex 3.000000 4.000000 6.000000
      vertex 3.000000 5.000000 6.000000
      vertex 3.000000 5.000000 7.000000
    endloop
  endfacet
  facet normal 0 0 0
    outer loop
      vertex 3.000000 4.000000 6.000000
      vertex 3.000000 5.000000 7.000000
      vertex 3.000000 4.000000 7.000000
    endloop
  endfacet
  facet normal 0 0 0
    outer loop
      vertex 2.000000 5.000000 6.000000
      vertex 2.000000 4.000000 6.000000
      vertex 2.000000 4.000000 7.000000
    endloop
  endfacet
  facet normal 0 0 0
    outer loop
      vertex 2.000000 5.000000 6.000000
      vertex 2.000000 4.000000 7.000000
      vertex 2.000000 5.000000 7.000000
    endloop
  endfacet
  facet normal 0 0 0
    outer loop
      vertex 2.000000 4.000000 8.000000
      vertex 3.000000 5.000000 8.000000
      vertex 3.000000 4.000000 8.000000
    endloop
  endfacet
  facet normal 0 0 0
    outer loop
      vertex 2.000000 4.000000 8.000000
      vertex 2.000000 5.000000 8.000000
      vertex 3.000000 5.000000 8.000000
    endloop
  endfacet
  facet normal 0 0 0
    outer loop
      vertex 2.000000 4.000000 9.000000
      vertex 3.000000 4.000000 9.000000
      vertex 3.000000 5.000000 9.000000
    endloop
  endfacet
  facet normal 0 0 0
    outer loop
      vertex 2.000000 4.000000 9.000000
      vertex 3.000000 5.000000 9.000000
      vertex 2.000000 5.000000 9.000000
    endloop
  endfacet
  facet normal 0 0 0
    outer loop
      vertex 2.000000 4.000000 8.000000
      vertex 3.000000 4.000000 8.000000
      vertex 3.000000 4.000000 9.000000
    endloop
  endfacet
  facet normal 0 0 0
    outer loop
      vertex 2.000000 4.000000 8.000000
      vertex 3.000000 4.000000 9.000000
      vertex 2.000000 4.000000 9.000000
    endloop
  endfacet
  facet normal 0 0 0
    outer loop
      vertex 3.000000 5.000000 8.000000
      vertex 2.000000 5.000000 8.000000
      vertex 2.000000 5.000000 9.000000
    endloop
  endfacet
  facet normal 0 0 0
    outer loop
      vertex 3.000000 5.000000 8.000000
      vertex 2.000000 5.000000 9.000000
      vertex 3.000000 5.000000 9.000000
    endloop
  endfacet
  facet normal 0 0 0
    outer loop
      vertex 3.000000 4.000000 8.000000
      vertex 3.000000 5.000000 8.000000
      vertex 3.000000 5.000000 9.000000
    endloop
  endfacet
  facet normal 0 0 0
    outer loop
      vertex 3.000000 4.000000 8.000000
      vertex 3.000000 5.000000 9.000000
      vertex 3.000000 4.000000 9.000000
    endloop
  endfacet
  facet normal 0 0 0
    outer loop
      vertex 2.000000 5.000000 8.000000
      vertex 2.000000 4.000000 8.000000
      vertex 2.000000 4.000000 9.000000
    endloop
  endfacet
  facet normal 0 0 0
    outer loop
      vertex 2.000000 5.000000 8.000000
      vertex 2.000000 4.000000 9.000000
      vertex 2.000000 5.000000 9.000000
    endloop
  endfacet
  facet normal 0 0 0
    outer loop
      vertex 2.000000 5.000000 6.000000
      vertex 3.000000 6.000000 6.000000
      vertex 3.000000 5.000000 6.000000
    endloop
  endfacet
  facet normal 0 0 0
    outer loop
      vertex 2.000000 5.000000 6.000000
      vertex 2.000000 6.000000 6.000000
      vertex 3.000000 6.000000 6.000000
    endloop
  endfacet
  facet normal 0 0 0
    outer loop
      vertex 2.000000 5.000000 7.000000
      vertex 3.000000 5.000000 7.000000
      vertex 3.000000 6.000000 7.000000
    endloop
  endfacet
  facet normal 0 0 0
    outer loop
      vertex 2.000000 5.000000 7.000000
      vertex 3.000000 6.000000 7.000000
      vertex 2.000000 6.000000 7.000000
    endloop
  endfacet
  facet normal 0 0 0
    outer loop
      vertex 2.000000 5.000000 6.000000
      vertex 3.000000 5.000000 6.000000
      vertex 3.000000 5.000000 7.000000
    endloop
  endfacet
  facet normal 0 0 0
    outer loop
      vertex 2.000000 5.000000 6.000000
      vertex 3.000000 5.000000 7.000000
      vertex 2.000000 5.000000 7.000000
    endloop
  endfacet
  facet normal 0 0 0
    outer loop
      vertex 3.000000 6.000000 6.000000
      vertex 2.000000 6.000000 6.000000
      vertex 2.000000 6.000000 7.000000
    endloop
  endfacet
  facet normal 0 0 0
    outer loop
      vertex 3.000000 6.000000 6.000000
      vertex 2.000000 6.000000 7.000000
      vertex 3.000000 6.000000 7.000000
    endloop
  endfacet
  facet normal 0 0 0
    outer loop
      vertex 3.000000 5.000000 6.000000
      vertex 3.000000 6.000000 6.000000
      vertex 3.000000 6.000000 7.000000
    endloop
  endfacet
  facet normal 0 0 0
    outer loop
      vertex 3.000000 5.000000 6.000000
      vertex 3.000000 6.000000 7.000000
      vertex 3.000000 5.000000 7.000000
    endloop
  endfacet
  facet normal 0 0 0
    outer loop
      vertex 2.000000 6.000000 6.000000
      vertex 2.000000 5.000000 6.000000
      vertex 2.000000 5.000000 7.000000
    endloop
  endfacet
  facet normal 0 0 0
    outer loop
      vertex 2.000000 6.000000 6.000000
      vertex 2.000000 5.000000 7.000000
      vertex 2.000000 6.000000 7.000000
    endloop
  endfacet
  facet normal 0 0 0
    outer loop
      vertex 2.000000 5.000000 7.000000
      vertex 3.000000 6.000000 7.000000
      vertex 3.000000 5.000000 7.000000
    endloop
  endfacet
  facet normal 0 0 0
    outer loop
      vertex 2.000000 5.000000 7.000000
      vertex 2.000000 6.000000 7.000000
      vertex 3.000000 6.000000 7.000000
    endloop
  endfacet
  facet normal 0 0 0
    outer loop
      vertex 2.000000 5.000000 8.000000
      vertex 3.000000 5.000000 8.000000
      vertex 3.000000 6.000000 8.000000
    endloop
  endfacet
  facet normal 0 0 0
    outer loop
      vertex 2.000000 5.000000 8.000000
      vertex 3.000000 6.000000 8.000000
      vertex 2.000000 6.000000 8.000000
    endloop
  endfacet
  facet normal 0 0 0
    outer loop
      vertex 2.000000 5.000000 7.000000
      vertex 3.000000 5.000000 7.000000
      vertex 3.000000 5.000000 8.000000
    endloop
  endfacet
  facet normal 0 0 0
    outer loop
      vertex 2.000000 5.000000 7.000000
      vertex 3.000000 5.000000 8.000000
      vertex 2.000000 5.000000 8.000000
    endloop
  endfacet
  facet normal 0 0 0
    outer loop
      vertex 3.000000 6.000000 7.000000
      vertex 2.000000 6.000000 7.000000
      vertex 2.000000 6.000000 8.000000
    endloop
  endfacet
  facet normal 0 0 0
    outer loop
      vertex 3.000000 6.000000 7.000000
      vertex 2.000000 6.000000 8.000000
      vertex 3.000000 6.000000 8.000000
    endloop
  endfacet
  facet normal 0 0 0
    outer loop
      vertex 3.000000 5.000000 7.000000
      vertex 3.000000 6.000000 7.000000
      vertex 3.000000 6.000000 8.000000
    endloop
  endfacet
  facet normal 0 0 0
    outer loop
      vertex 3.000000 5.000000 7.000000
      vertex 3.000000 6.000000 8.000000
      vertex 3.000000 5.000000 8.000000
    endloop
  endfacet
  facet normal 0 0 0
    outer loop
      vertex 2.000000 6.000000 7.000000
      vertex 2.000000 5.000000 7.000000
      vertex 2.000000 5.000000 8.000000
    endloop
  endfacet
  facet normal 0 0 0
    outer loop
      vertex 2.000000 6.000000 7.000000
      vertex 2.000000 5.000000 8.000000
      vertex 2.000000 6.000000 8.000000
    endloop
  endfacet
  facet normal 0 0 0
    outer loop
      vertex 2.000000 5.000000 8.000000
      vertex 3.000000 6.000000 8.000000
      vertex 3.000000 5.000000 8.000000
    endloop
  endfacet
  facet normal 0 0 0
    outer loop
      vertex 2.000000 5.000000 8.000000
      vertex 2.000000 6.000000 8.000000
      vertex 3.000000 6.000000 8.000000
    endloop
  endfacet
  facet normal 0 0 0
    outer loop
      vertex 2.000000 5.000000 9.000000
      vertex 3.000000 5.000000 9.000000
      vertex 3.000000 6.000000 9.000000
    endloop
  endfacet
  facet normal 0 0 0
    outer loop
      vertex 2.000000 5.000000 9.000000
      vertex 3.000000 6.000000 9.000000
      vertex 2.000000 6.000000 9.000000
    endloop
  endfacet
  facet normal 0 0 0
    outer loop
      vertex 2.000000 5.000000 8.000000
      vertex 3.000000 5.000000 8.000000
      vertex 3.000000 5.000000 9.000000
    endloop
  endfacet
  facet normal 0 0 0
    outer loop
      vertex 2.000000 5.000000 8.000000
      vertex 3.000000 5.000000 9.000000
      vertex 2.000000 5.000000 9.000000
    endloop
  endfacet
  facet normal 0 0 0
    outer loop
      vertex 3.000000 6.000000 8.000000
      vertex 2.000000 6.000000 8.000000
      vertex 2.000000 6.000000 9.000000
    endloop
  endfacet
  facet normal 0 0 0
    outer loop
      vertex 3.000000 6.000000 8.000000
      vertex 2.000000 6.000000 9.000000
      vertex 3.000000 6.000000 9.000000
    endloop
  endfacet
  facet normal 0 0 0
    outer loop
      vertex 3.000000 5.000000 8.000000
      vertex 3.000000 6.000000 8.000000
      vertex 3.000000 6.000000 9.000000
    endloop
  endfacet
  facet normal 0 0 0
    outer loop
      vertex 3.000000 5.000000 8.000000
      vertex 3.000000 6.000000 9.000000
      vertex 3.000000 5.000000 9.000000
    endloop
  endfacet
  facet normal 0 0 0
    outer loop
      vertex 2.000000 6.000000 8.000000
      vertex 2.000000 5.000000 8.000000
      vertex 2.000000 5.000000 9.000000
    endloop
  endfacet
  facet normal 0 0 0
    outer loop
      vertex 2.000000 6.000000 8.000000
      vertex 2.000000 5.000000 9.000000
      vertex 2.000000 6.000000 9.000000
    endloop
  endfacet
  facet normal 0 0 0
    outer loop
      vertex 0.000000 6.000000 0.000000
      vertex 1.000000 7.000000 0.000000
      vertex 1.000000 6.000000 0.000000
    endloop
  endfacet
  facet normal 0 0 0
    outer loop
      vertex 0.000000 6.000000 0.000000
      vertex 0.000000 7.000000 0.000000
      vertex 1.000000 7.000000 0.000000
    endloop
  endfacet
  facet normal 0 0 0
    outer loop
      vertex 0.000000 6.000000 1.000000
      vertex 1.000000 6.000000 1.000000
      vertex 1.000000 7.000000 1.000000
    endloop
  endfacet
  facet normal 0 0 0
    outer loop
      vertex 0.000000 6.000000 1.000000
      vertex 1.000000 7.000000 1.000000
      vertex 0.000000 7.000000 1.000000
    endloop
  endfacet
  facet normal 0 0 0
    outer loop
      vertex 0.000000 6.000000 0.000000
      vertex 1.000000 6.000000 0.000000
      vertex 1.000000 6.000000 1.000000
    endloop
  endfacet
  facet normal 0 0 0
    outer loop
      vertex 0.000000 6.000000 0.000000
      vertex 1.000000 6.000000 1.000000
      vertex 0.000000 6.000000 1.000000
    endloop
  endfacet
  facet normal 0 0 0
    outer loop
      vertex 1.000000 7.000000 0.000000
      vertex 0.000000 7.000000 0.000000
      vertex 0.000000 7.000000 1.000000
    endloop
  endfacet
  facet normal 0 0 0
    outer loop
      vertex 1.000000 7.000000 0.000000
      vertex 0.000000 7.000000 1.000000
      vertex 1.000000 7.000000 1.000000
    endloop
  endfacet
  facet normal 0 0 0
    outer loop
      vertex 1.000000 6.000000 0.000000
      vertex 1.000000 7.000000 0.000000
      vertex 1.000000 7.000000 1.000000
    endloop
  endfacet
  facet normal 0 0 0
    outer loop
      vertex 1.000000 6.000000 0.000000
      vertex 1.000000 7.000000 1.000000
      vertex 1.000000 6.000000 1.000000
    endloop
  endfacet
  facet normal 0 0 0
    outer loop
      vertex 0.000000 7.000000 0.000000
      vertex 0.000000 6.000000 0.000000
      vertex 0.000000 6.000000 1.000000
    endloop
  endfacet
  facet normal 0 0 0
    outer loop
      vertex 0.000000 7.000000 0.000000
      vertex 0.000000 6.000000 1.000000
      vertex 0.000000 7.000000 1.000000
    endloop
  endfacet
  facet normal 0 0 0
    outer loop
      vertex 0.000000 6.000000 1.000000
      vertex 1.000000 7.000000 1.000000
      vertex 1.000000 6.000000 1.000000
    endloop
  endfacet
  facet normal 0 0 0
    outer loop
      vertex 0.000000 6.000000 1.000000
      vertex 0.000000 7.000000 1.000000
      vertex 1.000000 7.000000 1.000000
    endloop
  endfacet
  facet normal 0 0 0
    outer loop
      vertex 0.000000 6.000000 2.000000
      vertex 1.000000 6.000000 2.000000
      vertex 1.000000 7.000000 2.000000
    endloop
  endfacet
  facet normal 0 0 0
    outer loop
      vertex 0.000000 6.000000 2.000000
      vertex 1.000000 7.000000 2.000000
      vertex 0.000000 7.000000 2.000000
    endloop
  endfacet
  facet normal 0 0 0
    outer loop
      vertex 0.000000 6.000000 1.000000
      vertex 1.000000 6.000000 1.000000
      vertex 1.000000 6.000000 2.000000
    endloop
  endfacet
  facet normal 0 0 0
    outer loop
      vertex 0.000000 6.000000 1.000000
      vertex 1.000000 6.000000 2.000000
      vertex 0.000000 6.000000 2.000000
    endloop
  endfacet
  facet normal 0 0 0
    outer loop
      vertex 1.000000 7.000000 1.000000
      vertex 0.000000 7.000000 1.000000
      vertex 0.000000 7.000000 2.000000
    endloop
  endfacet
  facet normal 0 0 0
    outer loop
      vertex 1.000000 7.000000 1.000000
      vertex 0.000000 7.000000 2.000000
      vertex 1.000000 7.000000 2.000000
    endloop
  endfacet
  facet normal 0 0 0
    outer loop
      vertex 1.000000 6.000000 1.000000
      vertex 1.000000 7.000000 1.000000
      vertex 1.000000 7.000000 2.000000
    endloop
  endfacet
  facet normal 0 0 0
    outer loop
      vertex 1.000000 6.000000 1.000000
      vertex 1.000000 7.000000 2.000000
      vertex 1.000000 6.000000 2.000000
    endloop
  endfacet
  facet normal 0 0 0
    outer loop
      vertex 0.000000 7.000000 1.000000
      vertex 0.000000 6.000000 1.000000
      vertex 0.000000 6.000000 2.000000
    endloop
  endfacet
  facet normal 0 0 0
    outer loop
      vertex 0.000000 7.000000 1.000000
      vertex 0.000000 6.000000 2.000000
      vertex 0.000000 7.000000 2.000000
    endloop
  endfacet
  facet normal 0 0 0
    outer loop
      vertex 0.000000 6.000000 2.000000
      vertex 1.000000 7.000000 2.000000
      vertex 1.000000 6.000000 2.000000
    endloop
  endfacet
  facet normal 0 0 0
    outer loop
      vertex 0.000000 6.000000 2.000000
      vertex 0.000000 7.000000 2.000000
      vertex 1.000000 7.000000 2.000000
    endloop
  endfacet
  facet normal 0 0 0
    outer loop
      vertex 0.000000 6.000000 3.000000
      vertex 1.000000 6.000000 3.000000
      vertex 1.000000 7.000000 3.000000
    endloop
  endfacet
  facet normal 0 0 0
    outer loop
      vertex 0.000000 6.000000 3.000000
      vertex 1.000000 7.000000 3.000000
      vertex 0.000000 7.000000 3.000000
    endloop
  endfacet
  facet normal 0 0 0
    outer loop
      vertex 0.000000 6.000000 2.000000
      vertex 1.000000 6.000000 2.000000
      vertex 1.000000 6.000000 3.000000
    endloop
  endfacet
  facet normal 0 0 0
    outer loop
      vertex 0.000000 6.000000 2.000000
      vertex 1.000000 6.000000 3.000000
      vertex 0.000000 6.000000 3.000000
    endloop
  endfacet
  facet normal 0 0 0
    outer loop
      vertex 1.000000 7.000000 2.000000
      vertex 0.000000 7.000000 2.000000
      vertex 0.000000 7.000000 3.000000
    endloop
  endfacet
  facet normal 0 0 0
    outer loop
      vertex 1.000000 7.000000 2.000000
      vertex 0.000000 7.000000 3.000000
      vertex 1.000000 7.000000 3.000000
    endloop
  endfacet
  facet normal 0 0 0
    outer loop
      vertex 1.000000 6.000000 2.000000
      vertex 1.000000 7.000000 2.000000
      vertex 1.000000 7.000000 3.000000
    endloop
  endfacet
  facet normal 0 0 0
    outer loop
      vertex 1.000000 6.000000 2.000000
      vertex 1.000000 7.000000 3.000000
      vertex 1.000000 6.000000 3.000000
    endloop
  endfacet
  facet normal 0 0 0
    outer loop
      vertex 0.000000 7.000000 2.000000
      vertex 0.000000 6.000000 2.000000
      vertex 0.000000 6.000000 3.000000
    endloop
  endfacet
  facet normal 0 0 0
    outer loop
      vertex 0.000000 7.000000 2.000000
      vertex 0.000000 6.000000 3.000000
      vertex 0.000000 7.000000 3.000000
    endloop
  endfacet
  facet normal 0 0 0
    outer loop
      vertex 0.000000 7.000000 0.000000
      vertex 1.000000 8.000000 0.000000
      vertex 1.000000 7.000000 0.000000
    endloop
  endfacet
  facet normal 0 0 0
    outer loop
      vertex 0.000000 7.000000 0.000000
      vertex 0.000000 8.000000 0.000000
      vertex 1.000000 8.000000 0.000000
    endloop
  endfacet
  facet normal 0 0 0
    outer loop
      vertex 0.000000 7.000000 1.000000
      vertex 1.000000 7.000000 1.000000
      vertex 1.000000 8.000000 1.000000
    endloop
  endfacet
  facet normal 0 0 0
    outer loop
      vertex 0.000000 7.000000 1.000000
      vertex 1.000000 8.000000 1.000000
      vertex 0.000000 8.000000 1.000000
    endloop
  endfacet
  facet normal 0 0 0
    outer loop
      vertex 0.000000 7.000000 0.000000
      vertex 1.000000 7.000000 0.000000
      vertex 1.000000 7.000000 1.000000
    endloop
  endfacet
  facet normal 0 0 0
    outer loop
      vertex 0.000000 7.000000 0.000000
      vertex 1.000000 7.000000 1.000000
      vertex 0.000000 7.000000 1.000000
    endloop
  endfacet
  facet normal 0 0 0
    outer loop
      vertex 1.000000 8.000000 0.000000
      vertex 0.000000 8.000000 0.000000
      vertex 0.000000 8.000000 1.000000
    endloop
  endfacet
  facet normal 0 0 0
    outer loop
      vertex 1.000000 8.000000 0.000000
      vertex 0.000000 8.000000 1.000000
      vertex 1.000000 8.000000 1.000000
    endloop
  endfacet
  facet normal 0 0 0
    outer loop
      vertex 1.000000 7.000000 0.000000
      vertex 1.000000 8.000000 0.000000
      vertex 1.000000 8.000000 1.000000
    endloop
  endfacet
  facet normal 0 0 0
    outer loop
      vertex 1.000000 7.000000 0.000000
      vertex 1.000000 8.000000 1.000000
      vertex 1.000000 7.000000 1.000000
    endloop
  endfacet
  facet normal 0 0 0
    outer loop
      vertex 0.000000 8.000000 0.000000
      vertex 0.000000 7.000000 0.000000
      vertex 0.000000 7.000000 1.000000
    endloop
  endfacet
  facet normal 0 0 0
    outer loop
      vertex 0.000000 8.000000 0.000000
      vertex 0.000000 7.000000 1.000000
      vertex 0.000000 8.000000 1.000000
    endloop
  endfacet
  facet normal 0 0 0
    outer loop
      vertex 0.000000 7.000000 2.000000
      vertex 1.000000 8.000000 2.000000
      vertex 1.000000 7.000000 2.000000
    endloop
  endfacet
  facet normal 0 0 0
    outer loop
      vertex 0.000000 7.000000 2.000000
      vertex 0.000000 8.000000 2.000000
      vertex 1.000000 8.000000 2.000000
    endloop
  endfacet
  facet normal 0 0 0
    outer loop
      vertex 0.000000 7.000000 3.000000
      vertex 1.000000 7.000000 3.000000
      vertex 1.000000 8.000000 3.000000
    endloop
  endfacet
  facet normal 0 0 0
    outer loop
      vertex 0.000000 7.000000 3.000000
      vertex 1.000000 8.000000 3.000000
      vertex 0.000000 8.000000 3.000000
    endloop
  endfacet
  facet normal 0 0 0
    outer loop
      vertex 0.000000 7.000000 2.000000
      vertex 1.000000 7.000000 2.000000
      vertex 1.000000 7.000000 3.000000
    endloop
  endfacet
  facet normal 0 0 0
    outer loop
      vertex 0.000000 7.000000 2.000000
      vertex 1.000000 7.000000 3.000000
      vertex 0.000000 7.000000 3.000000
    endloop
  endfacet
  facet normal 0 0 0
    outer loop
      vertex 1.000000 8.000000 2.000000
      vertex 0.000000 8.000000 2.000000
      vertex 0.000000 8.000000 3.000000
    endloop
  endfacet
  facet normal 0 0 0
    outer loop
      vertex 1.000000 8.000000 2.000000
      vertex 0.000000 8.000000 3.000000
      vertex 1.000000 8.000000 3.000000
    endloop
  endfacet
  facet normal 0 0 0
    outer loop
      vertex 1.000000 7.000000 2.000000
      vertex 1.000000 8.000000 2.000000
      vertex 1.000000 8.000000 3.000000
    endloop
  endfacet
  facet normal 0 0 0
    outer loop
      vertex 1.000000 7.000000 2.000000
      vertex 1.000000 8.000000 3.000000
      vertex 1.000000 7.000000 3.000000
    endloop
  endfacet
  facet normal 0 0 0
    outer loop
      vertex 0.000000 8.000000 2.000000
      vertex 0.000000 7.000000 2.000000
      vertex 0.000000 7.000000 3.000000
    endloop
  endfacet
  facet normal 0 0 0
    outer loop
      vertex 0.000000 8.000000 2.000000
      vertex 0.000000 7.000000 3.000000
      vertex 0.000000 8.000000 3.000000
    endloop
  endfacet
  facet normal 0 0 0
    outer loop
      vertex 0.000000 8.000000 0.000000
      vertex 1.000000 9.000000 0.000000
      vertex 1.000000 8.000000 0.000000
    endloop
  endfacet
  facet normal 0 0 0
    outer loop
      vertex 0.000000 8.000000 0.000000
      vertex 0.000000 9.000000 0.000000
      vertex 1.000000 9.000000 0.000000
    endloop
  endfacet
  facet normal 0 0 0
    outer loop
      vertex 0.000000 8.000000 1.000000
      vertex 1.000000 8.000000 1.000000
      vertex 1.000000 9.000000 1.000000
    endloop
  endfacet
  facet normal 0 0 0
    outer loop
      vertex 0.000000 8.000000 1.000000
      vertex 1.000000 9.000000 1.000000
      vertex 0.000000 9.000000 1.000000
    endloop
  endfacet
  facet normal 0 0 0
    outer loop
      vertex 0.000000 8.000000 0.000000
      vertex 1.000000 8.000000 0.000000
      vertex 1.000000 8.000000 1.000000
    endloop
  endfacet
  facet normal 0 0 0
    outer loop
      vertex 0.000000 8.000000 0.000000
      vertex 1.000000 8.000000 1.000000
      vertex 0.000000 8.000000 1.000000
    endloop
  endfacet
  facet normal 0 0 0
    outer loop
      vertex 1.000000 9.000000 0.000000
      vertex 0.000000 9.000000 0.000000
      vertex 0.000000 9.000000 1.000000
    endloop
  endfacet
  facet normal 0 0 0
    outer loop
      vertex 1.000000 9.000000 0.000000
      vertex 0.000000 9.000000 1.000000
      vertex 1.000000 9.000000 1.000000
    endloop
  endfacet
  facet normal 0 0 0
    outer loop
      vertex 1.000000 8.000000 0.000000
      vertex 1.000000 9.000000 0.000000
      vertex 1.000000 9.000000 1.000000
    endloop
  endfacet
  facet normal 0 0 0
    outer loop
      vertex 1.000000 8.000000 0.000000
      vertex 1.000000 9.000000 1.000000
      vertex 1.000000 8.000000 1.000000
    endloop
  endfacet
  facet normal 0 0 0
    outer loop
      vertex 0.000000 9.000000 0.000000
      vertex 0.000000 8.000000 0.000000
      vertex 0.000000 8.000000 1.000000
    endloop
  endfacet
  facet normal 0 0 0
    outer loop
      vertex 0.000000 9.000000 0.000000
      vertex 0.000000 8.000000 1.000000
      vertex 0.000000 9.000000 1.000000
    endloop
  endfacet
  facet normal 0 0 0
    outer loop
      vertex 0.000000 8.000000 1.000000
      vertex 1.000000 9.000000 1.000000
      vertex 1.000000 8.000000 1.000000
    endloop
  endfacet
  facet normal 0 0 0
    outer loop
      vertex 0.000000 8.000000 1.000000
      vertex 0.000000 9.000000 1.000000
      vertex 1.000000 9.000000 1.000000
    endloop
  endfacet
  facet normal 0 0 0
    outer loop
      vertex 0.000000 8.000000 2.000000
      vertex 1.000000 8.000000 2.000000
      vertex 1.000000 9.000000 2.000000
    endloop
  endfacet
  facet normal 0 0 0
    outer loop
      vertex 0.000000 8.000000 2.000000
      vertex 1.000000 9.000000 2.000000
      vertex 0.000000 9.000000 2.000000
    endloop
  endfacet
  facet normal 0 0 0
    outer loop
      vertex 0.000000 8.000000 1.000000
      vertex 1.000000 8.000000 1.000000
      vertex 1.000000 8.000000 2.000000
    endloop
  endfacet
  facet normal 0 0 0
    outer loop
      vertex 0.000000 8.000000 1.000000
      vertex 1.000000 8.000000 2.000000
      vertex 0.000000 8.000000 2.000000
    endloop
  endfacet
  facet normal 0 0 0
    outer loop
      vertex 1.000000 9.000000 1.000000
      vertex 0.000000 9.000000 1.000000
      vertex 0.000000 9.000000 2.000000
    endloop
  endfacet
  facet normal 0 0 0
    outer loop
      vertex 1.000000 9.000000 1.000000
      vertex 0.000000 9.000000 2.000000
      vertex 1.000000 9.000000 2.000000
    endloop
  endfacet
  facet normal 0 0 0
    outer loop
      vertex 1.000000 8.000000 1.000000
      vertex 1.000000 9.000000 1.000000
      vertex 1.000000 9.000000 2.000000
    endloop
  endfacet
  facet normal 0 0 0
    outer loop
      vertex 1.000000 8.000000 1.000000
      vertex 1.000000 9.000000 2.000000
      vertex 1.000000 8.000000 2.000000
    endloop
  endfacet
  facet normal 0 0 0
    outer loop
      vertex 0.000000 9.000000 1.000000
      vertex 0.000000 8.000000 1.000000
      vertex 0.000000 8.000000 2.000000
    endloop
  endfacet
  facet normal 0 0 0
    outer loop
      vertex 0.000000 9.000000 1.000000
      vertex 0.000000 8.000000 2.000000
      vertex 0.000000 9.000000 2.000000
    endloop
  endfacet
  facet normal 0 0 0
    outer loop
      vertex 0.000000 8.000000 2.000000
      vertex 1.000000 9.000000 2.000000
      vertex 1.000000 8.000000 2.000000
    endloop
  endfacet
  facet normal 0 0 0
    outer loop
      vertex 0.000000 8.000000 2.000000
      vertex 0.000000 9.000000 2.000000
      vertex 1.000000 9.000000 2.000000
    endloop
  endfacet
  facet normal 0 0 0
    outer loop
      vertex 0.000000 8.000000 3.000000
      vertex 1.000000 8.000000 3.000000
      vertex 1.000000 9.000000 3.000000
    endloop
  endfacet
  facet normal 0 0 0
    outer loop
      vertex 0.000000 8.000000 3.000000
      vertex 1.000000 9.000000 3.000000
      vertex 0.000000 9.000000 3.000000
    endloop
  endfacet
  facet normal 0 0 0
    outer loop
      vertex 0.000000 8.000000 2.000000
      vertex 1.000000 8.000000 2.000000
      vertex 1.000000 8.000000 3.000000
    endloop
  endfacet
  facet normal 0 0 0
    outer loop
      vertex 0.000000 8.000000 2.000000
      vertex 1.000000 8.000000 3.000000
      vertex 0.000000 8.000000 3.000000
    endloop
  endfacet
  facet normal 0 0 0
    outer loop
      vertex 1.000000 9.000000 2.000000
      vertex 0.000000 9.000000 2.000000
      vertex 0.000000 9.000000 3.000000
    endloop
  endfacet
  facet normal 0 0 0
    outer loop
      vertex 1.000000 9.000000 2.000000
      vertex 0.000000 9.000000 3.000000
      vertex 1.000000 9.000000 3.000000
    endloop
  endfacet
  facet normal 0 0 0
    outer loop
      vertex 1.000000 8.000000 2.000000
      vertex 1.000000 9.000000 2.000000
      vertex 1.000000 9.000000 3.000000
    endloop
  endfacet
  facet normal 0 0 0
    outer loop
      vertex 1.000000 8.000000 2.000000
      vertex 1.000000 9.000000 3.000000
      vertex 1.000000 8.000000 3.000000
    endloop
  endfacet
  facet normal 0 0 0
    outer loop
      vertex 0.000000 9.000000 2.000000
      vertex 0.000000 8.000000 2.000000
      vertex 0.000000 8.000000 3.000000
    endloop
  endfacet
  facet normal 0 0 0
    outer loop
      vertex 0.000000 9.000000 2.000000
      vertex 0.000000 8.000000 3.000000
      vertex 0.000000 9.000000 3.000000
    endloop
  endfacet
  facet normal 0 0 0
    outer loop
      vertex 1.000000 6.000000 0.000000
      vertex 2.000000 7.000000 0.000000
      vertex 2.000000 6.000000 0.000000
    endloop
  endfacet
  facet normal 0 0 0
    outer loop
      vertex 1.000000 6.000000 0.000000
      vertex 1.000000 7.000000 0.000000
      vertex 2.000000 7.000000 0.000000
    endloop
  endfacet
  facet normal 0 0 0
    outer loop
      vertex 1.000000 6.000000 1.000000
      vertex 2.000000 6.000000 1.000000
      vertex 2.000000 7.000000 1.000000
    endloop
  endfacet
  facet normal 0 0 0
    outer loop
      vertex 1.000000 6.000000 1.000000
      vertex 2.000000 7.000000 1.000000
      vertex 1.000000 7.000000 1.000000
    endloop
  endfacet
  facet normal 0 0 0
    outer loop
      vertex 1.000000 6.000000 0.000000
      vertex 2.000000 6.000000 0.000000
      vertex 2.000000 6.000000 1.000000
    endloop
  endfacet
  facet normal 0 0 0
    outer loop
      vertex 1.000000 6.000000 0.000000
      vertex 2.000000 6.000000 1.000000
      vertex 1.000000 6.000000 1.000000
    endloop
  endfacet
  facet normal 0 0 0
    outer loop
      vertex 2.000000 7.000000 0.000000
      vertex 1.000000 7.000000 0.000000
      vertex 1.000000 7.000000 1.000000
    endloop
  endfacet
  facet normal 0 0 0
    outer loop
      vertex 2.000000 7.000000 0.000000
      vertex 1.000000 7.000000 1.000000
      vertex 2.000000 7.000000 1.000000
    endloop
  endfacet
  facet normal 0 0 0
    outer loop
      vertex 2.000000 6.000000 0.000000
      vertex 2.000000 7.000000 0.000000
      vertex 2.000000 7.000000 1.000000
    endloop
  endfacet
  facet normal 0 0 0
    outer loop
      vertex 2.000000 6.000000 0.000000
      vertex 2.000000 7.000000 1.000000
      vertex 2.000000 6.000000 1.000000
    endloop
  endfacet
  facet normal 0 0 0
    outer loop
      vertex 1.000000 7.000000 0.000000
      vertex 1.000000 6.000000 0.000000
      vertex 1.000000 6.000000 1.000000
    endloop
  endfacet
  facet normal 0 0 0
    outer loop
      vertex 1.000000 7.000000 0.000000
      vertex 1.000000 6.000000 1.000000
      vertex 1.000000 7.000000 1.000000
    endloop
  endfacet
  facet normal 0 0 0
    outer loop
      vertex 1.000000 6.000000 2.000000
      vertex 2.000000 7.000000 2.000000
      vertex 2.000000 6.000000 2.000000
    endloop
  endfacet
  facet normal 0 0 0
    outer loop
      vertex 1.000000 6.000000 2.000000
      vertex 1.000000 7.000000 2.000000
      vertex 2.000000 7.000000 2.000000
    endloop
  endfacet
  facet normal 0 0 0
    outer loop
      vertex 1.000000 6.000000 3.000000
      vertex 2.000000 6.000000 3.000000
      vertex 2.000000 7.000000 3.000000
    endloop
  endfacet
  facet normal 0 0 0
    outer loop
      vertex 1.000000 6.000000 3.000000
      vertex 2.000000 7.000000 3.000000
      vertex 1.000000 7.000000 3.000000
    endloop
  endfacet
  facet normal 0 0 0
    outer loop
      vertex 1.000000 6.000000 2.000000
      vertex 2.000000 6.000000 2.000000
      vertex 2.000000 6.000000 3.000000
    endloop
  endfacet
  facet normal 0 0 0
    outer loop
      vertex 1.000000 6.000000 2.000000
      vertex 2.000000 6.000000 3.000000
      vertex 1.000000 6.000000 3.000000
    endloop
  endfacet
  facet normal 0 0 0
    outer loop
      vertex 2.000000 7.000000 2.000000
      vertex 1.000000 7.000000 2.000000
      vertex 1.000000 7.000000 3.000000
    endloop
  endfacet
  facet normal 0 0 0
    outer loop
      vertex 2.000000 7.000000 2.000000
      vertex 1.000000 7.000000 3.000000
      vertex 2.000000 7.000000 3.000000
    endloop
  endfacet
  facet normal 0 0 0
    outer loop
      vertex 2.000000 6.000000 2.000000
      vertex 2.000000 7.000000 2.000000
      vertex 2.000000 7.000000 3.000000
    endloop
  endfacet
  facet normal 0 0 0
    outer loop
      vertex 2.000000 6.000000 2.000000
      vertex 2.000000 7.000000 3.000000
      vertex 2.000000 6.000000 3.000000
    endloop
  endfacet
  facet normal 0 0 0
    outer loop
      vertex 1.000000 7.000000 2.000000
      vertex 1.000000 6.000000 2.000000
      vertex 1.000000 6.000000 3.000000
    endloop
  endfacet
  facet normal 0 0 0
    outer loop
      vertex 1.000000 7.000000 2.000000
      vertex 1.000000 6.000000 3.000000
      vertex 1.000000 7.000000 3.000000
    endloop
  endfacet
  facet normal 0 0 0
    outer loop
      vertex 1.000000 8.000000 0.000000
      vertex 2.000000 9.000000 0.000000
      vertex 2.000000 8.000000 0.000000
    endloop
  endfacet
  facet normal 0 0 0
    outer loop
      vertex 1.000000 8.000000 0.000000
      vertex 1.000000 9.000000 0.000000
      vertex 2.000000 9.000000 0.000000
    endloop
  endfacet
  facet normal 0 0 0
    outer loop
      vertex 1.000000 8.000000 1.000000
      vertex 2.000000 8.000000 1.000000
      vertex 2.000000 9.000000 1.000000
    endloop
  endfacet
  facet normal 0 0 0
    outer loop
      vertex 1.000000 8.000000 1.000000
      vertex 2.000000 9.000000 1.000000
      vertex 1.000000 9.000000 1.000000
    endloop
  endfacet
  facet normal 0 0 0
    outer loop
      vertex 1.000000 8.000000 0.000000
      vertex 2.000000 8.000000 0.000000
      vertex 2.000000 8.000000 1.000000
    endloop
  endfacet
  facet normal 0 0 0
    outer loop
      vertex 1.000000 8.000000 0.000000
      vertex 2.000000 8.000000 1.000000
      vertex 1.000000 8.000000 1.000000
    endloop
  endfacet
  facet normal 0 0 0
    outer loop
      vertex 2.000000 9.000000 0.000000
      vertex 1.000000 9.000000 0.000000
      vertex 1.000000 9.000000 1.000000
    endloop
  endfacet
  facet normal 0 0 0
    outer loop
      vertex 2.000000 9.000000 0.000000
      vertex 1.000000 9.000000 1.000000
      vertex 2.000000 9.000000 1.000000
    endloop
  endfacet
  facet normal 0 0 0
    outer loop
      vertex 2.000000 8.000000 0.000000
      vertex 2.000000 9.000000 0.000000
      vertex 2.000000 9.000000 1.000000
    endloop
  endfacet
  facet normal 0 0 0
    outer loop
      vertex 2.000000 8.000000 0.000000
      vertex 2.000000 9.000000 1.000000
      vertex 2.000000 8.000000 1.000000
    endloop
  endfacet
  facet normal 0 0 0
    outer loop
      vertex 1.000000 9.000000 0.000000
      vertex 1.000000 8.000000 0.000000
      vertex 1.000000 8.000000 1.000000
    endloop
  endfacet
  facet normal 0 0 0
    outer loop
      vertex 1.000000 9.000000 0.000000
      vertex 1.000000 8.000000 1.000000
      vertex 1.000000 9.000000 1.000000
    endloop
  endfacet
  facet normal 0 0 0
    outer loop
      vertex 1.000000 8.000000 2.000000
      vertex 2.000000 9.000000 2.000000
      vertex 2.000000 8.000000 2.000000
    endloop
  endfacet
  facet normal 0 0 0
    outer loop
      vertex 1.000000 8.000000 2.000000
      vertex 1.000000 9.000000 2.000000
      vertex 2.000000 9.000000 2.000000
    endloop
  endfacet
  facet normal 0 0 0
    outer loop
      vertex 1.000000 8.000000 3.000000
      vertex 2.000000 8.000000 3.000000
      vertex 2.000000 9.000000 3.000000
    endloop
  endfacet
  facet normal 0 0 0
    outer loop
      vertex 1.000000 8.000000 3.000000
      vertex 2.000000 9.000000 3.000000
      vertex 1.000000 9.000000 3.000000
    endloop
  endfacet
  facet normal 0 0 0
    outer loop
      vertex 1.000000 8.000000 2.000000
      vertex 2.000000 8.000000 2.000000
      vertex 2.000000 8.000000 3.000000
    endloop
  endfacet
  facet normal 0 0 0
    outer loop
      vertex 1.000000 8.000000 2.000000
      vertex 2.000000 8.000000 3.000000
      vertex 1.000000 8.000000 3.000000
    endloop
  endfacet
  facet normal 0 0 0
    outer loop
      vertex 2.000000 9.000000 2.000000
      vertex 1.000000 9.000000 2.000000
      vertex 1.000000 9.000000 3.000000
    endloop
  endfacet
  facet normal 0 0 0
    outer loop
      vertex 2.000000 9.000000 2.000000
      vertex 1.000000 9.000000 3.000000
      vertex 2.000000 9.000000 3.000000
    endloop
  endfacet
  facet normal 0 0 0
    outer loop
      vertex 2.000000 8.000000 2.000000
      vertex 2.000000 9.000000 2.000000
      vertex 2.000000 9.000000 3.000000
    endloop
  endfacet
  facet normal 0 0 0
    outer loop
      vertex 2.000000 8.000000 2.000000
      vertex 2.000000 9.000000 3.000000
      vertex 2.000000 8.000000 3.000000
    endloop
  endfacet
  facet normal 0 0 0
    outer loop
      vertex 1.000000 9.000000 2.000000
      vertex 1.000000 8.000000 2.000000
      vertex 1.000000 8.000000 3.000000
    endloop
  endfacet
  facet normal 0 0 0
    outer loop
      vertex 1.000000 9.000000 2.000000
      vertex 1.000000 8.000000 3.000000
      vertex 1.000000 9.000000 3.000000
    endloop
  endfacet
  facet normal 0 0 0
    outer loop
      vertex 2.000000 6.000000 0.000000
      vertex 3.000000 7.000000 0.000000
      vertex 3.000000 6.000000 0.000000
    endloop
  endfacet
  facet normal 0 0 0
    outer loop
      vertex 2.000000 6.000000 0.000000
      vertex 2.000000 7.000000 0.000000
      vertex 3.000000 7.000000 0.000000
    endloop
  endfacet
  facet normal 0 0 0
    outer loop
      vertex 2.000000 6.000000 1.000000
      vertex 3.000000 6.000000 1.000000
      vertex 3.000000 7.000000 1.000000
    endloop
  endfacet
  facet normal 0 0 0
    outer loop
      vertex 2.000000 6.000000 1.000000
      vertex 3.000000 7.000000 1.000000
      vertex 2.000000 7.000000 1.000000
    endloop
  endfacet
  facet normal 0 0 0
    outer loop
      vertex 2.000000 6.000000 0.000000
      vertex 3.000000 6.000000 0.000000
      vertex 3.000000 6.000000 1.000000
    endloop
  endfacet
  facet normal 0 0 0
    outer loop
      vertex 2.000000 6.000000 0.000000
      vertex 3.000000 6.000000 1.000000
      vertex 2.000000 6.000000 1.000000
    endloop
  endfacet
  facet normal 0 0 0
    outer loop
      vertex 3.000000 7.000000 0.000000
      vertex 2.000000 7.000000 0.000000
      vertex 2.000000 7.000000 1.000000
    endloop
  endfacet
  facet normal 0 0 0
    outer loop
      vertex 3.000000 7.000000 0.000000
      vertex 2.000000 7.000000 1.000000
      vertex 3.000000 7.000000 1.000000
    endloop
  endfacet
  facet normal 0 0 0
    outer loop
      vertex 3.000000 6.000000 0.000000
      vertex 3.000000 7.000000 0.000000
      vertex 3.000000 7.000000 1.000000
    endloop
  endfacet
  facet normal 0 0 0
    outer loop
      vertex 3.000000 6.000000 0.000000
      vertex 3.000000 7.000000 1.000000
      vertex 3.000000 6.000000 1.000000
    endloop
  endfacet
  facet normal 0 0 0
    outer loop
      vertex 2.000000 7.000000 0.000000
      vertex 2.000000 6.000000 0.000000
      vertex 2.000000 6.000000 1.000000
    endloop
  endfacet
  facet normal 0 0 0
    outer loop
      vertex 2.000000 7.000000 0.000000
      vertex 2.000000 6.000000 1.000000
      vertex 2.000000 7.000000 1.000000
    endloop
  endfacet
  facet normal 0 0 0
    outer loop
      vertex 2.000000 6.000000 1.000000
      vertex 3.000000 7.000000 1.000000
      vertex 3.000000 6.000000 1.000000
    endloop
  endfacet
  facet normal 0 0 0
    outer loop
      vertex 2.000000 6.000000 1.000000
      vertex 2.000000 7.000000 1.000000
      vertex 3.000000 7.000000 1.000000
    endloop
  endfacet
  facet normal 0 0 0
    outer loop
      vertex 2.000000 6.000000 2.000000
      vertex 3.000000 6.000000 2.000000
      vertex 3.000000 7.000000 2.000000
    endloop
  endfacet
  facet normal 0 0 0
    outer loop
      vertex 2.000000 6.000000 2.000000
      vertex 3.000000 7.000000 2.000000
      vertex 2.000000 7.000000 2.000000
    endloop
  endfacet
  facet normal 0 0 0
    outer loop
      vertex 2.000000 6.000000 1.000000
      vertex 3.000000 6.000000 1.000000
      vertex 3.000000 6.000000 2.000000
    endloop
  endfacet
  facet normal 0 0 0
    outer loop
      vertex 2.000000 6.000000 1.000000
      vertex 3.000000 6.000000 2.000000
      vertex 2.000000 6.000000 2.000000
    endloop
  endfacet
  facet normal 0 0 0
    outer loop
      vertex 3.000000 7.000000 1.000000
      vertex 2.000000 7.000000 1.000000
      vertex 2.000000 7.000000 2.000000
    endloop
  endfacet
  facet normal 0 0 0
    outer loop
      vertex 3.000000 7.000000 1.000000
      vertex 2.000000 7.000000 2.000000
      vertex 3.000000 7.000000 2.000000
    endloop
  endfacet
  facet normal 0 0 0
    outer loop
      vertex 3.000000 6.000000 1.000000
      vertex 3.000000 7.000000 1.000000
      vertex 3.000000 7.000000 2.000000
    endloop
  endfacet
  facet normal 0 0 0
    outer loop
      vertex 3.000000 6.000000 1.000000
      vertex 3.000000 7.000000 2.000000
      vertex 3.000000 6.000000 2.000000
    endloop
  endfacet
  facet normal 0 0 0
    outer loop
      vertex 2.000000 7.000000 1.000000
      vertex 2.000000 6.000000 1.000000
      vertex 2.000000 6.000000 2.000000
    endloop
  endfacet
  facet normal 0 0 0
    outer loop
      vertex 2.000000 7.000000 1.000000
      vertex 2.000000 6.000000 2.000000
      vertex 2.000000 7.000000 2.000000
    endloop
  endfacet
  facet normal 0 0 0
    outer loop
      vertex 2.000000 6.000000 2.000000
      vertex 3.000000 7.000000 2.000000
      vertex 3.000000 6.000000 2.000000
    endloop
  endfacet
  facet normal 0 0 0
    outer loop
      vertex 2.000000 6.000000 2.000000
      vertex 2.000000 7.000000 2.000000
      vertex 3.000000 7.000000 2.000000
    endloop
  endfacet
  facet normal 0 0 0
    outer loop
      vertex 2.000000 6.000000 3.000000
      vertex 3.000000 6.000000 3.000000
      vertex 3.000000 7.000000 3.000000
    endloop
  endfacet
  facet normal 0 0 0
    outer loop
      vertex 2.000000 6.000000 3.000000
      vertex 3.000000 7.000000 3.000000
      vertex 2.000000 7.000000 3.000000
    endloop
  endfacet
  facet normal 0 0 0
    outer loop
      vertex 2.000000 6.000000 2.000000
      vertex 3.000000 6.000000 2.000000
      vertex 3.000000 6.000000 3.000000
    endloop
  endfacet
  facet normal 0 0 0
    outer loop
      vertex 2.000000 6.000000 2.000000
      vertex 3.000000 6.000000 3.000000
      vertex 2.000000 6.000000 3.000000
    endloop
  endfacet
  facet normal 0 0 0
    outer loop
      vertex 3.000000 7.000000 2.000000
      vertex 2.000000 7.000000 2.000000
      vertex 2.000000 7.000000 3.000000
    endloop
  endfacet
  facet normal 0 0 0
    outer loop
      vertex 3.000000 7.000000 2.000000
      vertex 2.000000 7.000000 3.000000
      vertex 3.000000 7.000000 3.000000
    endloop
  endfacet
  facet normal 0 0 0
    outer loop
      vertex 3.000000 6.000000 2.000000
      vertex 3.000000 7.000000 2.000000
      vertex 3.000000 7.000000 3.000000
    endloop
  endfacet
  facet normal 0 0 0
    outer loop
      vertex 3.000000 6.000000 2.000000
      vertex 3.000000 7.000000 3.000000
      vertex 3.000000 6.000000 3.000000
    endloop
  endfacet
  facet normal 0 0 0
    outer loop
      vertex 2.000000 7.000000 2.000000
      vertex 2.000000 6.000000 2.000000
      vertex 2.000000 6.000000 3.000000
    endloop
  endfacet
  facet normal 0 0 0
    outer loop
      vertex 2.000000 7.000000 2.000000
      vertex 2.000000 6.000000 3.000000
      vertex 2.000000 7.000000 3.000000
    endloop
  endfacet
  facet normal 0 0 0
    outer loop
      vertex 2.000000 7.000000 0.000000
      vertex 3.000000 8.000000 0.000000
      vertex 3.000000 7.000000 0.000000
    endloop
  endfacet
  facet normal 0 0 0
    outer loop
      vertex 2.000000 7.000000 0.000000
      vertex 2.000000 8.000000 0.000000
      vertex 3.000000 8.000000 0.000000
    endloop
  endfacet
  facet normal 0 0 0
    outer loop
      vertex 2.000000 7.000000 1.000000
      vertex 3.000000 7.000000 1.000000
      vertex 3.000000 8.000000 1.000000
    endloop
  endfacet
  facet normal 0 0 0
    outer loop
      vertex 2.000000 7.000000 1.000000
      vertex 3.000000 8.000000 1.000000
      vertex 2.000000 8.000000 1.000000
    endloop
  endfacet
  facet normal 0 0 0
    outer loop
      vertex 2.000000 7.000000 0.000000
      vertex 3.000000 7.000000 0.000000
      vertex 3.000000 7.000000 1.000000
    endloop
  endfacet
  facet normal 0 0 0
    outer loop
      vertex 2.000000 7.000000 0.000000
      vertex 3.000000 7.000000 1.000000
      vertex 2.000000 7.000000 1.000000
    endloop
  endfacet
  facet normal 0 0 0
    outer loop
      vertex 3.000000 8.000000 0.000000
      vertex 2.000000 8.000000 0.000000
      vertex 2.000000 8.000000 1.000000
    endloop
  endfacet
  facet normal 0 0 0
    outer loop
      vertex 3.000000 8.000000 0.000000
      vertex 2.000000 8.000000 1.000000
      vertex 3.000000 8.000000 1.000000
    endloop
  endfacet
  facet normal 0 0 0
    outer loop
      vertex 3.000000 7.000000 0.000000
      vertex 3.000000 8.000000 0.000000
      vertex 3.000000 8.000000 1.000000
    endloop
  endfacet
  facet normal 0 0 0
    outer loop
      vertex 3.000000 7.000000 0.000000
      vertex 3.000000 8.000000 1.000000
      vertex 3.000000 7.000000 1.000000
    endloop
  endfacet
  facet normal 0 0 0
    outer loop
      vertex 2.000000 8.000000 0.000000
      vertex 2.000000 7.000000 0.000000
      vertex 2.000000 7.000000 1.000000
    endloop
  endfacet
  facet normal 0 0 0
    outer loop
      vertex 2.000000 8.000000 0.000000
      vertex 2.000000 7.000000 1.000000
      vertex 2.000000 8.000000 1.000000
    endloop
  endfacet
  facet normal 0 0 0
    outer loop
      vertex 2.000000 7.000000 2.000000
      vertex 3.000000 8.000000 2.000000
      vertex 3.000000 7.000000 2.000000
    endloop
  endfacet
  facet normal 0 0 0
    outer loop
      vertex 2.000000 7.000000 2.000000
      vertex 2.000000 8.000000 2.000000
      vertex 3.000000 8.000000 2.000000
    endloop
  endfacet
  facet normal 0 0 0
    outer loop
      vertex 2.000000 7.000000 3.000000
      vertex 3.000000 7.000000 3.000000
      vertex 3.000000 8.000000 3.000000
    endloop
  endfacet
  facet normal 0 0 0
    outer loop
      vertex 2.000000 7.000000 3.000000
      vertex 3.000000 8.000000 3.000000
      vertex 2.000000 8.000000 3.000000
    endloop
  endfacet
  facet normal 0 0 0
    outer loop
      vertex 2.000000 7.000000 2.000000
      vertex 3.000000 7.000000 2.000000
      vertex 3.000000 7.000000 3.000000
    endloop
  endfacet
  facet normal 0 0 0
    outer loop
      vertex 2.000000 7.000000 2.000000
      vertex 3.000000 7.000000 3.000000
      vertex 2.000000 7.000000 3.000000
    endloop
  endfacet
  facet normal 0 0 0
    outer loop
      vertex 3.000000 8.000000 2.000000
      vertex 2.000000 8.000000 2.000000
      vertex 2.000000 8.000000 3.000000
    endloop
  endfacet
  facet normal 0 0 0
    outer loop
      vertex 3.000000 8.000000 2.000000
      vertex 2.000000 8.000000 3.000000
      vertex 3.000000 8.000000 3.000000
    endloop
  endfacet
  facet normal 0 0 0
    outer loop
      vertex 3.000000 7.000000 2.000000
      vertex 3.000000 8.000000 2.000000
      vertex 3.000000 8.000000 3.000000
    endloop
  endfacet
  facet normal 0 0 0
    outer loop
      vertex 3.000000 7.000000 2.000000
      vertex 3.000000 8.000000 3.000000
      vertex 3.000000 7.000000 3.000000
    endloop
  endfacet
  facet normal 0 0 0
    outer loop
      vertex 2.000000 8.000000 2.000000
      vertex 2.000000 7.000000 2.000000
      vertex 2.000000 7.000000 3.000000
    endloop
  endfacet
  facet normal 0 0 0
    outer loop
      vertex 2.000000 8.000000 2.000000
      vertex 2.000000 7.000000 3.000000
      vertex 2.000000 8.000000 3.000000
    endloop
  endfacet
  facet normal 0 0 0
    outer loop
      vertex 2.000000 8.000000 0.000000
      vertex 3.000000 9.000000 0.000000
      vertex 3.000000 8.000000 0.000000
    endloop
  endfacet
  facet normal 0 0 0
    outer loop
      vertex 2.000000 8.000000 0.000000
      vertex 2.000000 9.000000 0.000000
      vertex 3.000000 9.000000 0.000000
    endloop
  endfacet
  facet normal 0 0 0
    outer loop
      vertex 2.000000 8.000000 1.000000
      vertex 3.000000 8.000000 1.000000
      vertex 3.000000 9.000000 1.000000
    endloop
  endfacet
  facet normal 0 0 0
    outer loop
      vertex 2.000000 8.000000 1.000000
      vertex 3.000000 9.000000 1.000000
      vertex 2.000000 9.000000 1.000000
    endloop
  endfacet
  facet normal 0 0 0
    outer loop
      vertex 2.000000 8.000000 0.000000
      vertex 3.000000 8.000000 0.000000
      vertex 3.000000 8.000000 1.000000
    endloop
  endfacet
  facet normal 0 0 0
    outer loop
      vertex 2.000000 8.000000 0.000000
      vertex 3.000000 8.000000 1.000000
      vertex 2.000000 8.000000 1.000000
    endloop
  endfacet
  facet normal 0 0 0
    outer loop
      vertex 3.000000 9.000000 0.000000
      vertex 2.000000 9.000000 0.000000
      vertex 2.000000 9.000000 1.000000
    endloop
  endfacet
  facet normal 0 0 0
    outer loop
      vertex 3.000000 9.000000 0.000000
      vertex 2.000000 9.000000 1.000000
      vertex 3.000000 9.000000 1.000000
    endloop
  endfacet
  facet normal 0 0 0
    outer loop
      vertex 3.000000 8.000000 0.000000
      vertex 3.000000 9.000000 0.000000
      vertex 3.000000 9.000000 1.000000
    endloop
  endfacet
  facet normal 0 0 0
    outer loop
      vertex 3.000000 8.000000 0.000000
      vertex 3.000000 9.000000 1.000000
      vertex 3.000000 8.000000 1.000000
    endloop
  endfacet
  facet normal 0 0 0
    outer loop
      vertex 2.000000 9.000000 0.000000
      vertex 2.000000 8.000000 0.000000
      vertex 2.000000 8.000000 1.000000
    endloop
  endfacet
  facet normal 0 0 0
    outer loop
      vertex 2.000000 9.000000 0.000000
      vertex 2.000000 8.000000 1.000000
      vertex 2.000000 9.000000 1.000000
    endloop
  endfacet
  facet normal 0 0 0
    outer loop
      vertex 2.000000 8.000000 1.000000
      vertex 3.000000 9.000000 1.000000
      vertex 3.000000 8.000000 1.000000
    endloop
  endfacet
  facet normal 0 0 0
    outer loop
      vertex 2.000000 8.000000 1.000000
      vertex 2.000000 9.000000 1.000000
      vertex 3.000000 9.000000 1.000000
    endloop
  endfacet
  facet normal 0 0 0
    outer loop
      vertex 2.000000 8.000000 2.000000
      vertex 3.000000 8.000000 2.000000
      vertex 3.000000 9.000000 2.000000
    endloop
  endfacet
  facet normal 0 0 0
    outer loop
      vertex 2.000000 8.000000 2.000000
      vertex 3.000000 9.000000 2.000000
      vertex 2.000000 9.000000 2.000000
    endloop
  endfacet
  facet normal 0 0 0
    outer loop
      vertex 2.000000 8.000000 1.000000
      vertex 3.000000 8.000000 1.000000
      vertex 3.000000 8.000000 2.000000
    endloop
  endfacet
  facet normal 0 0 0
    outer loop
      vertex 2.000000 8.000000 1.000000
      vertex 3.000000 8.000000 2.000000
      vertex 2.000000 8.000000 2.000000
    endloop
  endfacet
  facet normal 0 0 0
    outer loop
      vertex 3.000000 9.000000 1.000000
      vertex 2.000000 9.000000 1.000000
      vertex 2.000000 9.000000 2.000000
    endloop
  endfacet
  facet normal 0 0 0
    outer loop
      vertex 3.000000 9.000000 1.000000
      vertex 2.000000 9.000000 2.000000
      vertex 3.000000 9.000000 2.000000
    endloop
  endfacet
  facet normal 0 0 0
    outer loop
      vertex 3.000000 8.000000 1.000000
      vertex 3.000000 9.000000 1.000000
      vertex 3.000000 9.000000 2.000000
    endloop
  endfacet
  facet normal 0 0 0
    outer loop
      vertex 3.000000 8.000000 1.000000
      vertex 3.000000 9.000000 2.000000
      vertex 3.000000 8.000000 2.000000
    endloop
  endfacet
  facet normal 0 0 0
    outer loop
      vertex 2.000000 9.000000 1.000000
      vertex 2.000000 8.000000 1.000000
      vertex 2.000000 8.000000 2.000000
    endloop
  endfacet
  facet normal 0 0 0
    outer loop
      vertex 2.000000 9.000000 1.000000
      vertex 2.000000 8.000000 2.000000
      vertex 2.000000 9.000000 2.000000
    endloop
  endfacet
  facet normal 0 0 0
    outer loop
      vertex 2.000000 8.000000 2.000000
      vertex 3.000000 9.000000 2.000000
      vertex 3.000000 8.000000 2.000000
    endloop
  endfacet
  facet normal 0 0 0
    outer loop
      vertex 2.000000 8.000000 2.000000
      vertex 2.000000 9.000000 2.000000
      vertex 3.000000 9.000000 2.000000
    endloop
  endfacet
  facet normal 0 0 0
    outer loop
      vertex 2.000000 8.000000 3.000000
      vertex 3.000000 8.000000 3.000000
      vertex 3.000000 9.000000 3.000000
    endloop
  endfacet
  facet normal 0 0 0
    outer loop
      vertex 2.000000 8.000000 3.000000
      vertex 3.000000 9.000000 3.000000
      vertex 2.000000 9.000000 3.000000
    endloop
  endfacet
  facet normal 0 0 0
    outer loop
      vertex 2.000000 8.000000 2.000000
      vertex 3.000000 8.000000 2.000000
      vertex 3.000000 8.000000 3.000000
    endloop
  endfacet
  facet normal 0 0 0
    outer loop
      vertex 2.000000 8.000000 2.000000
      vertex 3.000000 8.000000 3.000000
      vertex 2.000000 8.000000 3.000000
    endloop
  endfacet
  facet normal 0 0 0
    outer loop
      vertex 3.000000 9.000000 2.000000
      vertex 2.000000 9.000000 2.000000
      vertex 2.000000 9.000000 3.000000
    endloop
  endfacet
  facet normal 0 0 0
    outer loop
      vertex 3.000000 9.000000 2.000000
      vertex 2.000000 9.000000 3.000000
      vertex 3.000000 9.000000 3.000000
    endloop
  endfacet
  facet normal 0 0 0
    outer loop
      vertex 3.000000 8.000000 2.000000
      vertex 3.000000 9.000000 2.000000
      vertex 3.000000 9.000000 3.000000
    endloop
  endfacet
  facet normal 0 0 0
    outer loop
      vertex 3.000000 8.000000 2.000000
      vertex 3.000000 9.000000 3.000000
      vertex 3.000000 8.000000 3.000000
    endloop
  endfacet
  facet normal 0 0 0
    outer loop
      vertex 2.000000 9.000000 2.000000
      vertex 2.000000 8.000000 2.000000
      vertex 2.000000 8.000000 3.000000
    endloop
  endfacet
  facet normal 0 0 0
    outer loop
      vertex 2.000000 9.000000 2.000000
      vertex 2.000000 8.000000 3.000000
      vertex 2.000000 9.000000 3.000000
    endloop
  endfacet
  facet normal 0 0 0
    outer loop
      vertex 0.000000 6.000000 3.000000
      vertex 1.000000 7.000000 3.000000
      vertex 1.000000 6.000000 3.000000
    endloop
  endfacet
  facet normal 0 0 0
    outer loop
      vertex 0.000000 6.000000 3.000000
      vertex 0.000000 7.000000 3.000000
      vertex 1.000000 7.000000 3.000000
    endloop
  endfacet
  facet normal 0 0 0
    outer loop
      vertex 0.000000 6.000000 4.000000
      vertex 1.000000 6.000000 4.000000
      vertex 1.000000 7.000000 4.000000
    endloop
  endfacet
  facet normal 0 0 0
    outer loop
      vertex 0.000000 6.000000 4.000000
      vertex 1.000000 7.000000 4.000000
      vertex 0.000000 7.000000 4.000000
    endloop
  endfacet
  facet normal 0 0 0
    outer loop
      vertex 0.000000 6.000000 3.000000
      vertex 1.000000 6.000000 3.000000
      vertex 1.000000 6.000000 4.000000
    endloop
  endfacet
  facet normal 0 0 0
    outer loop
      vertex 0.000000 6.000000 3.000000
      vertex 1.000000 6.000000 4.000000
      vertex 0.000000 6.000000 4.000000
    endloop
  endfacet
  facet normal 0 0 0
    outer loop
      vertex 1.000000 7.000000 3.000000
      vertex 0.000000 7.000000 3.000000
      vertex 0.000000 7.000000 4.000000
    endloop
  endfacet
  facet normal 0 0 0
    outer loop
      vertex 1.000000 7.000000 3.000000
      vertex 0.000000 7.000000 4.000000
      vertex 1.000000 7.000000 4.000000
    endloop
  endfacet
  facet normal 0 0 0
    outer loop
      vertex 1.000000 6.000000 3.000000
      vertex 1.000000 7.000000 3.000000
      vertex 1.000000 7.000000 4.000000
    endloop
  endfacet
  facet normal 0 0 0
    outer loop
      vertex 1.000000 6.000000 3.000000
      vertex 1.000000 7.000000 4.000000
      vertex 1.000000 6.000000 4.000000
    endloop
  endfacet
  facet normal 0 0 0
    outer loop
      vertex 0.000000 7.000000 3.000000
      vertex 0.000000 6.000000 3.000000
      vertex 0.000000 6.000000 4.000000
    endloop
  endfacet
  facet normal 0 0 0
    outer loop
      vertex 0.000000 7.000000 3.000000
      vertex 0.000000 6.000000 4.000000
      vertex 0.000000 7.000000 4.000000
    endloop
  endfacet
  facet normal 0 0 0
    outer loop
      vertex 0.000000 6.000000 4.000000
      vertex 1.000000 7.000000 4.000000
      vertex 1.000000 6.000000 4.000000
    endloop
  endfacet
  facet normal 0 0 0
    outer loop
      vertex 0.000000 6.000000 4.000000
      vertex 0.000000 7.000000 4.000000
      vertex 1.000000 7.000000 4.000000
    endloop
  endfacet
  facet normal 0 0 0
    outer loop
      vertex 0.000000 6.000000 5.000000
      vertex 1.000000 6.000000 5.000000
      vertex 1.000000 7.000000 5.000000
    endloop
  endfacet
  facet normal 0 0 0
    outer loop
      vertex 0.000000 6.000000 5.000000
      vertex 1.000000 7.000000 5.000000
      vertex 0.000000 7.000000 5.000000
    endloop
  endfacet
  facet normal 0 0 0
    outer loop
      vertex 0.000000 6.000000 4.000000
      vertex 1.000000 6.000000 4.000000
      vertex 1.000000 6.000000 5.000000
    endloop
  endfacet
  facet normal 0 0 0
    outer loop
      vertex 0.000000 6.000000 4.000000
      vertex 1.000000 6.000000 5.000000
      vertex 0.000000 6.000000 5.000000
    endloop
  endfacet
  facet normal 0 0 0
    outer loop
      vertex 1.000000 7.000000 4.000000
      vertex 0.000000 7.000000 4.000000
      vertex 0.000000 7.000000 5.000000
    endloop
  endfacet
  facet normal 0 0 0
    outer loop
      vertex 1.000000 7.000000 4.000000
      vertex 0.000000 7.000000 5.000000
      vertex 1.000000 7.000000 5.000000
    endloop
  endfacet
  facet normal 0 0 0
    outer loop
      vertex 1.000000 6.000000 4.000000
      vertex 1.000000 7.000000 4.000000
      vertex 1.000000 7.000000 5.000000
    endloop
  endfacet
  facet normal 0 0 0
    outer loop
      vertex 1.000000 6.000000 4.000000
      vertex 1.000000 7.000000 5.000000
      vertex 1.000000 6.000000 5.000000
    endloop
  endfacet
  facet normal 0 0 0
    outer loop
      vertex 0.000000 7.000000 4.000000
      vertex 0.000000 6.000000 4.000000
      vertex 0.000000 6.000000 5.000000
    endloop
  endfacet
  facet normal 0 0 0
    outer loop
      vertex 0.000000 7.000000 4.000000
      vertex 0.000000 6.000000 5.000000
      vertex 0.000000 7.000000 5.000000
    endloop
  endfacet
  facet normal 0 0 0
    outer loop
      vertex 0.000000 6.000000 5.000000
      vertex 1.000000 7.000000 5.000000
      vertex 1.000000 6.000000 5.000000
    endloop
  endfacet
  facet normal 0 0 0
    outer loop
      vertex 0.000000 6.000000 5.000000
      vertex 0.000000 7.000000 5.000000
      vertex 1.000000 7.000000 5.000000
    endloop
  endfacet
  facet normal 0 0 0
    outer loop
      vertex 0.000000 6.000000 6.000000
      vertex 1.000000 6.000000 6.000000
      vertex 1.000000 7.000000 6.000000
    endloop
  endfacet
  facet normal 0 0 0
    outer loop
      vertex 0.000000 6.000000 6.000000
      vertex 1.000000 7.000000 6.000000
      vertex 0.000000 7.000000 6.000000
    endloop
  endfacet
  facet normal 0 0 0
    outer loop
      vertex 0.000000 6.000000 5.000000
      vertex 1.000000 6.000000 5.000000
      vertex 1.000000 6.000000 6.000000
    endloop
  endfacet
  facet normal 0 0 0
    outer loop
      vertex 0.000000 6.000000 5.000000
      vertex 1.000000 6.000000 6.000000
      vertex 0.000000 6.000000 6.000000
    endloop
  endfacet
  facet normal 0 0 0
    outer loop
      vertex 1.000000 7.000000 5.000000
      vertex 0.000000 7.000000 5.000000
      vertex 0.000000 7.000000 6.000000
    endloop
  endfacet
  facet normal 0 0 0
    outer loop
      vertex 1.000000 7.000000 5.000000
      vertex 0.000000 7.000000 6.000000
      vertex 1.000000 7.000000 6.000000
    endloop
  endfacet
  facet normal 0 0 0
    outer loop
      vertex 1.000000 6.000000 5.000000
      vertex 1.000000 7.000000 5.000000
      vertex 1.000000 7.000000 6.000000
    endloop
  endfacet
  facet normal 0 0 0
    outer loop
      vertex 1.000000 6.000000 5.000000
      vertex 1.000000 7.000000 6.000000
      vertex 1.000000 6.000000 6.000000
    endloop
  endfacet
  facet normal 0 0 0
    outer loop
      vertex 0.000000 7.000000 5.000000
      vertex 0.000000 6.000000 5.000000
      vertex 0.000000 6.000000 6.000000
    endloop
  endfacet
  facet normal 0 0 0
    outer loop
      vertex 0.000000 7.000000 5.000000
      vertex 0.000000 6.000000 6.000000
      vertex 0.000000 7.000000 6.000000
    endloop
  endfacet
  facet normal 0 0 0
    outer loop
      vertex 0.000000 7.000000 3.000000
      vertex 1.000000 8.000000 3.000000
      vertex 1.000000 7.000000 3.000000
    endloop
  endfacet
  facet normal 0 0 0
    outer loop
      vertex 0.000000 7.000000 3.000000
      vertex 0.000000 8.000000 3.000000
      vertex 1.000000 8.000000 3.000000
    endloop
  endfacet
  facet normal 0 0 0
    outer loop
      vertex 0.000000 7.000000 4.000000
      vertex 1.000000 7.000000 4.000000
      vertex 1.000000 8.000000 4.000000
    endloop
  endfacet
  facet normal 0 0 0
    outer loop
      vertex 0.000000 7.000000 4.000000
      vertex 1.000000 8.000000 4.000000
      vertex 0.000000 8.000000 4.000000
    endloop
  endfacet
  facet normal 0 0 0
    outer loop
      vertex 0.000000 7.000000 3.000000
      vertex 1.000000 7.000000 3.000000
      vertex 1.000000 7.000000 4.000000
    endloop
  endfacet
  facet normal 0 0 0
    outer loop
      vertex 0.000000 7.000000 3.000000
      vertex 1.000000 7.000000 4.000000
      vertex 0.000000 7.000000 4.000000
    endloop
  endfacet
  facet normal 0 0 0
    outer loop
      vertex 1.000000 8.000000 3.000000
      vertex 0.000000 8.000000 3.000000
      vertex 0.000000 8.000000 4.000000
    endloop
  endfacet
  facet normal 0 0 0
    outer loop
      vertex 1.000000 8.000000 3.000000
      vertex 0.000000 8.000000 4.000000
      vertex 1.000000 8.000000 4.000000
    endloop
  endfacet
  facet normal 0 0 0
    outer loop
      vertex 1.000000 7.000000 3.000000
      vertex 1.000000 8.000000 3.000000
      vertex 1.000000 8.000000 4.000000
    endloop
  endfacet
  facet normal 0 0 0
    outer loop
      vertex 1.000000 7.000000 3.000000
      vertex 1.000000 8.000000 4.000000
      vertex 1.000000 7.000000 4.000000
    endloop
  endfacet
  facet normal 0 0 0
    outer loop
      vertex 0.000000 8.000000 3.000000
      vertex 0.000000 7.000000 3.000000
      vertex 0.000000 7.000000 4.000000
    endloop
  endfacet
  facet normal 0 0 0
    outer loop
      vertex 0.000000 8.000000 3.000000
      vertex 0.000000 7.000000 4.000000
      vertex 0.000000 8.000000 4.000000
    endloop
  endfacet
  facet normal 0 0 0
    outer loop
      vertex 0.000000 7.000000 5.000000
      vertex 1.000000 8.000000 5.000000
      vertex 1.000000 7.000000 5.000000
    endloop
  endfacet
  facet normal 0 0 0
    outer loop
      vertex 0.000000 7.000000 5.000000
      vertex 0.000000 8.000000 5.000000
      vertex 1.000000 8.000000 5.000000
    endloop
  endfacet
  facet normal 0 0 0
    outer loop
      vertex 0.000000 7.000000 6.000000
      vertex 1.000000 7.000000 6.000000
      vertex 1.000000 8.000000 6.000000
    endloop
  endfacet
  facet normal 0 0 0
    outer loop
      vertex 0.000000 7.000000 6.000000
      vertex 1.000000 8.000000 6.000000
      vertex 0.000000 8.000000 6.000000
    endloop
  endfacet
  facet normal 0 0 0
    outer loop
      vertex 0.000000 7.000000 5.000000
      vertex 1.000000 7.000000 5.000000
      vertex 1.000000 7.000000 6.000000
    endloop
  endfacet
  facet normal 0 0 0
    outer loop
      vertex 0.000000 7.000000 5.000000
      vertex 1.000000 7.000000 6.000000
      vertex 0.000000 7.000000 6.000000
    endloop
  endfacet
  facet normal 0 0 0
    outer loop
      vertex 1.000000 8.000000 5.000000
      vertex 0.000000 8.000000 5.000000
      vertex 0.000000 8.000000 6.000000
    endloop
  endfacet
  facet normal 0 0 0
    outer loop
      vertex 1.000000 8.000000 5.000000
      vertex 0.000000 8.000000 6.000000
      vertex 1.000000 8.000000 6.000000
    endloop
  endfacet
  facet normal 0 0 0
    outer loop
      vertex 1.000000 7.000000 5.000000
      vertex 1.000000 8.000000 5.000000
      vertex 1.000000 8.000000 6.000000
    endloop
  endfacet
  facet normal 0 0 0
    outer loop
      vertex 1.000000 7.000000 5.000000
      vertex 1.000000 8.000000 6.000000
      vertex 1.000000 7.000000 6.000000
    endloop
  endfacet
  facet normal 0 0 0
    outer loop
      vertex 0.000000 8.000000 5.000000
      vertex 0.000000 7.000000 5.000000
      vertex 0.000000 7.000000 6.000000
    endloop
  endfacet
  facet normal 0 0 0
    outer loop
      vertex 0.000000 8.000000 5.000000
      vertex 0.000000 7.000000 6.000000
      vertex 0.000000 8.000000 6.000000
    endloop
  endfacet
  facet normal 0 0 0
    outer loop
      vertex 0.000000 8.000000 3.000000
      vertex 1.000000 9.000000 3.000000
      vertex 1.000000 8.000000 3.000000
    endloop
  endfacet
  facet normal 0 0 0
    outer loop
      vertex 0.000000 8.000000 3.000000
      vertex 0.000000 9.000000 3.000000
      vertex 1.000000 9.000000 3.000000
    endloop
  endfacet
  facet normal 0 0 0
    outer loop
      vertex 0.000000 8.000000 4.000000
      vertex 1.000000 8.000000 4.000000
      vertex 1.000000 9.000000 4.000000
    endloop
  endfacet
  facet normal 0 0 0
    outer loop
      vertex 0.000000 8.000000 4.000000
      vertex 1.000000 9.000000 4.000000
      vertex 0.000000 9.000000 4.000000
    endloop
  endfacet
  facet normal 0 0 0
    outer loop
      vertex 0.000000 8.000000 3.000000
      vertex 1.000000 8.000000 3.000000
      vertex 1.000000 8.000000 4.000000
    endloop
  endfacet
  facet normal 0 0 0
    outer loop
      vertex 0.000000 8.000000 3.000000
      vertex 1.000000 8.000000 4.000000
      vertex 0.000000 8.000000 4.000000
    endloop
  endfacet
  facet normal 0 0 0
    outer loop
      vertex 1.000000 9.000000 3.000000
      vertex 0.000000 9.000000 3.000000
      vertex 0.000000 9.000000 4.000000
    endloop
  endfacet
  facet normal 0 0 0
    outer loop
      vertex 1.000000 9.000000 3.000000
      vertex 0.000000 9.000000 4.000000
      vertex 1.000000 9.000000 4.000000
    endloop
  endfacet
  facet normal 0 0 0
    outer loop
      vertex 1.000000 8.000000 3.000000
      vertex 1.000000 9.000000 3.000000
      vertex 1.000000 9.000000 4.000000
    endloop
  endfacet
  facet normal 0 0 0
    outer loop
      vertex 1.000000 8.000000 3.000000
      vertex 1.000000 9.000000 4.000000
      vertex 1.000000 8.000000 4.000000
    endloop
  endfacet
  facet normal 0 0 0
    outer loop
      vertex 0.000000 9.000000 3.000000
      vertex 0.000000 8.000000 3.000000
      vertex 0.000000 8.000000 4.000000
    endloop
  endfacet
  facet normal 0 0 0
    outer loop
      vertex 0.000000 9.000000 3.000000
      vertex 0.000000 8.000000 4.000000
      vertex 0.000000 9.000000 4.000000
    endloop
  endfacet
  facet normal 0 0 0
    outer loop
      vertex 0.000000 8.000000 4.000000
      vertex 1.000000 9.000000 4.000000
      vertex 1.000000 8.000000 4.000000
    endloop
  endfacet
  facet normal 0 0 0
    outer loop
      vertex 0.000000 8.000000 4.000000
      vertex 0.000000 9.000000 4.000000
      vertex 1.000000 9.000000 4.000000
    endloop
  endfacet
  facet normal 0 0 0
    outer loop
      vertex 0.000000 8.000000 5.000000
      vertex 1.000000 8.000000 5.000000
      vertex 1.000000 9.000000 5.000000
    endloop
  endfacet
  facet normal 0 0 0
    outer loop
      vertex 0.000000 8.000000 5.000000
      vertex 1.000000 9.000000 5.000000
      vertex 0.000000 9.000000 5.000000
    endloop
  endfacet
  facet normal 0 0 0
    outer loop
      vertex 0.000000 8.000000 4.000000
      vertex 1.000000 8.000000 4.000000
      vertex 1.000000 8.000000 5.000000
    endloop
  endfacet
  facet normal 0 0 0
    outer loop
      vertex 0.000000 8.000000 4.000000
      vertex 1.000000 8.000000 5.000000
      vertex 0.000000 8.000000 5.000000
    endloop
  endfacet
  facet normal 0 0 0
    outer loop
      vertex 1.000000 9.000000 4.000000
      vertex 0.000000 9.000000 4.000000
      vertex 0.000000 9.000000 5.000000
    endloop
  endfacet
  facet normal 0 0 0
    outer loop
      vertex 1.000000 9.000000 4.000000
      vertex 0.000000 9.000000 5.000000
      vertex 1.000000 9.000000 5.000000
    endloop
  endfacet
  facet normal 0 0 0
    outer loop
      vertex 1.000000 8.000000 4.000000
      vertex 1.000000 9.000000 4.000000
      vertex 1.000000 9.000000 5.000000
    endloop
  endfacet
  facet normal 0 0 0
    outer loop
      vertex 1.000000 8.000000 4.000000
      vertex 1.000000 9.000000 5.000000
      vertex 1.000000 8.000000 5.000000
    endloop
  endfacet
  facet normal 0 0 0
    outer loop
      vertex 0.000000 9.000000 4.000000
      vertex 0.000000 8.000000 4.000000
      vertex 0.000000 8.000000 5.000000
    endloop
  endfacet
  facet normal 0 0 0
    outer loop
      vertex 0.000000 9.000000 4.000000
      vertex 0.000000 8.000000 5.000000
      vertex 0.000000 9.000000 5.000000
    endloop
  endfacet
  facet normal 0 0 0
    outer loop
      vertex 0.000000 8.000000 5.000000
      vertex 1.000000 9.000000 5.000000
      vertex 1.000000 8.000000 5.000000
    endloop
  endfacet
  facet normal 0 0 0
    outer loop
      vertex 0.000000 8.000000 5.000000
      vertex 0.000000 9.000000 5.000000
      vertex 1.000000 9.000000 5.000000
    endloop
  endfacet
  facet normal 0 0 0
    outer loop
      vertex 0.000000 8.000000 6.000000
      vertex 1.000000 8.000000 6.000000
      vertex 1.000000 9.000000 6.000000
    endloop
  endfacet
  facet normal 0 0 0
    outer loop
      vertex 0.000000 8.000000 6.000000
      vertex 1.000000 9.000000 6.000000
      vertex 0.000000 9.000000 6.000000
    endloop
  endfacet
  facet normal 0 0 0
    outer loop
      vertex 0.000000 8.000000 5.000000
      vertex 1.000000 8.000000 5.000000
      vertex 1.000000 8.000000 6.000000
    endloop
  endfacet
  facet normal 0 0 0
    outer loop
      vertex 0.000000 8.000000 5.000000
      vertex 1.000000 8.000000 6.000000
      vertex 0.000000 8.000000 6.000000
    endloop
  endfacet
  facet normal 0 0 0
    outer loop
      vertex 1.000000 9.000000 5.000000
      vertex 0.000000 9.000000 5.000000
      vertex 0.000000 9.000000 6.000000
    endloop
  endfacet
  facet normal 0 0 0
    outer loop
      vertex 1.000000 9.000000 5.000000
      vertex 0.000000 9.000000 6.000000
      vertex 1.000000 9.000000 6.000000
    endloop
  endfacet
  facet normal 0 0 0
    outer loop
      vertex 1.000000 8.000000 5.000000
      vertex 1.000000 9.000000 5.000000
      vertex 1.000000 9.000000 6.000000
    endloop
  endfacet
  facet normal 0 0 0
    outer loop
      vertex 1.000000 8.000000 5.000000
      vertex 1.000000 9.000000 6.000000
      vertex 1.000000 8.000000 6.000000
    endloop
  endfacet
  facet normal 0 0 0
    outer loop
      vertex 0.000000 9.000000 5.000000
      vertex 0.000000 8.000000 5.000000
      vertex 0.000000 8.000000 6.000000
    endloop
  endfacet
  facet normal 0 0 0
    outer loop
      vertex 0.000000 9.000000 5.000000
      vertex 0.000000 8.000000 6.000000
      vertex 0.000000 9.000000 6.000000
    endloop
  endfacet
  facet normal 0 0 0
    outer loop
      vertex 1.000000 6.000000 3.000000
      vertex 2.000000 7.000000 3.000000
      vertex 2.000000 6.000000 3.000000
    endloop
  endfacet
  facet normal 0 0 0
    outer loop
      vertex 1.000000 6.000000 3.000000
      vertex 1.000000 7.000000 3.000000
      vertex 2.000000 7.000000 3.000000
    endloop
  endfacet
  facet normal 0 0 0
    outer loop
      vertex 1.000000 6.000000 4.000000
      vertex 2.000000 6.000000 4.000000
      vertex 2.000000 7.000000 4.000000
    endloop
  endfacet
  facet normal 0 0 0
    outer loop
      vertex 1.000000 6.000000 4.000000
      vertex 2.000000 7.000000 4.000000
      vertex 1.000000 7.000000 4.000000
    endloop
  endfacet
  facet normal 0 0 0
    outer loop
      vertex 1.000000 6.000000 3.000000
      vertex 2.000000 6.000000 3.000000
      vertex 2.000000 6.000000 4.000000
    endloop
  endfacet
  facet normal 0 0 0
    outer loop
      vertex 1.000000 6.000000 3.000000
      vertex 2.000000 6.000000 4.000000
      vertex 1.000000 6.000000 4.000000
    endloop
  endfacet
  facet normal 0 0 0
    outer loop
      vertex 2.000000 7.000000 3.000000
      vertex 1.000000 7.000000 3.000000
      vertex 1.000000 7.000000 4.000000
    endloop
  endfacet
  facet normal 0 0 0
    outer loop
      vertex 2.000000 7.000000 3.000000
      vertex 1.000000 7.000000 4.000000
      vertex 2.000000 7.000000 4.000000
    endloop
  endfacet
  facet normal 0 0 0
    outer loop
      vertex 2.000000 6.000000 3.000000
      vertex 2.000000 7.000000 3.000000
      vertex 2.000000 7.000000 4.000000
    endloop
  endfacet
  facet normal 0 0 0
    outer loop
      vertex 2.000000 6.000000 3.000000
      vertex 2.000000 7.000000 4.000000
      vertex 2.000000 6.000000 4.000000
    endloop
  endfacet
  facet normal 0 0 0
    outer loop
      vertex 1.000000 7.000000 3.000000
      vertex 1.000000 6.000000 3.000000
      vertex 1.000000 6.000000 4.000000
    endloop
  endfacet
  facet normal 0 0 0
    outer loop
      vertex 1.000000 7.000000 3.000000
      vertex 1.000000 6.000000 4.000000
      vertex 1.000000 7.000000 4.000000
    endloop
  endfacet
  facet normal 0 0 0
    outer loop
      vertex 1.000000 6.000000 5.000000
      vertex 2.000000 7.000000 5.000000
      vertex 2.000000 6.000000 5.000000
    endloop
  endfacet
  facet normal 0 0 0
    outer loop
      vertex 1.000000 6.000000 5.000000
      vertex 1.000000 7.000000 5.000000
      vertex 2.000000 7.000000 5.000000
    endloop
  endfacet
  facet normal 0 0 0
    outer loop
      vertex 1.000000 6.000000 6.000000
      vertex 2.000000 6.000000 6.000000
      vertex 2.000000 7.000000 6.000000
    endloop
  endfacet
  facet normal 0 0 0
    outer loop
      vertex 1.000000 6.000000 6.000000
      vertex 2.000000 7.000000 6.000000
      vertex 1.000000 7.000000 6.000000
    endloop
  endfacet
  facet normal 0 0 0
    outer loop
      vertex 1.000000 6.000000 5.000000
      vertex 2.000000 6.000000 5.000000
      vertex 2.000000 6.000000 6.000000
    endloop
  endfacet
  facet normal 0 0 0
    outer loop
      vertex 1.000000 6.000000 5.000000
      vertex 2.000000 6.000000 6.000000
      vertex 1.000000 6.000000 6.000000
    endloop
  endfacet
  facet normal 0 0 0
    outer loop
      vertex 2.000000 7.000000 5.000000
      vertex 1.000000 7.000000 5.000000
      vertex 1.000000 7.000000 6.000000
    endloop
  endfacet
  facet normal 0 0 0
    outer loop
      vertex 2.000000 7.000000 5.000000
      vertex 1.000000 7.000000 6.000000
      vertex 2.000000 7.000000 6.000000
    endloop
  endfacet
  facet normal 0 0 0
    outer loop
      vertex 2.000000 6.000000 5.000000
      vertex 2.000000 7.000000 5.000000
      vertex 2.000000 7.000000 6.000000
    endloop
  endfacet
  facet normal 0 0 0
    outer loop
      vertex 2.000000 6.000000 5.000000
      vertex 2.000000 7.000000 6.000000
      vertex 2.000000 6.000000 6.000000
    endloop
  endfacet
  facet normal 0 0 0
    outer loop
      vertex 1.000000 7.000000 5.000000
      vertex 1.000000 6.000000 5.000000
      vertex 1.000000 6.000000 6.000000
    endloop
  endfacet
  facet normal 0 0 0
    outer loop
      vertex 1.000000 7.000000 5.000000
      vertex 1.000000 6.000000 6.000000
      vertex 1.000000 7.000000 6.000000
    endloop
  endfacet
  facet normal 0 0 0
    outer loop
      vertex 1.000000 8.000000 3.000000
      vertex 2.000000 9.000000 3.000000
      vertex 2.000000 8.000000 3.000000
    endloop
  endfacet
  facet normal 0 0 0
    outer loop
      vertex 1.000000 8.000000 3.000000
      vertex 1.000000 9.000000 3.000000
      vertex 2.000000 9.000000 3.000000
    endloop
  endfacet
  facet normal 0 0 0
    outer loop
      vertex 1.000000 8.000000 4.000000
      vertex 2.000000 8.000000 4.000000
      vertex 2.000000 9.000000 4.000000
    endloop
  endfacet
  facet normal 0 0 0
    outer loop
      vertex 1.000000 8.000000 4.000000
      vertex 2.000000 9.000000 4.000000
      vertex 1.000000 9.000000 4.000000
    endloop
  endfacet
  facet normal 0 0 0
    outer loop
      vertex 1.000000 8.000000 3.000000
      vertex 2.000000 8.000000 3.000000
      vertex 2.000000 8.000000 4.000000
    endloop
  endfacet
  facet normal 0 0 0
    outer loop
      vertex 1.000000 8.000000 3.000000
      vertex 2.000000 8.000000 4.000000
      vertex 1.000000 8.000000 4.000000
    endloop
  endfacet
  facet normal 0 0 0
    outer loop
      vertex 2.000000 9.000000 3.000000
      vertex 1.000000 9.000000 3.000000
      vertex 1.000000 9.000000 4.000000
    endloop
  endfacet
  facet normal 0 0 0
    outer loop
      vertex 2.000000 9.000000 3.000000
      vertex 1.000000 9.000000 4.000000
      vertex 2.000000 9.000000 4.000000
    endloop
  endfacet
  facet normal 0 0 0
    outer loop
      vertex 2.000000 8.000000 3.000000
      vertex 2.000000 9.000000 3.000000
      vertex 2.000000 9.000000 4.000000
    endloop
  endfacet
  facet normal 0 0 0
    outer loop
      vertex 2.000000 8.000000 3.000000
      vertex 2.000000 9.000000 4.000000
      vertex 2.000000 8.000000 4.000000
    endloop
  endfacet
  facet normal 0 0 0
    outer loop
      vertex 1.000000 9.000000 3.000000
      vertex 1.000000 8.000000 3.000000
      vertex 1.000000 8.000000 4.000000
    endloop
  endfacet
  facet normal 0 0 0
    outer loop
      vertex 1.000000 9.000000 3.000000
      vertex 1.000000 8.000000 4.000000
      vertex 1.000000 9.000000 4.000000
    endloop
  endfacet
  facet normal 0 0 0
    outer loop
      vertex 1.000000 8.000000 5.000000
      vertex 2.000000 9.000000 5.000000
      vertex 2.000000 8.000000 5.000000
    endloop
  endfacet
  facet normal 0 0 0
    outer loop
      vertex 1.000000 8.000000 5.000000
      vertex 1.000000 9.000000 5.000000
      vertex 2.000000 9.000000 5.000000
    endloop
  endfacet
  facet normal 0 0 0
    outer loop
      vertex 1.000000 8.000000 6.000000
      vertex 2.000000 8.000000 6.000000
      vertex 2.000000 9.000000 6.000000
    endloop
  endfacet
  facet normal 0 0 0
    outer loop
      vertex 1.000000 8.000000 6.000000
      vertex 2.000000 9.000000 6.000000
      vertex 1.000000 9.000000 6.000000
    endloop
  endfacet
  facet normal 0 0 0
    outer loop
      vertex 1.000000 8.000000 5.000000
      vertex 2.000000 8.000000 5.000000
      vertex 2.000000 8.000000 6.000000
    endloop
  endfacet
  facet normal 0 0 0
    outer loop
      vertex 1.000000 8.000000 5.000000
      vertex 2.000000 8.000000 6.000000
      vertex 1.000000 8.000000 6.000000
    endloop
  endfacet
  facet normal 0 0 0
    outer loop
      vertex 2.000000 9.000000 5.000000
      vertex 1.000000 9.000000 5.000000
      vertex 1.000000 9.000000 6.000000
    endloop
  endfacet
  facet normal 0 0 0
    outer loop
      vertex 2.000000 9.000000 5.000000
      vertex 1.000000 9.000000 6.000000
      vertex 2.000000 9.000000 6.000000
    endloop
  endfacet
  facet normal 0 0 0
    outer loop
      vertex 2.000000 8.000000 5.000000
      vertex 2.000000 9.000000 5.000000
      vertex 2.000000 9.000000 6.000000
    endloop
  endfacet
  facet normal 0 0 0
    outer loop
      vertex 2.000000 8.000000 5.000000
      vertex 2.000000 9.000000 6.000000
      vertex 2.000000 8.000000 6.000000
    endloop
  endfacet
  facet normal 0 0 0
    outer loop
      vertex 1.000000 9.000000 5.000000
      vertex 1.000000 8.000000 5.000000
      vertex 1.000000 8.000000 6.000000
    endloop
  endfacet
  facet normal 0 0 0
    outer loop
      vertex 1.000000 9.000000 5.000000
      vertex 1.000000 8.000000 6.000000
      vertex 1.000000 9.000000 6.000000
    endloop
  endfacet
  facet normal 0 0 0
    outer loop
      vertex 2.000000 6.000000 3.000000
      vertex 3.000000 7.000000 3.000000
      vertex 3.000000 6.000000 3.000000
    endloop
  endfacet
  facet normal 0 0 0
    outer loop
      vertex 2.000000 6.000000 3.000000
      vertex 2.000000 7.000000 3.000000
      vertex 3.000000 7.000000 3.000000
    endloop
  endfacet
  facet normal 0 0 0
    outer loop
      vertex 2.000000 6.000000 4.000000
      vertex 3.000000 6.000000 4.000000
      vertex 3.000000 7.000000 4.000000
    endloop
  endfacet
  facet normal 0 0 0
    outer loop
      vertex 2.000000 6.000000 4.000000
      vertex 3.000000 7.000000 4.000000
      vertex 2.000000 7.000000 4.000000
    endloop
  endfacet
  facet normal 0 0 0
    outer loop
      vertex 2.000000 6.000000 3.000000
      vertex 3.000000 6.000000 3.000000
      vertex 3.000000 6.000000 4.000000
    endloop
  endfacet
  facet normal 0 0 0
    outer loop
      vertex 2.000000 6.000000 3.000000
      vertex 3.000000 6.000000 4.000000
      vertex 2.000000 6.000000 4.000000
    endloop
  endfacet
  facet normal 0 0 0
    outer loop
      vertex 3.000000 7.000000 3.000000
      vertex 2.000000 7.000000 3.000000
      vertex 2.000000 7.000000 4.000000
    endloop
  endfacet
  facet normal 0 0 0
    outer loop
      vertex 3.000000 7.000000 3.000000
      vertex 2.000000 7.000000 4.000000
      vertex 3.000000 7.000000 4.000000
    endloop
  endfacet
  facet normal 0 0 0
    outer loop
      vertex 3.000000 6.000000 3.000000
      vertex 3.000000 7.000000 3.000000
      vertex 3.000000 7.000000 4.000000
    endloop
  endfacet
  facet normal 0 0 0
    outer loop
      vertex 3.000000 6.000000 3.000000
      vertex 3.000000 7.000000 4.000000
      vertex 3.000000 6.000000 4.000000
    endloop
  endfacet
  facet normal 0 0 0
    outer loop
      vertex 2.000000 7.000000 3.000000
      vertex 2.000000 6.000000 3.000000
      vertex 2.000000 6.000000 4.000000
    endloop
  endfacet
  facet normal 0 0 0
    outer loop
      vertex 2.000000 7.000000 3.000000
      vertex 2.000000 6.000000 4.000000
      vertex 2.000000 7.000000 4.000000
    endloop
  endfacet
  facet normal 0 0 0
    outer loop
      vertex 2.000000 6.000000 4.000000
      vertex 3.000000 7.000000 4.000000
      vertex 3.000000 6.000000 4.000000
    endloop
  endfacet
  facet normal 0 0 0
    outer loop
      vertex 2.000000 6.000000 4.000000
      vertex 2.000000 7.000000 4.000000
      vertex 3.000000 7.000000 4.000000
    endloop
  endfacet
  facet normal 0 0 0
    outer loop
      vertex 2.000000 6.000000 5.000000
      vertex 3.000000 6.000000 5.000000
      vertex 3.000000 7.000000 5.000000
    endloop
  endfacet
  facet normal 0 0 0
    outer loop
      vertex 2.000000 6.000000 5.000000
      vertex 3.000000 7.000000 5.000000
      vertex 2.000000 7.000000 5.000000
    endloop
  endfacet
  facet normal 0 0 0
    outer loop
      vertex 2.000000 6.000000 4.000000
      vertex 3.000000 6.000000 4.000000
      vertex 3.000000 6.000000 5.000000
    endloop
  endfacet
  facet normal 0 0 0
    outer loop
      vertex 2.000000 6.000000 4.000000
      vertex 3.000000 6.000000 5.000000
      vertex 2.000000 6.000000 5.000000
    endloop
  endfacet
  facet normal 0 0 0
    outer loop
      vertex 3.000000 7.000000 4.000000
      vertex 2.000000 7.000000 4.000000
      vertex 2.000000 7.000000 5.000000
    endloop
  endfacet
  facet normal 0 0 0
    outer loop
      vertex 3.000000 7.000000 4.000000
      vertex 2.000000 7.000000 5.000000
      vertex 3.000000 7.000000 5.000000
    endloop
  endfacet
  facet normal 0 0 0
    outer loop
      vertex 3.000000 6.000000 4.000000
      vertex 3.000000 7.000000 4.000000
      vertex 3.000000 7.000000 5.000000
    endloop
  endfacet
  facet normal 0 0 0
    outer loop
      vertex 3.000000 6.000000 4.000000
      vertex 3.000000 7.000000 5.000000
      vertex 3.000000 6.000000 5.000000
    endloop
  endfacet
  facet normal 0 0 0
    outer loop
      vertex 2.000000 7.000000 4.000000
      vertex 2.000000 6.000000 4.000000
      vertex 2.000000 6.000000 5.000000
    endloop
  endfacet
  facet normal 0 0 0
    outer loop
      vertex 2.000000 7.000000 4.000000
      vertex 2.000000 6.000000 5.000000
      vertex 2.000000 7.000000 5.000000
    endloop
  endfacet
  facet normal 0 0 0
    outer loop
      vertex 2.000000 6.000000 5.000000
      vertex 3.000000 7.000000 5.000000
      vertex 3.000000 6.000000 5.000000
    endloop
  endfacet
  facet normal 0 0 0
    outer loop
      vertex 2.000000 6.000000 5.000000
      vertex 2.000000 7.000000 5.000000
      vertex 3.000000 7.000000 5.000000
    endloop
  endfacet
  facet normal 0 0 0
    outer loop
      vertex 2.000000 6.000000 6.000000
      vertex 3.000000 6.000000 6.000000
      vertex 3.000000 7.000000 6.000000
    endloop
  endfacet
  facet normal 0 0 0
    outer loop
      vertex 2.000000 6.000000 6.000000
      vertex 3.000000 7.000000 6.000000
      vertex 2.000000 7.000000 6.000000
    endloop
  endfacet
  facet normal 0 0 0
    outer loop
      vertex 2.000000 6.000000 5.000000
      vertex 3.000000 6.000000 5.000000
      vertex 3.000000 6.000000 6.000000
    endloop
  endfacet
  facet normal 0 0 0
    outer loop
      vertex 2.000000 6.000000 5.000000
      vertex 3.000000 6.000000 6.000000
      vertex 2.000000 6.000000 6.000000
    endloop
  endfacet
  facet normal 0 0 0
    outer loop
      vertex 3.000000 7.000000 5.000000
      vertex 2.000000 7.000000 5.000000
      vertex 2.000000 7.000000 6.000000
    endloop
  endfacet
  facet normal 0 0 0
    outer loop
      vertex 3.000000 7.000000 5.000000
      vertex 2.000000 7.000000 6.000000
      vertex 3.000000 7.000000 6.000000
    endloop
  endfacet
  facet normal 0 0 0
    outer loop
      vertex 3.000000 6.000000 5.000000
      vertex 3.000000 7.000000 5.000000
      vertex 3.000000 7.000000 6.000000
    endloop
  endfacet
  facet normal 0 0 0
    outer loop
      vertex 3.000000 6.000000 5.000000
      vertex 3.000000 7.000000 6.000000
      vertex 3.000000 6.000000 6.000000
    endloop
  endfacet
  facet normal 0 0 0
    outer loop
      vertex 2.000000 7.000000 5.000000
      vertex 2.000000 6.000000 5.000000
      vertex 2.000000 6.000000 6.000000
    endloop
  endfacet
  facet normal 0 0 0
    outer loop
      vertex 2.000000 7.000000 5.000000
      vertex 2.000000 6.000000 6.000000
      vertex 2.000000 7.000000 6.000000
    endloop
  endfacet
  facet normal 0 0 0
    outer loop
      vertex 2.000000 7.000000 3.000000
      vertex 3.000000 8.000000 3.000000
      vertex 3.000000 7.000000 3.000000
    endloop
  endfacet
  facet normal 0 0 0
    outer loop
      vertex 2.000000 7.000000 3.000000
      vertex 2.000000 8.000000 3.000000
      vertex 3.000000 8.000000 3.000000
    endloop
  endfacet
  facet normal 0 0 0
    outer loop
      vertex 2.000000 7.000000 4.000000
      vertex 3.000000 7.000000 4.000000
      vertex 3.000000 8.000000 4.000000
    endloop
  endfacet
  facet normal 0 0 0
    outer loop
      vertex 2.000000 7.000000 4.000000
      vertex 3.000000 8.000000 4.000000
      vertex 2.000000 8.000000 4.000000
    endloop
  endfacet
  facet normal 0 0 0
    outer loop
      vertex 2.000000 7.000000 3.000000
      vertex 3.000000 7.000000 3.000000
      vertex 3.000000 7.000000 4.000000
    endloop
  endfacet
  facet normal 0 0 0
    outer loop
      vertex 2.000000 7.000000 3.000000
      vertex 3.000000 7.000000 4.000000
      vertex 2.000000 7.000000 4.000000
    endloop
  endfacet
  facet normal 0 0 0
    outer loop
      vertex 3.000000 8.000000 3.000000
      vertex 2.000000 8.000000 3.000000
      vertex 2.000000 8.000000 4.000000
    endloop
  endfacet
  facet normal 0 0 0
    outer loop
      vertex 3.000000 8.000000 3.000000
      vertex 2.000000 8.000000 4.000000
      vertex 3.000000 8.000000 4.000000
    endloop
  endfacet
  facet normal 0 0 0
    outer loop
      vertex 3.000000 7.000000 3.000000
      vertex 3.000000 8.000000 3.000000
      vertex 3.000000 8.000000 4.000000
    endloop
  endfacet
  facet normal 0 0 0
    outer loop
      vertex 3.000000 7.000000 3.000000
      vertex 3.000000 8.000000 4.000000
      vertex 3.000000 7.000000 4.000000
    endloop
  endfacet
  facet normal 0 0 0
    outer loop
      vertex 2.000000 8.000000 3.000000
      vertex 2.000000 7.000000 3.000000
      vertex 2.000000 7.000000 4.000000
    endloop
  endfacet
  facet normal 0 0 0
    outer loop
      vertex 2.000000 8.000000 3.000000
      vertex 2.000000 7.000000 4.000000
      vertex 2.000000 8.000000 4.000000
    endloop
  endfacet
  facet normal 0 0 0
    outer loop
      vertex 2.000000 7.000000 5.000000
      vertex 3.000000 8.000000 5.000000
      vertex 3.000000 7.000000 5.000000
    endloop
  endfacet
  facet normal 0 0 0
    outer loop
      vertex 2.000000 7.000000 5.000000
      vertex 2.000000 8.000000 5.000000
      vertex 3.000000 8.000000 5.000000
    endloop
  endfacet
  facet normal 0 0 0
    outer loop
      vertex 2.000000 7.000000 6.000000
      vertex 3.000000 7.000000 6.000000
      vertex 3.000000 8.000000 6.000000
    endloop
  endfacet
  facet normal 0 0 0
    outer loop
      vertex 2.000000 7.000000 6.000000
      vertex 3.000000 8.000000 6.000000
      vertex 2.000000 8.000000 6.000000
    endloop
  endfacet
  facet normal 0 0 0
    outer loop
      vertex 2.000000 7.000000 5.000000
      vertex 3.000000 7.000000 5.000000
      vertex 3.000000 7.000000 6.000000
    endloop
  endfacet
  facet normal 0 0 0
    outer loop
      vertex 2.000000 7.000000 5.000000
      vertex 3.000000 7.000000 6.000000
      vertex 2.000000 7.000000 6.000000
    endloop
  endfacet
  facet normal 0 0 0
    outer loop
      vertex 3.000000 8.000000 5.000000
      vertex 2.000000 8.000000 5.000000
      vertex 2.000000 8.000000 6.000000
    endloop
  endfacet
  facet normal 0 0 0
    outer loop
      vertex 3.000000 8.000000 5.000000
      vertex 2.000000 8.000000 6.000000
      vertex 3.000000 8.000000 6.000000
    endloop
  endfacet
  facet normal 0 0 0
    outer loop
      vertex 3.000000 7.000000 5.000000
      vertex 3.000000 8.000000 5.000000
      vertex 3.000000 8.000000 6.000000
    endloop
  endfacet
  facet normal 0 0 0
    outer loop
      vertex 3.000000 7.000000 5.000000
      vertex 3.000000 8.000000 6.000000
      vertex 3.000000 7.000000 6.000000
    endloop
  endfacet
  facet normal 0 0 0
    outer loop
      vertex 2.000000 8.000000 5.000000
      vertex 2.000000 7.000000 5.000000
      vertex 2.000000 7.000000 6.000000
    endloop
  endfacet
  facet normal 0 0 0
    outer loop
      vertex 2.000000 8.000000 5.000000
      vertex 2.000000 7.000000 6.000000
      vertex 2.000000 8.000000 6.000000
    endloop
  endfacet
  facet normal 0 0 0
    outer loop
      vertex 2.000000 8.000000 3.000000
      vertex 3.000000 9.000000 3.000000
      vertex 3.000000 8.000000 3.000000
    endloop
  endfacet
  facet normal 0 0 0
    outer loop
      vertex 2.000000 8.000000 3.000000
      vertex 2.000000 9.000000 3.000000
      vertex 3.000000 9.000000 3.000000
    endloop
  endfacet
  facet normal 0 0 0
    outer loop
      vertex 2.000000 8.000000 4.000000
      vertex 3.000000 8.000000 4.000000
      vertex 3.000000 9.000000 4.000000
    endloop
  endfacet
  facet normal 0 0 0
    outer loop
      vertex 2.000000 8.000000 4.000000
      vertex 3.000000 9.000000 4.000000
      vertex 2.000000 9.000000 4.000000
    endloop
  endfacet
  facet normal 0 0 0
    outer loop
      vertex 2.000000 8.000000 3.000000
      vertex 3.000000 8.000000 3.000000
      vertex 3.000000 8.000000 4.000000
    endloop
  endfacet
  facet normal 0 0 0
    outer loop
      vertex 2.000000 8.000000 3.000000
      vertex 3.000000 8.000000 4.000000
      vertex 2.000000 8.000000 4.000000
    endloop
  endfacet
  facet normal 0 0 0
    outer loop
      vertex 3.000000 9.000000 3.000000
      vertex 2.000000 9.000000 3.000000
      vertex 2.000000 9.000000 4.000000
    endloop
  endfacet
  facet normal 0 0 0
    outer loop
      vertex 3.000000 9.000000 3.000000
      vertex 2.000000 9.000000 4.000000
      vertex 3.000000 9.000000 4.000000
    endloop
  endfacet
  facet normal 0 0 0
    outer loop
      vertex 3.000000 8.000000 3.000000
      vertex 3.000000 9.000000 3.000000
      vertex 3.000000 9.000000 4.000000
    endloop
  endfacet
  facet normal 0 0 0
    outer loop
      vertex 3.000000 8.000000 3.000000
      vertex 3.000000 9.000000 4.000000
      vertex 3.000000 8.000000 4.000000
    endloop
  endfacet
  facet normal 0 0 0
    outer loop
      vertex 2.000000 9.000000 3.000000
      vertex 2.000000 8.000000 3.000000
      vertex 2.000000 8.000000 4.000000
    endloop
  endfacet
  facet normal 0 0 0
    outer loop
      vertex 2.000000 9.000000 3.000000
      vertex 2.000000 8.000000 4.000000
      vertex 2.000000 9.000000 4.000000
    endloop
  endfacet
  facet normal 0 0 0
    outer loop
      vertex 2.000000 8.000000 4.000000
      vertex 3.000000 9.000000 4.000000
      vertex 3.000000 8.000000 4.000000
    endloop
  endfacet
  facet normal 0 0 0
    outer loop
      vertex 2.000000 8.000000 4.000000
      vertex 2.000000 9.000000 4.000000
      vertex 3.000000 9.000000 4.000000
    endloop
  endfacet
  facet normal 0 0 0
    outer loop
      vertex 2.000000 8.000000 5.000000
      vertex 3.000000 8.000000 5.000000
      vertex 3.000000 9.000000 5.000000
    endloop
  endfacet
  facet normal 0 0 0
    outer loop
      vertex 2.000000 8.000000 5.000000
      vertex 3.000000 9.000000 5.000000
      vertex 2.000000 9.000000 5.000000
    endloop
  endfacet
  facet normal 0 0 0
    outer loop
      vertex 2.000000 8.000000 4.000000
      vertex 3.000000 8.000000 4.000000
      vertex 3.000000 8.000000 5.000000
    endloop
  endfacet
  facet normal 0 0 0
    outer loop
      vertex 2.000000 8.000000 4.000000
      vertex 3.000000 8.000000 5.000000
      vertex 2.000000 8.000000 5.000000
    endloop
  endfacet
  facet normal 0 0 0
    outer loop
      vertex 3.000000 9.000000 4.000000
      vertex 2.000000 9.000000 4.000000
      vertex 2.000000 9.000000 5.000000
    endloop
  endfacet
  facet normal 0 0 0
    outer loop
      vertex 3.000000 9.000000 4.000000
      vertex 2.000000 9.000000 5.000000
      vertex 3.000000 9.000000 5.000000
    endloop
  endfacet
  facet normal 0 0 0
    outer loop
      vertex 3.000000 8.000000 4.000000
      vertex 3.000000 9.000000 4.000000
      vertex 3.000000 9.000000 5.000000
    endloop
  endfacet
  facet normal 0 0 0
    outer loop
      vertex 3.000000 8.000000 4.000000
      vertex 3.000000 9.000000 5.000000
      vertex 3.000000 8.000000 5.000000
    endloop
  endfacet
  facet normal 0 0 0
    outer loop
      vertex 2.000000 9.000000 4.000000
      vertex 2.000000 8.000000 4.000000
      vertex 2.000000 8.000000 5.000000
    endloop
  endfacet
  facet normal 0 0 0
    outer loop
      vertex 2.000000 9.000000 4.000000
      vertex 2.000000 8.000000 5.000000
      vertex 2.000000 9.000000 5.000000
    endloop
  endfacet
  facet normal 0 0 0
    outer loop
      vertex 2.000000 8.000000 5.000000
      vertex 3.000000 9.000000 5.000000
      vertex 3.000000 8.000000 5.000000
    endloop
  endfacet
  facet normal 0 0 0
    outer loop
      vertex 2.000000 8.000000 5.000000
      vertex 2.000000 9.000000 5.000000
      vertex 3.000000 9.000000 5.000000
    endloop
  endfacet
  facet normal 0 0 0
    outer loop
      vertex 2.000000 8.000000 6.000000
      vertex 3.000000 8.000000 6.000000
      vertex 3.000000 9.000000 6.000000
    endloop
  endfacet
  facet normal 0 0 0
    outer loop
      vertex 2.000000 8.000000 6.000000
      vertex 3.000000 9.000000 6.000000
      vertex 2.000000 9.000000 6.000000
    endloop
  endfacet
  facet normal 0 0 0
    outer loop
      vertex 2.000000 8.000000 5.000000
      vertex 3.000000 8.000000 5.000000
      vertex 3.000000 8.000000 6.000000
    endloop
  endfacet
  facet normal 0 0 0
    outer loop
      vertex 2.000000 8.000000 5.000000
      vertex 3.000000 8.000000 6.000000
      vertex 2.000000 8.000000 6.000000
    endloop
  endfacet
  facet normal 0 0 0
    outer loop
      vertex 3.000000 9.000000 5.000000
      vertex 2.000000 9.000000 5.000000
      vertex 2.000000 9.000000 6.000000
    endloop
  endfacet
  facet normal 0 0 0
    outer loop
      vertex 3.000000 9.000000 5.000000
      vertex 2.000000 9.000000 6.000000
      vertex 3.000000 9.000000 6.000000
    endloop
  endfacet
  facet normal 0 0 0
    outer loop
      vertex 3.000000 8.000000 5.000000
      vertex 3.000000 9.000000 5.000000
      vertex 3.000000 9.000000 6.000000
    endloop
  endfacet
  facet normal 0 0 0
    outer loop
      vertex 3.000000 8.000000 5.000000
      vertex 3.000000 9.000000 6.000000
      vertex 3.000000 8.000000 6.000000
    endloop
  endfacet
  facet normal 0 0 0
    outer loop
      vertex 2.000000 9.000000 5.000000
      vertex 2.000000 8.000000 5.000000
      vertex 2.000000 8.000000 6.000000
    endloop
  endfacet
  facet normal 0 0 0
    outer loop
      vertex 2.000000 9.000000 5.000000
      vertex 2.000000 8.000000 6.000000
      vertex 2.000000 9.000000 6.000000
    endloop
  endfacet
  facet normal 0 0 0
    outer loop
      vertex 0.000000 6.000000 6.000000
      vertex 1.000000 7.000000 6.000000
      vertex 1.000000 6.000000 6.000000
    endloop
  endfacet
  facet normal 0 0 0
    outer loop
      vertex 0.000000 6.000000 6.000000
      vertex 0.000000 7.000000 6.000000
      vertex 1.000000 7.000000 6.000000
    endloop
  endfacet
  facet normal 0 0 0
    outer loop
      vertex 0.000000 6.000000 7.000000
      vertex 1.000000 6.000000 7.000000
      vertex 1.000000 7.000000 7.000000
    endloop
  endfacet
  facet normal 0 0 0
    outer loop
      vertex 0.000000 6.000000 7.000000
      vertex 1.000000 7.000000 7.000000
      vertex 0.000000 7.000000 7.000000
    endloop
  endfacet
  facet normal 0 0 0
    outer loop
      vertex 0.000000 6.000000 6.000000
      vertex 1.000000 6.000000 6.000000
      vertex 1.000000 6.000000 7.000000
    endloop
  endfacet
  facet normal 0 0 0
    outer loop
      vertex 0.000000 6.000000 6.000000
      vertex 1.000000 6.000000 7.000000
      vertex 0.000000 6.000000 7.000000
    endloop
  endfacet
  facet normal 0 0 0
    outer loop
      vertex 1.000000 7.000000 6.000000
      vertex 0.000000 7.000000 6.000000
      vertex 0.000000 7.000000 7.000000
    endloop
  endfacet
  facet normal 0 0 0
    outer loop
      vertex 1.000000 7.000000 6.000000
      vertex 0.000000 7.000000 7.000000
      vertex 1.000000 7.000000 7.000000
    endloop
  endfacet
  facet normal 0 0 0
    outer loop
      vertex 1.000000 6.000000 6.000000
      vertex 1.000000 7.000000 6.000000
      vertex 1.000000 7.000000 7.000000
    endloop
  endfacet
  facet normal 0 0 0
    outer loop
      vertex 1.000000 6.000000 6.000000
      vertex 1.000000 7.000000 7.000000
      vertex 1.000000 6.000000 7.000000
    endloop
  endfacet
  facet normal 0 0 0
    outer loop
      vertex 0.000000 7.000000 6.000000
      vertex 0.000000 6.000000 6.000000
      vertex 0.000000 6.000000 7.000000
    endloop
  endfacet
  facet normal 0 0 0
    outer loop
      vertex 0.000000 7.000000 6.000000
      vertex 0.000000 6.000000 7.000000
      vertex 0.000000 7.000000 7.000000
    endloop
  endfacet
  facet normal 0 0 0
    outer loop
      vertex 0.000000 6.000000 7.000000
      vertex 1.000000 7.000000 7.000000
      vertex 1.000000 6.000000 7.000000
    endloop
  endfacet
  facet normal 0 0 0
    outer loop
      vertex 0.000000 6.000000 7.000000
      vertex 0.000000 7.000000 7.000000
      vertex 1.000000 7.000000 7.000000
    endloop
  endfacet
  facet normal 0 0 0
    outer loop
      vertex 0.000000 6.000000 8.000000
      vertex 1.000000 6.000000 8.000000
      vertex 1.000000 7.000000 8.000000
    endloop
  endfacet
  facet normal 0 0 0
    outer loop
      vertex 0.000000 6.000000 8.000000
      vertex 1.000000 7.000000 8.000000
      vertex 0.000000 7.000000 8.000000
    endloop
  endfacet
  facet normal 0 0 0
    outer loop
      vertex 0.000000 6.000000 7.000000
      vertex 1.000000 6.000000 7.000000
      vertex 1.000000 6.000000 8.000000
    endloop
  endfacet
  facet normal 0 0 0
    outer loop
      vertex 0.000000 6.000000 7.000000
      vertex 1.000000 6.000000 8.000000
      vertex 0.000000 6.000000 8.000000
    endloop
  endfacet
  facet normal 0 0 0
    outer loop
      vertex 1.000000 7.000000 7.000000
      vertex 0.000000 7.000000 7.000000
      vertex 0.000000 7.000000 8.000000
    endloop
  endfacet
  facet normal 0 0 0
    outer loop
      vertex 1.000000 7.000000 7.000000
      vertex 0.000000 7.000000 8.000000
      vertex 1.000000 7.000000 8.000000
    endloop
  endfacet
  facet normal 0 0 0
    outer loop
      vertex 1.000000 6.000000 7.000000
      vertex 1.000000 7.000000 7.000000
      vertex 1.000000 7.000000 8.000000
    endloop
  endfacet
  facet normal 0 0 0
    outer loop
      vertex 1.000000 6.000000 7.000000
      vertex 1.000000 7.000000 8.000000
      vertex 1.000000 6.000000 8.000000
    endloop
  endfacet
  facet normal 0 0 0
    outer loop
      vertex 0.000000 7.000000 7.000000
      vertex 0.000000 6.000000 7.000000
      vertex 0.000000 6.000000 8.000000
    endloop
  endfacet
  facet normal 0 0 0
    outer loop
      vertex 0.000000 7.000000 7.000000
      vertex 0.000000 6.000000 8.000000
      vertex 0.000000 7.000000 8.000000
    endloop
  endfacet
  facet normal 0 0 0
    outer loop
      vertex 0.000000 6.000000 8.000000
      vertex 1.000000 7.000000 8.000000
      vertex 1.000000 6.000000 8.000000
    endloop
  endfacet
  facet normal 0 0 0
    outer loop
      vertex 0.000000 6.000000 8.000000
      vertex 0.000000 7.000000 8.000000
      vertex 1.000000 7.000000 8.000000
    endloop
  endfacet
  facet normal 0 0 0
    outer loop
      vertex 0.000000 6.000000 9.000000
      vertex 1.000000 6.000000 9.000000
      vertex 1.000000 7.000000 9.000000
    endloop
  endfacet
  facet normal 0 0 0
    outer loop
      vertex 0.000000 6.000000 9.000000
      vertex 1.000000 7.000000 9.000000
      vertex 0.000000 7.000000 9.000000
    endloop
  endfacet
  facet normal 0 0 0
    outer loop
      vertex 0.000000 6.000000 8.000000
      vertex 1.000000 6.000000 8.000000
      vertex 1.000000 6.000000 9.000000
    endloop
  endfacet
  facet normal 0 0 0
    outer loop
      vertex 0.000000 6.000000 8.000000
      vertex 1.000000 6.000000 9.000000
      vertex 0.000000 6.000000 9.000000
    endloop
  endfacet
  facet normal 0 0 0
    outer loop
      vertex 1.000000 7.000000 8.000000
      vertex 0.000000 7.000000 8.000000
      vertex 0.000000 7.000000 9.000000
    endloop
  endfacet
  facet normal 0 0 0
    outer loop
      vertex 1.000000 7.000000 8.000000
      vertex 0.000000 7.000000 9.000000
      vertex 1.000000 7.000000 9.000000
    endloop
  endfacet
  facet normal 0 0 0
    outer loop
      vertex 1.000000 6.000000 8.000000
      vertex 1.000000 7.000000 8.000000
      vertex 1.000000 7.000000 9.000000
    endloop
  endfacet
  facet normal 0 0 0
    outer loop
      vertex 1.000000 6.000000 8.000000
      vertex 1.000000 7.000000 9.000000
      vertex 1.000000 6.000000 9.000000
    endloop
  endfacet
  facet normal 0 0 0
    outer loop
      vertex 0.000000 7.000000 8.000000
      vertex 0.000000 6.000000 8.000000
      vertex 0.000000 6.000000 9.000000
    endloop
  endfacet
  facet normal 0 0 0
    outer loop
      vertex 0.000000 7.000000 8.000000
      vertex 0.000000 6.000000 9.000000
      vertex 0.000000 7.000000 9.000000
    endloop
  endfacet
  facet normal 0 0 0
    outer loop
      vertex 0.000000 7.000000 6.000000
      vertex 1.000000 8.000000 6.000000
      vertex 1.000000 7.000000 6.000000
    endloop
  endfacet
  facet normal 0 0 0
    outer loop
      vertex 0.000000 7.000000 6.000000
      vertex 0.000000 8.000000 6.000000
      vertex 1.000000 8.000000 6.000000
    endloop
  endfacet
  facet normal 0 0 0
    outer loop
      vertex 0.000000 7.000000 7.000000
      vertex 1.000000 7.000000 7.000000
      vertex 1.000000 8.000000 7.000000
    endloop
  endfacet
  facet normal 0 0 0
    outer loop
      vertex 0.000000 7.000000 7.000000
      vertex 1.000000 8.000000 7.000000
      vertex 0.000000 8.000000 7.000000
    endloop
  endfacet
  facet normal 0 0 0
    outer loop
      vertex 0.000000 7.000000 6.000000
      vertex 1.000000 7.000000 6.000000
      vertex 1.000000 7.000000 7.000000
    endloop
  endfacet
  facet normal 0 0 0
    outer loop
      vertex 0.000000 7.000000 6.000000
      vertex 1.000000 7.000000 7.000000
      vertex 0.000000 7.000000 7.000000
    endloop
  endfacet
  facet normal 0 0 0
    outer loop
      vertex 1.000000 8.000000 6.000000
      vertex 0.000000 8.000000 6.000000
      vertex 0.000000 8.000000 7.000000
    endloop
  endfacet
  facet normal 0 0 0
    outer loop
      vertex 1.000000 8.000000 6.000000
      vertex 0.000000 8.000000 7.000000
      vertex 1.000000 8.000000 7.000000
    endloop
  endfacet
  facet normal 0 0 0
    outer loop
      vertex 1.000000 7.000000 6.000000
      vertex 1.000000 8.000000 6.000000
      vertex 1.000000 8.000000 7.000000
    endloop
  endfacet
  facet normal 0 0 0
    outer loop
      vertex 1.000000 7.000000 6.000000
      vertex 1.000000 8.000000 7.000000
      vertex 1.000000 7.000000 7.000000
    endloop
  endfacet
  facet normal 0 0 0
    outer loop
      vertex 0.000000 8.000000 6.000000
      vertex 0.000000 7.000000 6.000000
      vertex 0.000000 7.000000 7.000000
    endloop
  endfacet
  facet normal 0 0 0
    outer loop
      vertex 0.000000 8.000000 6.000000
      vertex 0.000000 7.000000 7.000000
      vertex 0.000000 8.000000 7.000000
    endloop
  endfacet
  facet normal 0 0 0
    outer loop
      vertex 0.000000 7.000000 8.000000
      vertex 1.000000 8.000000 8.000000
      vertex 1.000000 7.000000 8.000000
    endloop
  endfacet
  facet normal 0 0 0
    outer loop
      vertex 0.000000 7.000000 8.000000
      vertex 0.000000 8.000000 8.000000
      vertex 1.000000 8.000000 8.000000
    endloop
  endfacet
  facet normal 0 0 0
    outer loop
      vertex 0.000000 7.000000 9.000000
      vertex 1.000000 7.000000 9.000000
      vertex 1.000000 8.000000 9.000000
    endloop
  endfacet
  facet normal 0 0 0
    outer loop
      vertex 0.000000 7.000000 9.000000
      vertex 1.000000 8.000000 9.000000
      vertex 0.000000 8.000000 9.000000
    endloop
  endfacet
  facet normal 0 0 0
    outer loop
      vertex 0.000000 7.000000 8.000000
      vertex 1.000000 7.000000 8.000000
      vertex 1.000000 7.000000 9.000000
    endloop
  endfacet
  facet normal 0 0 0
    outer loop
      vertex 0.000000 7.000000 8.000000
      vertex 1.000000 7.000000 9.000000
      vertex 0.000000 7.000000 9.000000
    endloop
  endfacet
  facet normal 0 0 0
    outer loop
      vertex 1.000000 8.000000 8.000000
      vertex 0.000000 8.000000 8.000000
      vertex 0.000000 8.000000 9.000000
    endloop
  endfacet
  facet normal 0 0 0
    outer loop
      vertex 1.000000 8.000000 8.000000
      vertex 0.000000 8.000000 9.000000
      vertex 1.000000 8.000000 9.000000
    endloop
  endfacet
  facet normal 0 0 0
    outer loop
      vertex 1.000000 7.000000 8.000000
      vertex 1.000000 8.000000 8.000000
      vertex 1.000000 8.000000 9.000000
    endloop
  endfacet
  facet normal 0 0 0
    outer loop
      vertex 1.000000 7.000000 8.000000
      vertex 1.000000 8.000000 9.000000
      vertex 1.000000 7.000000 9.000000
    endloop
  endfacet
  facet normal 0 0 0
    outer loop
      vertex 0.000000 8.000000 8.000000
      vertex 0.000000 7.000000 8.000000
      vertex 0.000000 7.000000 9.000000
    endloop
  endfacet
  facet normal 0 0 0
    outer loop
      vertex 0.000000 8.000000 8.000000
      vertex 0.000000 7.000000 9.000000
      vertex 0.000000 8.000000 9.000000
    endloop
  endfacet
  facet normal 0 0 0
    outer loop
      vertex 0.000000 8.000000 6.000000
      vertex 1.000000 9.000000 6.000000
      vertex 1.000000 8.000000 6.000000
    endloop
  endfacet
  facet normal 0 0 0
    outer loop
      vertex 0.000000 8.000000 6.000000
      vertex 0.000000 9.000000 6.000000
      vertex 1.000000 9.000000 6.000000
    endloop
  endfacet
  facet normal 0 0 0
    outer loop
      vertex 0.000000 8.000000 7.000000
      vertex 1.000000 8.000000 7.000000
      vertex 1.000000 9.000000 7.000000
    endloop
  endfacet
  facet normal 0 0 0
    outer loop
      vertex 0.000000 8.000000 7.000000
      vertex 1.000000 9.000000 7.000000
      vertex 0.000000 9.000000 7.000000
    endloop
  endfacet
  facet normal 0 0 0
    outer loop
      vertex 0.000000 8.000000 6.000000
      vertex 1.000000 8.000000 6.000000
      vertex 1.000000 8.000000 7.000000
    endloop
  endfacet
  facet normal 0 0 0
    outer loop
      vertex 0.000000 8.000000 6.000000
      vertex 1.000000 8.000000 7.000000
      vertex 0.000000 8.000000 7.000000
    endloop
  endfacet
  facet normal 0 0 0
    outer loop
      vertex 1.000000 9.000000 6.000000
      vertex 0.000000 9.000000 6.000000
      vertex 0.000000 9.000000 7.000000
    endloop
  endfacet
  facet normal 0 0 0
    outer loop
      vertex 1.000000 9.000000 6.000000
      vertex 0.000000 9.000000 7.000000
      vertex 1.000000 9.000000 7.000000
    endloop
  endfacet
  facet normal 0 0 0
    outer loop
      vertex 1.000000 8.000000 6.000000
      vertex 1.000000 9.000000 6.000000
      vertex 1.000000 9.000000 7.000000
    endloop
  endfacet
  facet normal 0 0 0
    outer loop
      vertex 1.000000 8.000000 6.000000
      vertex 1.000000 9.000000 7.000000
      vertex 1.000000 8.000000 7.000000
    endloop
  endfacet
  facet normal 0 0 0
    outer loop
      vertex 0.000000 9.000000 6.000000
      vertex 0.000000 8.000000 6.000000
      vertex 0.000000 8.000000 7.000000
    endloop
  endfacet
  facet normal 0 0 0
    outer loop
      vertex 0.000000 9.000000 6.000000
      vertex 0.000000 8.000000 7.000000
      vertex 0.000000 9.000000 7.000000
    endloop
  endfacet
  facet normal 0 0 0
    outer loop
      vertex 0.000000 8.000000 7.000000
      vertex 1.000000 9.000000 7.000000
      vertex 1.000000 8.000000 7.000000
    endloop
  endfacet
  facet normal 0 0 0
    outer loop
      vertex 0.000000 8.000000 7.000000
      vertex 0.000000 9.000000 7.000000
      vertex 1.000000 9.000000 7.000000
    endloop
  endfacet
  facet normal 0 0 0
    outer loop
      vertex 0.000000 8.000000 8.000000
      vertex 1.000000 8.000000 8.000000
      vertex 1.000000 9.000000 8.000000
    endloop
  endfacet
  facet normal 0 0 0
    outer loop
      vertex 0.000000 8.000000 8.000000
      vertex 1.000000 9.000000 8.000000
      vertex 0.000000 9.000000 8.000000
    endloop
  endfacet
  facet normal 0 0 0
    outer loop
      vertex 0.000000 8.000000 7.000000
      vertex 1.000000 8.000000 7.000000
      vertex 1.000000 8.000000 8.000000
    endloop
  endfacet
  facet normal 0 0 0
    outer loop
      vertex 0.000000 8.000000 7.000000
      vertex 1.000000 8.000000 8.000000
      vertex 0.000000 8.000000 8.000000
    endloop
  endfacet
  facet normal 0 0 0
    outer loop
      vertex 1.000000 9.000000 7.000000
      vertex 0.000000 9.000000 7.000000
      vertex 0.000000 9.000000 8.000000
    endloop
  endfacet
  facet normal 0 0 0
    outer loop
      vertex 1.000000 9.000000 7.000000
      vertex 0.000000 9.000000 8.000000
      vertex 1.000000 9.000000 8.000000
    endloop
  endfacet
  facet normal 0 0 0
    outer loop
      vertex 1.000000 8.000000 7.000000
      vertex 1.000000 9.000000 7.000000
      vertex 1.000000 9.000000 8.000000
    endloop
  endfacet
  facet normal 0 0 0
    outer loop
      vertex 1.000000 8.000000 7.000000
      vertex 1.000000 9.000000 8.000000
      vertex 1.000000 8.000000 8.000000
    endloop
  endfacet
  facet normal 0 0 0
    outer loop
      vertex 0.000000 9.000000 7.000000
      vertex 0.000000 8.000000 7.000000
      vertex 0.000000 8.000000 8.000000
    endloop
  endfacet
  facet normal 0 0 0
    outer loop
      vertex 0.000000 9.000000 7.000000
      vertex 0.000000 8.000000 8.000000
      vertex 0.000000 9.000000 8.000000
    endloop
  endfacet
  facet normal 0 0 0
    outer loop
      vertex 0.000000 8.000000 8.000000
      vertex 1.000000 9.000000 8.000000
      vertex 1.000000 8.000000 8.000000
    endloop
  endfacet
  facet normal 0 0 0
    outer loop
      vertex 0.000000 8.000000 8.000000
      vertex 0.000000 9.000000 8.000000
      vertex 1.000000 9.000000 8.000000
    endloop
  endfacet
  facet normal 0 0 0
    outer loop
      vertex 0.000000 8.000000 9.000000
      vertex 1.000000 8.000000 9.000000
      vertex 1.000000 9.000000 9.000000
    endloop
  endfacet
  facet normal 0 0 0
    outer loop
      vertex 0.000000 8.000000 9.000000
      vertex 1.000000 9.000000 9.000000
      vertex 0.000000 9.000000 9.000000
    endloop
  endfacet
  facet normal 0 0 0
    outer loop
      vertex 0.000000 8.000000 8.000000
      vertex 1.000000 8.000000 8.000000
      vertex 1.000000 8.000000 9.000000
    endloop
  endfacet
  facet normal 0 0 0
    outer loop
      vertex 0.000000 8.000000 8.000000
      vertex 1.000000 8.000000 9.000000
      vertex 0.000000 8.000000 9.000000
    endloop
  endfacet
  facet normal 0 0 0
    outer loop
      vertex 1.000000 9.000000 8.000000
      vertex 0.000000 9.000000 8.000000
      vertex 0.000000 9.000000 9.000000
    endloop
  endfacet
  facet normal 0 0 0
    outer loop
      vertex 1.000000 9.000000 8.000000
      vertex 0.000000 9.000000 9.000000
      vertex 1.000000 9.000000 9.000000
    endloop
  endfacet
  facet normal 0 0 0
    outer loop
      vertex 1.000000 8.000000 8.000000
      vertex 1.000000 9.000000 8.000000
      vertex 1.000000 9.000000 9.000000
    endloop
  endfacet
  facet normal 0 0 0
    outer loop
      vertex 1.000000 8.000000 8.000000
      vertex 1.000000 9.000000 9.000000
      vertex 1.000000 8.000000 9.000000
    endloop
  endfacet
  facet normal 0 0 0
    outer loop
      vertex 0.000000 9.000000 8.000000
      vertex 0.000000 8.000000 8.000000
      vertex 0.000000 8.000000 9.000000
    endloop
  endfacet
  facet normal 0 0 0
    outer loop
      vertex 0.000000 9.000000 8.000000
      vertex 0.000000 8.000000 9.000000
      vertex 0.000000 9.000000 9.000000
    endloop
  endfacet
  facet normal 0 0 0
    outer loop
      vertex 1.000000 6.000000 6.000000
      vertex 2.000000 7.000000 6.000000
      vertex 2.000000 6.000000 6.000000
    endloop
  endfacet
  facet normal 0 0 0
    outer loop
      vertex 1.000000 6.000000 6.000000
      vertex 1.000000 7.000000 6.000000
      vertex 2.000000 7.000000 6.000000
    endloop
  endfacet
  facet normal 0 0 0
    outer loop
      vertex 1.000000 6.000000 7.000000
      vertex 2.000000 6.000000 7.000000
      vertex 2.000000 7.000000 7.000000
    endloop
  endfacet
  facet normal 0 0 0
    outer loop
      vertex 1.000000 6.000000 7.000000
      vertex 2.000000 7.000000 7.000000
      vertex 1.000000 7.000000 7.000000
    endloop
  endfacet
  facet normal 0 0 0
    outer loop
      vertex 1.000000 6.000000 6.000000
      vertex 2.000000 6.000000 6.000000
      vertex 2.000000 6.000000 7.000000
    endloop
  endfacet
  facet normal 0 0 0
    outer loop
      vertex 1.000000 6.000000 6.000000
      vertex 2.000000 6.000000 7.000000
      vertex 1.000000 6.000000 7.000000
    endloop
  endfacet
  facet normal 0 0 0
    outer loop
      vertex 2.000000 7.000000 6.000000
      vertex 1.000000 7.000000 6.000000
      vertex 1.000000 7.000000 7.000000
    endloop
  endfacet
  facet normal 0 0 0
    outer loop
      vertex 2.000000 7.000000 6.000000
      vertex 1.000000 7.000000 7.000000
      vertex 2.000000 7.000000 7.000000
    endloop
  endfacet
  facet normal 0 0 0
    outer loop
      vertex 2.000000 6.000000 6.000000
      vertex 2.000000 7.000000 6.000000
      vertex 2.000000 7.000000 7.000000
    endloop
  endfacet
  facet normal 0 0 0
    outer loop
      vertex 2.000000 6.000000 6.000000
      vertex 2.000000 7.000000 7.000000
      vertex 2.000000 6.000000 7.000000
    endloop
  endfacet
  facet normal 0 0 0
    outer loop
      vertex 1.000000 7.000000 6.000000
      vertex 1.000000 6.000000 6.000000
      vertex 1.000000 6.000000 7.000000
    endloop
  endfacet
  facet normal 0 0 0
    outer loop
      vertex 1.000000 7.000000 6.000000
      vertex 1.000000 6.000000 7.000000
      vertex 1.000000 7.000000 7.000000
    endloop
  endfacet
  facet normal 0 0 0
    outer loop
      vertex 1.000000 6.000000 8.000000
      vertex 2.000000 7.000000 8.000000
      vertex 2.000000 6.000000 8.000000
    endloop
  endfacet
  facet normal 0 0 0
    outer loop
      vertex 1.000000 6.000000 8.000000
      vertex 1.000000 7.000000 8.000000
      vertex 2.000000 7.000000 8.000000
    endloop
  endfacet
  facet normal 0 0 0
    outer loop
      vertex 1.000000 6.000000 9.000000
      vertex 2.000000 6.000000 9.000000
      vertex 2.000000 7.000000 9.000000
    endloop
  endfacet
  facet normal 0 0 0
    outer loop
      vertex 1.000000 6.000000 9.000000
      vertex 2.000000 7.000000 9.000000
      vertex 1.000000 7.000000 9.000000
    endloop
  endfacet
  facet normal 0 0 0
    outer loop
      vertex 1.000000 6.000000 8.000000
      vertex 2.000000 6.000000 8.000000
      vertex 2.000000 6.000000 9.000000
    endloop
  endfacet
  facet normal 0 0 0
    outer loop
      vertex 1.000000 6.000000 8.000000
      vertex 2.000000 6.000000 9.000000
      vertex 1.000000 6.000000 9.000000
    endloop
  endfacet
  facet normal 0 0 0
    outer loop
      vertex 2.000000 7.000000 8.000000
      vertex 1.000000 7.000000 8.000000
      vertex 1.000000 7.000000 9.000000
    endloop
  endfacet
  facet normal 0 0 0
    outer loop
      vertex 2.000000 7.000000 8.000000
      vertex 1.000000 7.000000 9.000000
      vertex 2.000000 7.000000 9.000000
    endloop
  endfacet
  facet normal 0 0 0
    outer loop
      vertex 2.000000 6.000000 8.000000
      vertex 2.000000 7.000000 8.000000
      vertex 2.000000 7.000000 9.000000
    endloop
  endfacet
  facet normal 0 0 0
    outer loop
      vertex 2.000000 6.000000 8.000000
      vertex 2.000000 7.000000 9.000000
      vertex 2.000000 6.000000 9.000000
    endloop
  endfacet
  facet normal 0 0 0
    outer loop
      vertex 1.000000 7.000000 8.000000
      vertex 1.000000 6.000000 8.000000
      vertex 1.000000 6.000000 9.000000
    endloop
  endfacet
  facet normal 0 0 0
    outer loop
      vertex 1.000000 7.000000 8.000000
      vertex 1.000000 6.000000 9.000000
      vertex 1.000000 7.000000 9.000000
    endloop
  endfacet
  facet normal 0 0 0
    outer loop
      vertex 1.000000 8.000000 6.000000
      vertex 2.000000 9.000000 6.000000
      vertex 2.000000 8.000000 6.000000
    endloop
  endfacet
  facet normal 0 0 0
    outer loop
      vertex 1.000000 8.000000 6.000000
      vertex 1.000000 9.000000 6.000000
      vertex 2.000000 9.000000 6.000000
    endloop
  endfacet
  facet normal 0 0 0
    outer loop
      vertex 1.000000 8.000000 7.000000
      vertex 2.000000 8.000000 7.000000
      vertex 2.000000 9.000000 7.000000
    endloop
  endfacet
  facet normal 0 0 0
    outer loop
      vertex 1.000000 8.000000 7.000000
      vertex 2.000000 9.000000 7.000000
      vertex 1.000000 9.000000 7.000000
    endloop
  endfacet
  facet normal 0 0 0
    outer loop
      vertex 1.000000 8.000000 6.000000
      vertex 2.000000 8.000000 6.000000
      vertex 2.000000 8.000000 7.000000
    endloop
  endfacet
  facet normal 0 0 0
    outer loop
      vertex 1.000000 8.000000 6.000000
      vertex 2.000000 8.000000 7.000000
      vertex 1.000000 8.000000 7.000000
    endloop
  endfacet
  facet normal 0 0 0
    outer loop
      vertex 2.000000 9.000000 6.000000
      vertex 1.000000 9.000000 6.000000
      vertex 1.000000 9.000000 7.000000
    endloop
  endfacet
  facet normal 0 0 0
    outer loop
      vertex 2.000000 9.000000 6.000000
      vertex 1.000000 9.000000 7.000000
      vertex 2.000000 9.000000 7.000000
    endloop
  endfacet
  facet normal 0 0 0
    outer loop
      vertex 2.000000 8.000000 6.000000
      vertex 2.000000 9.000000 6.000000
      vertex 2.000000 9.000000 7.000000
    endloop
  endfacet
  facet normal 0 0 0
    outer loop
      vertex 2.000000 8.000000 6.000000
      vertex 2.000000 9.000000 7.000000
      vertex 2.000000 8.000000 7.000000
    endloop
  endfacet
  facet normal 0 0 0
    outer loop
      vertex 1.000000 9.000000 6.000000
      vertex 1.000000 8.000000 6.000000
      vertex 1.000000 8.000000 7.000000
    endloop
  endfacet
  facet normal 0 0 0
    outer loop
      vertex 1.000000 9.000000 6.000000
      vertex 1.000000 8.000000 7.000000
      vertex 1.000000 9.000000 7.000000
    endloop
  endfacet
  facet normal 0 0 0
    outer loop
      vertex 1.000000 8.000000 8.000000
      vertex 2.000000 9.000000 8.000000
      vertex 2.000000 8.000000 8.000000
    endloop
  endfacet
  facet normal 0 0 0
    outer loop
      vertex 1.000000 8.000000 8.000000
      vertex 1.000000 9.000000 8.000000
      vertex 2.000000 9.000000 8.000000
    endloop
  endfacet
  facet normal 0 0 0
    outer loop
      vertex 1.000000 8.000000 9.000000
      vertex 2.000000 8.000000 9.000000
      vertex 2.000000 9.000000 9.000000
    endloop
  endfacet
  facet normal 0 0 0
    outer loop
      vertex 1.000000 8.000000 9.000000
      vertex 2.000000 9.000000 9.000000
      vertex 1.000000 9.000000 9.000000
    endloop
  endfacet
  facet normal 0 0 0
    outer loop
      vertex 1.000000 8.000000 8.000000
      vertex 2.000000 8.000000 8.000000
      vertex 2.000000 8.000000 9.000000
    endloop
  endfacet
  facet normal 0 0 0
    outer loop
      vertex 1.000000 8.000000 8.000000
      vertex 2.000000 8.000000 9.000000
      vertex 1.000000 8.000000 9.000000
    endloop
  endfacet
  facet normal 0 0 0
    outer loop
      vertex 2.000000 9.000000 8.000000
      vertex 1.000000 9.000000 8.000000
      vertex 1.000000 9.000000 9.000000
    endloop
  endfacet
  facet normal 0 0 0
    outer loop
      vertex 2.000000 9.000000 8.000000
      vertex 1.000000 9.000000 9.000000
      vertex 2.000000 9.000000 9.000000
    endloop
  endfacet
  facet normal 0 0 0
    outer loop
      vertex 2.000000 8.000000 8.000000
      vertex 2.000000 9.000000 8.000000
      vertex 2.000000 9.000000 9.000000
    endloop
  endfacet
  facet normal 0 0 0
    outer loop
      vertex 2.000000 8.000000 8.000000
      vertex 2.000000 9.000000 9.000000
      vertex 2.000000 8.000000 9.000000
    endloop
  endfacet
  facet normal 0 0 0
    outer loop
      vertex 1.000000 9.000000 8.000000
      vertex 1.000000 8.000000 8.000000
      vertex 1.000000 8.000000 9.000000
    endloop
  endfacet
  facet normal 0 0 0
    outer loop
      vertex 1.000000 9.000000 8.000000
      vertex 1.000000 8.000000 9.000000
      vertex 1.000000 9.000000 9.000000
    endloop
  endfacet
  facet normal 0 0 0
    outer loop
      vertex 2.000000 6.000000 6.000000
      vertex 3.000000 7.000000 6.000000
      vertex 3.000000 6.000000 6.000000
    endloop
  endfacet
  facet normal 0 0 0
    outer loop
      vertex 2.000000 6.000000 6.000000
      vertex 2.000000 7.000000 6.000000
      vertex 3.000000 7.000000 6.000000
    endloop
  endfacet
  facet normal 0 0 0
    outer loop
      vertex 2.000000 6.000000 7.000000
      vertex 3.000000 6.000000 7.000000
      vertex 3.000000 7.000000 7.000000
    endloop
  endfacet
  facet normal 0 0 0
    outer loop
      vertex 2.000000 6.000000 7.000000
      vertex 3.000000 7.000000 7.000000
      vertex 2.000000 7.000000 7.000000
    endloop
  endfacet
  facet normal 0 0 0
    outer loop
      vertex 2.000000 6.000000 6.000000
      vertex 3.000000 6.000000 6.000000
      vertex 3.000000 6.000000 7.000000
    endloop
  endfacet
  facet normal 0 0 0
    outer loop
      vertex 2.000000 6.000000 6.000000
      vertex 3.000000 6.000000 7.000000
      vertex 2.000000 6.000000 7.000000
    endloop
  endfacet
  facet normal 0 0 0
    outer loop
      vertex 3.000000 7.000000 6.000000
      vertex 2.000000 7.000000 6.000000
      vertex 2.000000 7.000000 7.000000
    endloop
  endfacet
  facet normal 0 0 0
    outer loop
      vertex 3.000000 7.000000 6.000000
      vertex 2.000000 7.000000 7.000000
      vertex 3.000000 7.000000 7.000000
    endloop
  endfacet
  facet normal 0 0 0
    outer loop
      vertex 3.000000 6.000000 6.000000
      vertex 3.000000 7.000000 6.000000
      vertex 3.000000 7.000000 7.000000
    endloop
  endfacet
  facet normal 0 0 0
    outer loop
      vertex 3.000000 6.000000 6.000000
      vertex 3.000000 7.000000 7.000000
      vertex 3.000000 6.000000 7.000000
    endloop
  endfacet
  facet normal 0 0 0
    outer loop
      vertex 2.000000 7.000000 6.000000
      vertex 2.000000 6.000000 6.000000
      vertex 2.000000 6.000000 7.000000
    endloop
  endfacet
  facet normal 0 0 0
    outer loop
      vertex 2.000000 7.000000 6.000000
      vertex 2.000000 6.000000 7.000000
      vertex 2.000000 7.000000 7.000000
    endloop
  endfacet
  facet normal 0 0 0
    outer loop
      vertex 2.000000 6.000000 7.000000
      vertex 3.000000 7.000000 7.000000
      vertex 3.000000 6.000000 7.000000
    endloop
  endfacet
  facet normal 0 0 0
    outer loop
      vertex 2.000000 6.000000 7.000000
      vertex 2.000000 7.000000 7.000000
      vertex 3.000000 7.000000 7.000000
    endloop
  endfacet
  facet normal 0 0 0
    outer loop
      vertex 2.000000 6.000000 8.000000
      vertex 3.000000 6.000000 8.000000
      vertex 3.000000 7.000000 8.000000
    endloop
  endfacet
  facet normal 0 0 0
    outer loop
      vertex 2.000000 6.000000 8.000000
      vertex 3.000000 7.000000 8.000000
      vertex 2.000000 7.000000 8.000000
    endloop
  endfacet
  facet normal 0 0 0
    outer loop
      vertex 2.000000 6.000000 7.000000
      vertex 3.000000 6.000000 7.000000
      vertex 3.000000 6.000000 8.000000
    endloop
  endfacet
  facet normal 0 0 0
    outer loop
      vertex 2.000000 6.000000 7.000000
      vertex 3.000000 6.000000 8.000000
      vertex 2.000000 6.000000 8.000000
    endloop
  endfacet
  facet normal 0 0 0
    outer loop
      vertex 3.000000 7.000000 7.000000
      vertex 2.000000 7.000000 7.000000
      vertex 2.000000 7.000000 8.000000
    endloop
  endfacet
  facet normal 0 0 0
    outer loop
      vertex 3.000000 7.000000 7.000000
      vertex 2.000000 7.000000 8.000000
      vertex 3.000000 7.000000 8.000000
    endloop
  endfacet
  facet normal 0 0 0
    outer loop
      vertex 3.000000 6.000000 7.000000
      vertex 3.000000 7.000000 7.000000
      vertex 3.000000 7.000000 8.000000
    endloop
  endfacet
  facet normal 0 0 0
    outer loop
      vertex 3.000000 6.000000 7.000000
      vertex 3.000000 7.000000 8.000000
      vertex 3.000000 6.000000 8.000000
    endloop
  endfacet
  facet normal 0 0 0
    outer loop
      vertex 2.000000 7.000000 7.000000
      vertex 2.000000 6.000000 7.000000
      vertex 2.000000 6.000000 8.000000
    endloop
  endfacet
  facet normal 0 0 0
    outer loop
      vertex 2.000000 7.000000 7.000000
      vertex 2.000000 6.000000 8.000000
      vertex 2.000000 7.000000 8.000000
    endloop
  endfacet
  facet normal 0 0 0
    outer loop
      vertex 2.000000 6.000000 8.000000
      vertex 3.000000 7.000000 8.000000
      vertex 3.000000 6.000000 8.000000
    endloop
  endfacet
  facet normal 0 0 0
    outer loop
      vertex 2.000000 6.000000 8.000000
      vertex 2.000000 7.000000 8.000000
      vertex 3.000000 7.000000 8.000000
    endloop
  endfacet
  facet normal 0 0 0
    outer loop
      vertex 2.000000 6.000000 9.000000
      vertex 3.000000 6.000000 9.000000
      vertex 3.000000 7.000000 9.000000
    endloop
  endfacet
  facet normal 0 0 0
    outer loop
      vertex 2.000000 6.000000 9.000000
      vertex 3.000000 7.000000 9.000000
      vertex 2.000000 7.000000 9.000000
    endloop
  endfacet
  facet normal 0 0 0
    outer loop
      vertex 2.000000 6.000000 8.000000
      vertex 3.000000 6.000000 8.000000
      vertex 3.000000 6.000000 9.000000
    endloop
  endfacet
  facet normal 0 0 0
    outer loop
      vertex 2.000000 6.000000 8.000000
      vertex 3.000000 6.000000 9.000000
      vertex 2.000000 6.000000 9.000000
    endloop
  endfacet
  facet normal 0 0 0
    outer loop
      vertex 3.000000 7.000000 8.000000
      vertex 2.000000 7.000000 8.000000
      vertex 2.000000 7.000000 9.000000
    endloop
  endfacet
  facet normal 0 0 0
    outer loop
      vertex 3.000000 7.000000 8.000000
      vertex 2.000000 7.000000 9.000000
      vertex 3.000000 7.000000 9.000000
    endloop
  endfacet
  facet normal 0 0 0
    outer loop
      vertex 3.000000 6.000000 8.000000
      vertex 3.000000 7.000000 8.000000
      vertex 3.000000 7.000000 9.000000
    endloop
  endfacet
  facet normal 0 0 0
    outer loop
      vertex 3.000000 6.000000 8.000000
      vertex 3.000000 7.000000 9.000000
      vertex 3.000000 6.000000 9.000000
    endloop
  endfacet
  facet normal 0 0 0
    outer loop
      vertex 2.000000 7.000000 8.000000
      vertex 2.000000 6.000000 8.000000
      vertex 2.000000 6.000000 9.000000
    endloop
  endfacet
  facet normal 0 0 0
    outer loop
      vertex 2.000000 7.000000 8.000000
      vertex 2.000000 6.000000 9.000000
      vertex 2.000000 7.000000 9.000000
    endloop
  endfacet
  facet normal 0 0 0
    outer loop
      vertex 2.000000 7.000000 6.000000
      vertex 3.000000 8.000000 6.000000
      vertex 3.000000 7.000000 6.000000
    endloop
  endfacet
  facet normal 0 0 0
    outer loop
      vertex 2.000000 7.000000 6.000000
      vertex 2.000000 8.000000 6.000000
      vertex 3.000000 8.000000 6.000000
    endloop
  endfacet
  facet normal 0 0 0
    outer loop
      vertex 2.000000 7.000000 7.000000
      vertex 3.000000 7.000000 7.000000
      vertex 3.000000 8.000000 7.000000
    endloop
  endfacet
  facet normal 0 0 0
    outer loop
      vertex 2.000000 7.000000 7.000000
      vertex 3.000000 8.000000 7.000000
      vertex 2.000000 8.000000 7.000000
    endloop
  endfacet
  facet normal 0 0 0
    outer loop
      vertex 2.000000 7.000000 6.000000
      vertex 3.000000 7.000000 6.000000
      vertex 3.000000 7.000000 7.000000
    endloop
  endfacet
  facet normal 0 0 0
    outer loop
      vertex 2.000000 7.000000 6.000000
      vertex 3.000000 7.000000 7.000000
      vertex 2.000000 7.000000 7.000000
    endloop
  endfacet
  facet normal 0 0 0
    outer loop
      vertex 3.000000 8.000000 6.000000
      vertex 2.000000 8.000000 6.000000
      vertex 2.000000 8.000000 7.000000
    endloop
  endfacet
  facet normal 0 0 0
    outer loop
      vertex 3.000000 8.000000 6.000000
      vertex 2.000000 8.000000 7.000000
      vertex 3.000000 8.000000 7.000000
    endloop
  endfacet
  facet normal 0 0 0
    outer loop
      vertex 3.000000 7.000000 6.000000
      vertex 3.000000 8.000000 6.000000
      vertex 3.000000 8.000000 7.000000
    endloop
  endfacet
  facet normal 0 0 0
    outer loop
      vertex 3.000000 7.000000 6.000000
      vertex 3.000000 8.000000 7.000000
      vertex 3.000000 7.000000 7.000000
    endloop
  endfacet
  facet normal 0 0 0
    outer loop
      vertex 2.000000 8.000000 6.000000
      vertex 2.000000 7.000000 6.000000
      vertex 2.000000 7.000000 7.000000
    endloop
  endfacet
  facet normal 0 0 0
    outer loop
      vertex 2.000000 8.000000 6.000000
      vertex 2.000000 7.000000 7.000000
      vertex 2.000000 8.000000 7.000000
    endloop
  endfacet
  facet normal 0 0 0
    outer loop
      vertex 2.000000 7.000000 8.000000
      vertex 3.000000 8.000000 8.000000
      vertex 3.000000 7.000000 8.000000
    endloop
  endfacet
  facet normal 0 0 0
    outer loop
      vertex 2.000000 7.000000 8.000000
      vertex 2.000000 8.000000 8.000000
      vertex 3.000000 8.000000 8.000000
    endloop
  endfacet
  facet normal 0 0 0
    outer loop
      vertex 2.000000 7.000000 9.000000
      vertex 3.000000 7.000000 9.000000
      vertex 3.000000 8.000000 9.000000
    endloop
  endfacet
  facet normal 0 0 0
    outer loop
      vertex 2.000000 7.000000 9.000000
      vertex 3.000000 8.000000 9.000000
      vertex 2.000000 8.000000 9.000000
    endloop
  endfacet
  facet normal 0 0 0
    outer loop
      vertex 2.000000 7.000000 8.000000
      vertex 3.000000 7.000000 8.000000
      vertex 3.000000 7.000000 9.000000
    endloop
  endfacet
  facet normal 0 0 0
    outer loop
      vertex 2.000000 7.000000 8.000000
      vertex 3.000000 7.000000 9.000000
      vertex 2.000000 7.000000 9.000000
    endloop
  endfacet
  facet normal 0 0 0
    outer loop
      vertex 3.000000 8.000000 8.000000
      vertex 2.000000 8.000000 8.000000
      vertex 2.000000 8.000000 9.000000
    endloop
  endfacet
  facet normal 0 0 0
    outer loop
      vertex 3.000000 8.000000 8.000000
      vertex 2.000000 8.000000 9.000000
      vertex 3.000000 8.000000 9.000000
    endloop
  endfacet
  facet normal 0 0 0
    outer loop
      vertex 3.000000 7.000000 8.000000
      vertex 3.000000 8.000000 8.000000
      vertex 3.000000 8.000000 9.000000
    endloop
  endfacet
  facet normal 0 0 0
    outer loop
      vertex 3.000000 7.000000 8.000000
      vertex 3.000000 8.000000 9.000000
      vertex 3.000000 7.000000 9.000000
    endloop
  endfacet
  facet normal 0 0 0
    outer loop
      vertex 2.000000 8.000000 8.000000
      vertex 2.000000 7.000000 8.000000
      vertex 2.000000 7.000000 9.000000
    endloop
  endfacet
  facet normal 0 0 0
    outer loop
      vertex 2.000000 8.000000 8.000000
      vertex 2.000000 7.000000 9.000000
      vertex 2.000000 8.000000 9.000000
    endloop
  endfacet
  facet normal 0 0 0
    outer loop
      vertex 2.000000 8.000000 6.000000
      vertex 3.000000 9.000000 6.000000
      vertex 3.000000 8.000000 6.000000
    endloop
  endfacet
  facet normal 0 0 0
    outer loop
      vertex 2.000000 8.000000 6.000000
      vertex 2.000000 9.000000 6.000000
      vertex 3.000000 9.000000 6.000000
    endloop
  endfacet
  facet normal 0 0 0
    outer loop
      vertex 2.000000 8.000000 7.000000
      vertex 3.000000 8.000000 7.000000
      vertex 3.000000 9.000000 7.000000
    endloop
  endfacet
  facet normal 0 0 0
    outer loop
      vertex 2.000000 8.000000 7.000000
      vertex 3.000000 9.000000 7.000000
      vertex 2.000000 9.000000 7.000000
    endloop
  endfacet
  facet normal 0 0 0
    outer loop
      vertex 2.000000 8.000000 6.000000
      vertex 3.000000 8.000000 6.000000
      vertex 3.000000 8.000000 7.000000
    endloop
  endfacet
  facet normal 0 0 0
    outer loop
      vertex 2.000000 8.000000 6.000000
      vertex 3.000000 8.000000 7.000000
      vertex 2.000000 8.000000 7.000000
    endloop
  endfacet
  facet normal 0 0 0
    outer loop
      vertex 3.000000 9.000000 6.000000
      vertex 2.000000 9.000000 6.000000
      vertex 2.000000 9.000000 7.000000
    endloop
  endfacet
  facet normal 0 0 0
    outer loop
      vertex 3.000000 9.000000 6.000000
      vertex 2.000000 9.000000 7.000000
      vertex 3.000000 9.000000 7.000000
    endloop
  endfacet
  facet normal 0 0 0
    outer loop
      vertex 3.000000 8.000000 6.000000
      vertex 3.000000 9.000000 6.000000
      vertex 3.000000 9.000000 7.000000
    endloop
  endfacet
  facet normal 0 0 0
    outer loop
      vertex 3.000000 8.000000 6.000000
      vertex 3.000000 9.000000 7.000000
      vertex 3.000000 8.000000 7.000000
    endloop
  endfacet
  facet normal 0 0 0
    outer loop
      vertex 2.000000 9.000000 6.000000
      vertex 2.000000 8.000000 6.000000
      vertex 2.000000 8.000000 7.000000
    endloop
  endfacet
  facet normal 0 0 0
    outer loop
      vertex 2.000000 9.000000 6.000000
      vertex 2.000000 8.000000 7.000000
      vertex 2.000000 9.000000 7.000000
    endloop
  endfacet
  facet normal 0 0 0
    outer loop
      vertex 2.000000 8.000000 7.000000
      vertex 3.000000 9.000000 7.000000
      vertex 3.000000 8.000000 7.000000
    endloop
  endfacet
  facet normal 0 0 0
    outer loop
      vertex 2.000000 8.000000 7.000000
      vertex 2.000000 9.000000 7.000000
      vertex 3.000000 9.000000 7.000000
    endloop
  endfacet
  facet normal 0 0 0
    outer loop
      vertex 2.000000 8.000000 8.000000
      vertex 3.000000 8.000000 8.000000
      vertex 3.000000 9.000000 8.000000
    endloop
  endfacet
  facet normal 0 0 0
    outer loop
      vertex 2.000000 8.000000 8.000000
      vertex 3.000000 9.000000 8.000000
      vertex 2.000000 9.000000 8.000000
    endloop
  endfacet
  facet normal 0 0 0
    outer loop
      vertex 2.000000 8.000000 7.000000
      vertex 3.000000 8.000000 7.000000
      vertex 3.000000 8.000000 8.000000
    endloop
  endfacet
  facet normal 0 0 0
    outer loop
      vertex 2.000000 8.000000 7.000000
      vertex 3.000000 8.000000 8.000000
      vertex 2.000000 8.000000 8.000000
    endloop
  endfacet
  facet normal 0 0 0
    outer loop
      vertex 3.000000 9.000000 7.000000
      vertex 2.000000 9.000000 7.000000
      vertex 2.000000 9.000000 8.000000
    endloop
  endfacet
  facet normal 0 0 0
    outer loop
      vertex 3.000000 9.000000 7.000000
      vertex 2.000000 9.000000 8.000000
      vertex 3.000000 9.000000 8.000000
    endloop
  endfacet
  facet normal 0 0 0
    outer loop
      vertex 3.000000 8.000000 7.000000
      vertex 3.000000 9.000000 7.000000
      vertex 3.000000 9.000000 8.000000
    endloop
  endfacet
  facet normal 0 0 0
    outer loop
      vertex 3.000000 8.000000 7.000000
      vertex 3.000000 9.000000 8.000000
      vertex 3.000000 8.000000 8.000000
    endloop
  endfacet
  facet normal 0 0 0
    outer loop
      vertex 2.000000 9.000000 7.000000
      vertex 2.000000 8.000000 7.000000
      vertex 2.000000 8.000000 8.000000
    endloop
  endfacet
  facet normal 0 0 0
    outer loop
      vertex 2.000000 9.000000 7.000000
      vertex 2.000000 8.000000 8.000000
      vertex 2.000000 9.000000 8.000000
    endloop
  endfacet
  facet normal 0 0 0
    outer loop
      vertex 2.000000 8.000000 8.000000
      vertex 3.000000 9.000000 8.000000
      vertex 3.000000 8.000000 8.000000
    endloop
  endfacet
  facet normal 0 0 0
    outer loop
      vertex 2.000000 8.000000 8.000000
      vertex 2.000000 9.000000 8.000000
      vertex 3.000000 9.000000 8.000000
    endloop
  endfacet
  facet normal 0 0 0
    outer loop
      vertex 2.000000 8.000000 9.000000
      vertex 3.000000 8.000000 9.000000
      vertex 3.000000 9.000000 9.000000
    endloop
  endfacet
  facet normal 0 0 0
    outer loop
      vertex 2.000000 8.000000 9.000000
      vertex 3.000000 9.000000 9.000000
      vertex 2.000000 9.000000 9.000000
    endloop
  endfacet
  facet normal 0 0 0
    outer loop
      vertex 2.000000 8.000000 8.000000
      vertex 3.000000 8.000000 8.000000
      vertex 3.000000 8.000000 9.000000
    endloop
  endfacet
  facet normal 0 0 0
    outer loop
      vertex 2.000000 8.000000 8.000000
      vertex 3.000000 8.000000 9.000000
      vertex 2.000000 8.000000 9.000000
    endloop
  endfacet
  facet normal 0 0 0
    outer loop
      vertex 3.000000 9.000000 8.000000
      vertex 2.000000 9.000000 8.000000
      vertex 2.000000 9.000000 9.000000
    endloop
  endfacet
  facet normal 0 0 0
    outer loop
      vertex 3.000000 9.000000 8.000000
      vertex 2.000000 9.000000 9.000000
      vertex 3.000000 9.000000 9.000000
    endloop
  endfacet
  facet normal 0 0 0
    outer loop
      vertex 3.000000 8.000000 8.000000
      vertex 3.000000 9.000000 8.000000
      vertex 3.000000 9.000000 9.000000
    endloop
  endfacet
  facet normal 0 0 0
    outer loop
      vertex 3.000000 8.000000 8.000000
      vertex 3.000000 9.000000 9.000000
      vertex 3.000000 8.000000 9.000000
    endloop
  endfacet
  facet normal 0 0 0
    outer loop
      vertex 2.000000 9.000000 8.000000
      vertex 2.000000 8.000000 8.000000
      vertex 2.000000 8.000000 9.000000
    endloop
  endfacet
  facet normal 0 0 0
    outer loop
      vertex 2.000000 9.000000 8.000000
      vertex 2.000000 8.000000 9.000000
      vertex 2.000000 9.000000 9.000000
    endloop
  endfacet
  facet normal 0 0 0
    outer loop
      vertex 3.000000 0.000000 0.000000
      vertex 4.000000 1.000000 0.000000
      vertex 4.000000 0.000000 0.000000
    endloop
  endfacet
  facet normal 0 0 0
    outer loop
      vertex 3.000000 0.000000 0.000000
      vertex 3.000000 1.000000 0.000000
      vertex 4.000000 1.000000 0.000000
    endloop
  endfacet
  facet normal 0 0 0
    outer loop
      vertex 3.000000 0.000000 1.000000
      vertex 4.000000 0.000000 1.000000
      vertex 4.000000 1.000000 1.000000
    endloop
  endfacet
  facet normal 0 0 0
    outer loop
      vertex 3.000000 0.000000 1.000000
      vertex 4.000000 1.000000 1.000000
      vertex 3.000000 1.000000 1.000000
    endloop
  endfacet
  facet normal 0 0 0
    outer loop
      vertex 3.000000 0.000000 0.000000
      vertex 4.000000 0.000000 0.000000
      vertex 4.000000 0.000000 1.000000
    endloop
  endfacet
  facet normal 0 0 0
    outer loop
      vertex 3.000000 0.000000 0.000000
      vertex 4.000000 0.000000 1.000000
      vertex 3.000000 0.000000 1.000000
    endloop
  endfacet
  facet normal 0 0 0
    outer loop
      vertex 4.000000 1.000000 0.000000
      vertex 3.000000 1.000000 0.000000
      vertex 3.000000 1.000000 1.000000
    endloop
  endfacet
  facet normal 0 0 0
    outer loop
      vertex 4.000000 1.000000 0.000000
      vertex 3.000000 1.000000 1.000000
      vertex 4.000000 1.000000 1.000000
    endloop
  endfacet
  facet normal 0 0 0
    outer loop
      vertex 4.000000 0.000000 0.000000
      vertex 4.000000 1.000000 0.000000
      vertex 4.000000 1.000000 1.000000
    endloop
  endfacet
  facet normal 0 0 0
    outer loop
      vertex 4.000000 0.000000 0.000000
      vertex 4.000000 1.000000 1.000000
      vertex 4.000000 0.000000 1.000000
    endloop
  endfacet
  facet normal 0 0 0
    outer loop
      vertex 3.000000 1.000000 0.000000
      vertex 3.000000 0.000000 0.000000
      vertex 3.000000 0.000000 1.000000
    endloop
  endfacet
  facet normal 0 0 0
    outer loop
      vertex 3.000000 1.000000 0.000000
      vertex 3.000000 0.000000 1.000000
      vertex 3.000000 1.000000 1.000000
    endloop
  endfacet
  facet normal 0 0 0
    outer loop
      vertex 3.000000 0.000000 1.000000
      vertex 4.000000 1.000000 1.000000
      vertex 4.000000 0.000000 1.000000
    endloop
  endfacet
  facet normal 0 0 0
    outer loop
      vertex 3.000000 0.000000 1.000000
      vertex 3.000000 1.000000 1.000000
      vertex 4.000000 1.000000 1.000000
    endloop
  endfacet
  facet normal 0 0 0
    outer loop
      vertex 3.000000 0.000000 2.000000
      vertex 4.000000 0.000000 2.000000
      vertex 4.000000 1.000000 2.000000
    endloop
  endfacet
  facet normal 0 0 0
    outer loop
      vertex 3.000000 0.000000 2.000000
      vertex 4.000000 1.000000 2.000000
      vertex 3.000000 1.000000 2.000000
    endloop
  endfacet
  facet normal 0 0 0
    outer loop
      vertex 3.000000 0.000000 1.000000
      vertex 4.000000 0.000000 1.000000
      vertex 4.000000 0.000000 2.000000
    endloop
  endfacet
  facet normal 0 0 0
    outer loop
      vertex 3.000000 0.000000 1.000000
      vertex 4.000000 0.000000 2.000000
      vertex 3.000000 0.000000 2.000000
    endloop
  endfacet
  facet normal 0 0 0
    outer loop
      vertex 4.000000 1.000000 1.000000
      vertex 3.000000 1.000000 1.000000
      vertex 3.000000 1.000000 2.000000
    endloop
  endfacet
  facet normal 0 0 0
    outer loop
      vertex 4.000000 1.000000 1.000000
      vertex 3.000000 1.000000 2.000000
      vertex 4.000000 1.000000 2.000000
    endloop
  endfacet
  facet normal 0 0 0
    outer loop
      vertex 4.000000 0.000000 1.000000
      vertex 4.000000 1.000000 1.000000
      vertex 4.000000 1.000000 2.000000
    endloop
  endfacet
  facet normal 0 0 0
    outer loop
      vertex 4.000000 0.000000 1.000000
      vertex 4.000000 1.000000 2.000000
      vertex 4.000000 0.000000 2.000000
    endloop
  endfacet
  facet normal 0 0 0
    outer loop
      vertex 3.000000 1.000000 1.000000
      vertex 3.000000 0.000000 1.000000
      vertex 3.000000 0.000000 2.000000
    endloop
  endfacet
  facet normal 0 0 0
    outer loop
      vertex 3.000000 1.000000 1.000000
      vertex 3.000000 0.000000 2.000000
      vertex 3.000000 1.000000 2.000000
    endloop
  endfacet
  facet normal 0 0 0
    outer loop
      vertex 3.000000 0.000000 2.000000
      vertex 4.000000 1.000000 2.000000
      vertex 4.000000 0.000000 2.000000
    endloop
  endfacet
  facet normal 0 0 0
    outer loop
      vertex 3.000000 0.000000 2.000000
      vertex 3.000000 1.000000 2.000000
      vertex 4.000000 1.000000 2.000000
    endloop
  endfacet
  facet normal 0 0 0
    outer loop
      vertex 3.000000 0.000000 3.000000
      vertex 4.000000 0.000000 3.000000
      vertex 4.000000 1.000000 3.000000
    endloop
  endfacet
  facet normal 0 0 0
    outer loop
      vertex 3.000000 0.000000 3.000000
      vertex 4.000000 1.000000 3.000000
      vertex 3.000000 1.000000 3.000000
    endloop
  endfacet
  facet normal 0 0 0
    outer loop
      vertex 3.000000 0.000000 2.000000
      vertex 4.000000 0.000000 2.000000
      vertex 4.000000 0.000000 3.000000
    endloop
  endfacet
  facet normal 0 0 0
    outer loop
      vertex 3.000000 0.000000 2.000000
      vertex 4.000000 0.000000 3.000000
      vertex 3.000000 0.000000 3.000000
    endloop
  endfacet
  facet normal 0 0 0
    outer loop
      vertex 4.000000 1.000000 2.000000
      vertex 3.000000 1.000000 2.000000
      vertex 3.000000 1.000000 3.000000
    endloop
  endfacet
  facet normal 0 0 0
    outer loop
      vertex 4.000000 1.000000 2.000000
      vertex 3.000000 1.000000 3.000000
      vertex 4.000000 1.000000 3.000000
    endloop
  endfacet
  facet normal 0 0 0
    outer loop
      vertex 4.000000 0.000000 2.000000
      vertex 4.000000 1.000000 2.000000
      vertex 4.000000 1.000000 3.000000
    endloop
  endfacet
  facet normal 0 0 0
    outer loop
      vertex 4.000000 0.000000 2.000000
      vertex 4.000000 1.000000 3.000000
      vertex 4.000000 0.000000 3.000000
    endloop
  endfacet
  facet normal 0 0 0
    outer loop
      vertex 3.000000 1.000000 2.000000
      vertex 3.000000 0.000000 2.000000
      vertex 3.000000 0.000000 3.000000
    endloop
  endfacet
  facet normal 0 0 0
    outer loop
      vertex 3.000000 1.000000 2.000000
      vertex 3.000000 0.000000 3.000000
      vertex 3.000000 1.000000 3.000000
    endloop
  endfacet
  facet normal 0 0 0
    outer loop
      vertex 3.000000 1.000000 0.000000
      vertex 4.000000 2.000000 0.000000
      vertex 4.000000 1.000000 0.000000
    endloop
  endfacet
  facet normal 0 0 0
    outer loop
      vertex 3.000000 1.000000 0.000000
      vertex 3.000000 2.000000 0.000000
      vertex 4.000000 2.000000 0.000000
    endloop
  endfacet
  facet normal 0 0 0
    outer loop
      vertex 3.000000 1.000000 1.000000
      vertex 4.000000 1.000000 1.000000
      vertex 4.000000 2.000000 1.000000
    endloop
  endfacet
  facet normal 0 0 0
    outer loop
      vertex 3.000000 1.000000 1.000000
      vertex 4.000000 2.000000 1.000000
      vertex 3.000000 2.000000 1.000000
    endloop
  endfacet
  facet normal 0 0 0
    outer loop
      vertex 3.000000 1.000000 0.000000
      vertex 4.000000 1.000000 0.000000
      vertex 4.000000 1.000000 1.000000
    endloop
  endfacet
  facet normal 0 0 0
    outer loop
      vertex 3.000000 1.000000 0.000000
      vertex 4.000000 1.000000 1.000000
      vertex 3.000000 1.000000 1.000000
    endloop
  endfacet
  facet normal 0 0 0
    outer loop
      vertex 4.000000 2.000000 0.000000
      vertex 3.000000 2.000000 0.000000
      vertex 3.000000 2.000000 1.000000
    endloop
  endfacet
  facet normal 0 0 0
    outer loop
      vertex 4.000000 2.000000 0.000000
      vertex 3.000000 2.000000 1.000000
      vertex 4.000000 2.000000 1.000000
    endloop
  endfacet
  facet normal 0 0 0
    outer loop
      vertex 4.000000 1.000000 0.000000
      vertex 4.000000 2.000000 0.000000
      vertex 4.000000 2.000000 1.000000
    endloop
  endfacet
  facet normal 0 0 0
    outer loop
      vertex 4.000000 1.000000 0.000000
      vertex 4.000000 2.000000 1.000000
      vertex 4.000000 1.000000 1.000000
    endloop
  endfacet
  facet normal 0 0 0
    outer loop
      vertex 3.000000 2.000000 0.000000
      vertex 3.000000 1.000000 0.000000
      vertex 3.000000 1.000000 1.000000
    endloop
  endfacet
  facet normal 0 0 0
    outer loop
      vertex 3.000000 2.000000 0.000000
      vertex 3.000000 1.000000 1.000000
      vertex 3.000000 2.000000 1.000000
    endloop
  endfacet
  facet normal 0 0 0
    outer loop
      vertex 3.000000 1.000000 2.000000
      vertex 4.000000 2.000000 2.000000
      vertex 4.000000 1.000000 2.000000
    endloop
  endfacet
  facet normal 0 0 0
    outer loop
      vertex 3.000000 1.000000 2.000000
      vertex 3.000000 2.000000 2.000000
      vertex 4.000000 2.000000 2.000000
    endloop
  endfacet
  facet normal 0 0 0
    outer loop
      vertex 3.000000 1.000000 3.000000
      vertex 4.000000 1.000000 3.000000
      vertex 4.000000 2.000000 3.000000
    endloop
  endfacet
  facet normal 0 0 0
    outer loop
      vertex 3.000000 1.000000 3.000000
      vertex 4.000000 2.000000 3.000000
      vertex 3.000000 2.000000 3.000000
    endloop
  endfacet
  facet normal 0 0 0
    outer loop
      vertex 3.000000 1.000000 2.000000
      vertex 4.000000 1.000000 2.000000
      vertex 4.000000 1.000000 3.000000
    endloop
  endfacet
  facet normal 0 0 0
    outer loop
      vertex 3.000000 1.000000 2.000000
      vertex 4.000000 1.000000 3.000000
      vertex 3.000000 1.000000 3.000000
    endloop
  endfacet
  facet normal 0 0 0
    outer loop
      vertex 4.000000 2.000000 2.000000
      vertex 3.000000 2.000000 2.000000
      vertex 3.000000 2.000000 3.000000
    endloop
  endfacet
  facet normal 0 0 0
    outer loop
      vertex 4.000000 2.000000 2.000000
      vertex 3.000000 2.000000 3.000000
      vertex 4.000000 2.000000 3.000000
    endloop
  endfacet
  facet normal 0 0 0
    outer loop
      vertex 4.000000 1.000000 2.000000
      vertex 4.000000 2.000000 2.000000
      vertex 4.000000 2.000000 3.000000
    endloop
  endfacet
  facet normal 0 0 0
    outer loop
      vertex 4.000000 1.000000 2.000000
      vertex 4.000000 2.000000 3.000000
      vertex 4.000000 1.000000 3.000000
    endloop
  endfacet
  facet normal 0 0 0
    outer loop
      vertex 3.000000 2.000000 2.000000
      vertex 3.000000 1.000000 2.000000
      vertex 3.000000 1.000000 3.000000
    endloop
  endfacet
  facet normal 0 0 0
    outer loop
      vertex 3.000000 2.000000 2.000000
      vertex 3.000000 1.000000 3.000000
      vertex 3.000000 2.000000 3.000000
    endloop
  endfacet
  facet normal 0 0 0
    outer loop
      vertex 3.000000 2.000000 0.000000
      vertex 4.000000 3.000000 0.000000
      vertex 4.000000 2.000000 0.000000
    endloop
  endfacet
  facet normal 0 0 0
    outer loop
      vertex 3.000000 2.000000 0.000000
      vertex 3.000000 3.000000 0.000000
      vertex 4.000000 3.000000 0.000000
    endloop
  endfacet
  facet normal 0 0 0
    outer loop
      vertex 3.000000 2.000000 1.000000
      vertex 4.000000 2.000000 1.000000
      vertex 4.000000 3.000000 1.000000
    endloop
  endfacet
  facet normal 0 0 0
    outer loop
      vertex 3.000000 2.000000 1.000000
      vertex 4.000000 3.000000 1.000000
      vertex 3.000000 3.000000 1.000000
    endloop
  endfacet
  facet normal 0 0 0
    outer loop
      vertex 3.000000 2.000000 0.000000
      vertex 4.000000 2.000000 0.000000
      vertex 4.000000 2.000000 1.000000
    endloop
  endfacet
  facet normal 0 0 0
    outer loop
      vertex 3.000000 2.000000 0.000000
      vertex 4.000000 2.000000 1.000000
      vertex 3.000000 2.000000 1.000000
    endloop
  endfacet
  facet normal 0 0 0
    outer loop
      vertex 4.000000 3.000000 0.000000
      vertex 3.000000 3.000000 0.000000
      vertex 3.000000 3.000000 1.000000
    endloop
  endfacet
  facet normal 0 0 0
    outer loop
      vertex 4.000000 3.000000 0.000000
      vertex 3.000000 3.000000 1.000000
      vertex 4.000000 3.000000 1.000000
    endloop
  endfacet
  facet normal 0 0 0
    outer loop
      vertex 4.000000 2.000000 0.000000
      vertex 4.000000 3.000000 0.000000
      vertex 4.000000 3.000000 1.000000
    endloop
  endfacet
  facet normal 0 0 0
    outer loop
      vertex 4.000000 2.000000 0.000000
      vertex 4.000000 3.000000 1.000000
      vertex 4.000000 2.000000 1.000000
    endloop
  endfacet
  facet normal 0 0 0
    outer loop
      vertex 3.000000 3.000000 0.000000
      vertex 3.000000 2.000000 0.000000
      vertex 3.000000 2.000000 1.000000
    endloop
  endfacet
  facet normal 0 0 0
    outer loop
      vertex 3.000000 3.000000 0.000000
      vertex 3.000000 2.000000 1.000000
      vertex 3.000000 3.000000 1.000000
    endloop
  endfacet
  facet normal 0 0 0
    outer loop
      vertex 3.000000 2.000000 1.000000
      vertex 4.000000 3.000000 1.000000
      vertex 4.000000 2.000000 1.000000
    endloop
  endfacet
  facet normal 0 0 0
    outer loop
      vertex 3.000000 2.000000 1.000000
      vertex 3.000000 3.000000 1.000000
      vertex 4.000000 3.000000 1.000000
    endloop
  endfacet
  facet normal 0 0 0
    outer loop
      vertex 3.000000 2.000000 2.000000
      vertex 4.000000 2.000000 2.000000
      vertex 4.000000 3.000000 2.000000
    endloop
  endfacet
  facet normal 0 0 0
    outer loop
      vertex 3.000000 2.000000 2.000000
      vertex 4.000000 3.000000 2.000000
      vertex 3.000000 3.000000 2.000000
    endloop
  endfacet
  facet normal 0 0 0
    outer loop
      vertex 3.000000 2.000000 1.000000
      vertex 4.000000 2.000000 1.000000
      vertex 4.000000 2.000000 2.000000
    endloop
  endfacet
  facet normal 0 0 0
    outer loop
      vertex 3.000000 2.000000 1.000000
      vertex 4.000000 2.000000 2.000000
      vertex 3.000000 2.000000 2.000000
    endloop
  endfacet
  facet normal 0 0 0
    outer loop
      vertex 4.000000 3.000000 1.000000
      vertex 3.000000 3.000000 1.000000
      vertex 3.000000 3.000000 2.000000
    endloop
  endfacet
  facet normal 0 0 0
    outer loop
      vertex 4.000000 3.000000 1.000000
      vertex 3.000000 3.000000 2.000000
      vertex 4.000000 3.000000 2.000000
    endloop
  endfacet
  facet normal 0 0 0
    outer loop
      vertex 4.000000 2.000000 1.000000
      vertex 4.000000 3.000000 1.000000
      vertex 4.000000 3.000000 2.000000
    endloop
  endfacet
  facet normal 0 0 0
    outer loop
      vertex 4.000000 2.000000 1.000000
      vertex 4.000000 3.000000 2.000000
      vertex 4.000000 2.000000 2.000000
    endloop
  endfacet
  facet normal 0 0 0
    outer loop
      vertex 3.000000 3.000000 1.000000
      vertex 3.000000 2.000000 1.000000
      vertex 3.000000 2.000000 2.000000
    endloop
  endfacet
  facet normal 0 0 0
    outer loop
      vertex 3.000000 3.000000 1.000000
      vertex 3.000000 2.000000 2.000000
      vertex 3.000000 3.000000 2.000000
    endloop
  endfacet
  facet normal 0 0 0
    outer loop
      vertex 3.000000 2.000000 2.000000
      vertex 4.000000 3.000000 2.000000
      vertex 4.000000 2.000000 2.000000
    endloop
  endfacet
  facet normal 0 0 0
    outer loop
      vertex 3.000000 2.000000 2.000000
      vertex 3.000000 3.000000 2.000000
      vertex 4.000000 3.000000 2.000000
    endloop
  endfacet
  facet normal 0 0 0
    outer loop
      vertex 3.000000 2.000000 3.000000
      vertex 4.000000 2.000000 3.000000
      vertex 4.000000 3.000000 3.000000
    endloop
  endfacet
  facet normal 0 0 0
    outer loop
      vertex 3.000000 2.000000 3.000000
      vertex 4.000000 3.000000 3.000000
      vertex 3.000000 3.000000 3.000000
    endloop
  endfacet
  facet normal 0 0 0
    outer loop
      vertex 3.000000 2.000000 2.000000
      vertex 4.000000 2.000000 2.000000
      vertex 4.000000 2.000000 3.000000
    endloop
  endfacet
  facet normal 0 0 0
    outer loop
      vertex 3.000000 2.000000 2.000000
      vertex 4.000000 2.000000 3.000000
      vertex 3.000000 2.000000 3.000000
    endloop
  endfacet
  facet normal 0 0 0
    outer loop
      vertex 4.000000 3.000000 2.000000
      vertex 3.000000 3.000000 2.000000
      vertex 3.000000 3.000000 3.000000
    endloop
  endfacet
  facet normal 0 0 0
    outer loop
      vertex 4.000000 3.000000 2.000000
      vertex 3.000000 3.000000 3.000000
      vertex 4.000000 3.000000 3.000000
    endloop
  endfacet
  facet normal 0 0 0
    outer loop
      vertex 4.000000 2.000000 2.000000
      vertex 4.000000 3.000000 2.000000
      vertex 4.000000 3.000000 3.000000
    endloop
  endfacet
  facet normal 0 0 0
    outer loop
      vertex 4.000000 2.000000 2.000000
      vertex 4.000000 3.000000 3.000000
      vertex 4.000000 2.000000 3.000000
    endloop
  endfacet
  facet normal 0 0 0
    outer loop
      vertex 3.000000 3.000000 2.000000
      vertex 3.000000 2.000000 2.000000
      vertex 3.000000 2.000000 3.000000
    endloop
  endfacet
  facet normal 0 0 0
    outer loop
      vertex 3.000000 3.000000 2.000000
      vertex 3.000000 2.000000 3.000000
      vertex 3.000000 3.000000 3.000000
    endloop
  endfacet
  facet normal 0 0 0
    outer loop
      vertex 4.000000 0.000000 0.000000
      vertex 5.000000 1.000000 0.000000
      vertex 5.000000 0.000000 0.000000
    endloop
  endfacet
  facet normal 0 0 0
    outer loop
      vertex 4.000000 0.000000 0.000000
      vertex 4.000000 1.000000 0.000000
      vertex 5.000000 1.000000 0.000000
    endloop
  endfacet
  facet normal 0 0 0
    outer loop
      vertex 4.000000 0.000000 1.000000
      vertex 5.000000 0.000000 1.000000
      vertex 5.000000 1.000000 1.000000
    endloop
  endfacet
  facet normal 0 0 0
    outer loop
      vertex 4.000000 0.000000 1.000000
      vertex 5.000000 1.000000 1.000000
      vertex 4.000000 1.000000 1.000000
    endloop
  endfacet
  facet normal 0 0 0
    outer loop
      vertex 4.000000 0.000000 0.000000
      vertex 5.000000 0.000000 0.000000
      vertex 5.000000 0.000000 1.000000
    endloop
  endfacet
  facet normal 0 0 0
    outer loop
      vertex 4.000000 0.000000 0.000000
      vertex 5.000000 0.000000 1.000000
      vertex 4.000000 0.000000 1.000000
    endloop
  endfacet
  facet normal 0 0 0
    outer loop
      vertex 5.000000 1.000000 0.000000
      vertex 4.000000 1.000000 0.000000
      vertex 4.000000 1.000000 1.000000
    endloop
  endfacet
  facet normal 0 0 0
    outer loop
      vertex 5.000000 1.000000 0.000000
      vertex 4.000000 1.000000 1.000000
      vertex 5.000000 1.000000 1.000000
    endloop
  endfacet
  facet normal 0 0 0
    outer loop
      vertex 5.000000 0.000000 0.000000
      vertex 5.000000 1.000000 0.000000
      vertex 5.000000 1.000000 1.000000
    endloop
  endfacet
  facet normal 0 0 0
    outer loop
      vertex 5.000000 0.000000 0.000000
      vertex 5.000000 1.000000 1.000000
      vertex 5.000000 0.000000 1.000000
    endloop
  endfacet
  facet normal 0 0 0
    outer loop
      vertex 4.000000 1.000000 0.000000
      vertex 4.000000 0.000000 0.000000
      vertex 4.000000 0.000000 1.000000
    endloop
  endfacet
  facet normal 0 0 0
    outer loop
      vertex 4.000000 1.000000 0.000000
      vertex 4.000000 0.000000 1.000000
      vertex 4.000000 1.000000 1.000000
    endloop
  endfacet
  facet normal 0 0 0
    outer loop
      vertex 4.000000 0.000000 2.000000
      vertex 5.000000 1.000000 2.000000
      vertex 5.000000 0.000000 2.000000
    endloop
  endfacet
  facet normal 0 0 0
    outer loop
      vertex 4.000000 0.000000 2.000000
      vertex 4.000000 1.000000 2.000000
      vertex 5.000000 1.000000 2.000000
    endloop
  endfacet
  facet normal 0 0 0
    outer loop
      vertex 4.000000 0.000000 3.000000
      vertex 5.000000 0.000000 3.000000
      vertex 5.000000 1.000000 3.000000
    endloop
  endfacet
  facet normal 0 0 0
    outer loop
      vertex 4.000000 0.000000 3.000000
      vertex 5.000000 1.000000 3.000000
      vertex 4.000000 1.000000 3.000000
    endloop
  endfacet
  facet normal 0 0 0
    outer loop
      vertex 4.000000 0.000000 2.000000
      vertex 5.000000 0.000000 2.000000
      vertex 5.000000 0.000000 3.000000
    endloop
  endfacet
  facet normal 0 0 0
    outer loop
      vertex 4.000000 0.000000 2.000000
      vertex 5.000000 0.000000 3.000000
      vertex 4.000000 0.000000 3.000000
    endloop
  endfacet
  facet normal 0 0 0
    outer loop
      vertex 5.000000 1.000000 2.000000
      vertex 4.000000 1.000000 2.000000
      vertex 4.000000 1.000000 3.000000
    endloop
  endfacet
  facet normal 0 0 0
    outer loop
      vertex 5.000000 1.000000 2.000000
      vertex 4.000000 1.000000 3.000000
      vertex 5.000000 1.000000 3.000000
    endloop
  endfacet
  facet normal 0 0 0
    outer loop
      vertex 5.000000 0.000000 2.000000
      vertex 5.000000 1.000000 2.000000
      vertex 5.000000 1.000000 3.000000
    endloop
  endfacet
  facet normal 0 0 0
    outer loop
      vertex 5.000000 0.000000 2.000000
      vertex 5.000000 1.000000 3.000000
      vertex 5.000000 0.000000 3.000000
    endloop
  endfacet
  facet normal 0 0 0
    outer loop
      vertex 4.000000 1.000000 2.000000
      vertex 4.000000 0.000000 2.000000
      vertex 4.000000 0.000000 3.000000
    endloop
  endfacet
  facet normal 0 0 0
    outer loop
      vertex 4.000000 1.000000 2.000000
      vertex 4.000000 0.000000 3.000000
      vertex 4.000000 1.000000 3.000000
    endloop
  endfacet
  facet normal 0 0 0
    outer loop
      vertex 4.000000 2.000000 0.000000
      vertex 5.000000 3.000000 0.000000
      vertex 5.000000 2.000000 0.000000
    endloop
  endfacet
  facet normal 0 0 0
    outer loop
      vertex 4.000000 2.000000 0.000000
      vertex 4.000000 3.000000 0.000000
      vertex 5.000000 3.000000 0.000000
    endloop
  endfacet
  facet normal 0 0 0
    outer loop
      vertex 4.000000 2.000000 1.000000
      vertex 5.000000 2.000000 1.000000
      vertex 5.000000 3.000000 1.000000
    endloop
  endfacet
  facet normal 0 0 0
    outer loop
      vertex 4.000000 2.000000 1.000000
      vertex 5.000000 3.000000 1.000000
      vertex 4.000000 3.000000 1.000000
    endloop
  endfacet
  facet normal 0 0 0
    outer loop
      vertex 4.000000 2.000000 0.000000
      vertex 5.000000 2.000000 0.000000
      vertex 5.000000 2.000000 1.000000
    endloop
  endfacet
  facet normal 0 0 0
    outer loop
      vertex 4.000000 2.000000 0.000000
      vertex 5.000000 2.000000 1.000000
      vertex 4.000000 2.000000 1.000000
    endloop
  endfacet
  facet normal 0 0 0
    outer loop
      vertex 5.000000 3.000000 0.000000
      vertex 4.000000 3.000000 0.000000
      vertex 4.000000 3.000000 1.000000
    endloop
  endfacet
  facet normal 0 0 0
    outer loop
      vertex 5.000000 3.000000 0.000000
      vertex 4.000000 3.000000 1.000000
      vertex 5.000000 3.000000 1.000000
    endloop
  endfacet
  facet normal 0 0 0
    outer loop
      vertex 5.000000 2.000000 0.000000
      vertex 5.000000 3.000000 0.000000
      vertex 5.000000 3.000000 1.000000
    endloop
  endfacet
  facet normal 0 0 0
    outer loop
      vertex 5.000000 2.000000 0.000000
      vertex 5.000000 3.000000 1.000000
      vertex 5.000000 2.000000 1.000000
    endloop
  endfacet
  facet normal 0 0 0
    outer loop
      vertex 4.000000 3.000000 0.000000
      vertex 4.000000 2.000000 0.000000
      vertex 4.000000 2.000000 1.000000
    endloop
  endfacet
  facet normal 0 0 0
    outer loop
      vertex 4.000000 3.000000 0.000000
      vertex 4.000000 2.000000 1.000000
      vertex 4.000000 3.000000 1.000000
    endloop
  endfacet
  facet normal 0 0 0
    outer loop
      vertex 4.000000 2.000000 2.000000
      vertex 5.000000 3.000000 2.000000
      vertex 5.000000 2.000000 2.000000
    endloop
  endfacet
  facet normal 0 0 0
    outer loop
      vertex 4.000000 2.000000 2.000000
      vertex 4.000000 3.000000 2.000000
      vertex 5.000000 3.000000 2.000000
    endloop
  endfacet
  facet normal 0 0 0
    outer loop
      vertex 4.000000 2.000000 3.000000
      vertex 5.000000 2.000000 3.000000
      vertex 5.000000 3.000000 3.000000
    endloop
  endfacet
  facet normal 0 0 0
    outer loop
      vertex 4.000000 2.000000 3.000000
      vertex 5.000000 3.000000 3.000000
      vertex 4.000000 3.000000 3.000000
    endloop
  endfacet
  facet normal 0 0 0
    outer loop
      vertex 4.000000 2.000000 2.000000
      vertex 5.000000 2.000000 2.000000
      vertex 5.000000 2.000000 3.000000
    endloop
  endfacet
  facet normal 0 0 0
    outer loop
      vertex 4.000000 2.000000 2.000000
      vertex 5.000000 2.000000 3.000000
      vertex 4.000000 2.000000 3.000000
    endloop
  endfacet
  facet normal 0 0 0
    outer loop
      vertex 5.000000 3.000000 2.000000
      vertex 4.000000 3.000000 2.000000
      vertex 4.000000 3.000000 3.000000
    endloop
  endfacet
  facet normal 0 0 0
    outer loop
      vertex 5.000000 3.000000 2.000000
      vertex 4.000000 3.000000 3.000000
      vertex 5.000000 3.000000 3.000000
    endloop
  endfacet
  facet normal 0 0 0
    outer loop
      vertex 5.000000 2.000000 2.000000
      vertex 5.000000 3.000000 2.000000
      vertex 5.000000 3.000000 3.000000
    endloop
  endfacet
  facet normal 0 0 0
    outer loop
      vertex 5.000000 2.000000 2.000000
      vertex 5.000000 3.000000 3.000000
      vertex 5.000000 2.000000 3.000000
    endloop
  endfacet
  facet normal 0 0 0
    outer loop
      vertex 4.000000 3.000000 2.000000
      vertex 4.000000 2.000000 2.000000
      vertex 4.000000 2.000000 3.000000
    endloop
  endfacet
  facet normal 0 0 0
    outer loop
      vertex 4.000000 3.000000 2.000000
      vertex 4.000000 2.000000 3.000000
      vertex 4.000000 3.000000 3.000000
    endloop
  endfacet
  facet normal 0 0 0
    outer loop
      vertex 5.000000 0.000000 0.000000
      vertex 6.000000 1.000000 0.000000
      vertex 6.000000 0.000000 0.000000
    endloop
  endfacet
  facet normal 0 0 0
    outer loop
      vertex 5.000000 0.000000 0.000000
      vertex 5.000000 1.000000 0.000000
      vertex 6.000000 1.000000 0.000000
    endloop
  endfacet
  facet normal 0 0 0
    outer loop
      vertex 5.000000 0.000000 1.000000
      vertex 6.000000 0.000000 1.000000
      vertex 6.000000 1.000000 1.000000
    endloop
  endfacet
  facet normal 0 0 0
    outer loop
      vertex 5.000000 0.000000 1.000000
      vertex 6.000000 1.000000 1.000000
      vertex 5.000000 1.000000 1.000000
    endloop
  endfacet
  facet normal 0 0 0
    outer loop
      vertex 5.000000 0.000000 0.000000
      vertex 6.000000 0.000000 0.000000
      vertex 6.000000 0.000000 1.000000
    endloop
  endfacet
  facet normal 0 0 0
    outer loop
      vertex 5.000000 0.000000 0.000000
      vertex 6.000000 0.000000 1.000000
      vertex 5.000000 0.000000 1.000000
    endloop
  endfacet
  facet normal 0 0 0
    outer loop
      vertex 6.000000 1.000000 0.000000
      vertex 5.000000 1.000000 0.000000
      vertex 5.000000 1.000000 1.000000
    endloop
  endfacet
  facet normal 0 0 0
    outer loop
      vertex 6.000000 1.000000 0.000000
      vertex 5.000000 1.000000 1.000000
      vertex 6.000000 1.000000 1.000000
    endloop
  endfacet
  facet normal 0 0 0
    outer loop
      vertex 6.000000 0.000000 0.000000
      vertex 6.000000 1.000000 0.000000
      vertex 6.000000 1.000000 1.000000
    endloop
  endfacet
  facet normal 0 0 0
    outer loop
      vertex 6.000000 0.000000 0.000000
      vertex 6.000000 1.000000 1.000000
      vertex 6.000000 0.000000 1.000000
    endloop
  endfacet
  facet normal 0 0 0
    outer loop
      vertex 5.000000 1.000000 0.000000
      vertex 5.000000 0.000000 0.000000
      vertex 5.000000 0.000000 1.000000
    endloop
  endfacet
  facet normal 0 0 0
    outer loop
      vertex 5.000000 1.000000 0.000000
      vertex 5.000000 0.000000 1.000000
      vertex 5.000000 1.000000 1.000000
    endloop
  endfacet
  facet normal 0 0 0
    outer loop
      vertex 5.000000 0.000000 1.000000
      vertex 6.000000 1.000000 1.000000
      vertex 6.000000 0.000000 1.000000
    endloop
  endfacet
  facet normal 0 0 0
    outer loop
      vertex 5.000000 0.000000 1.000000
      vertex 5.000000 1.000000 1.000000
      vertex 6.000000 1.000000 1.000000
    endloop
  endfacet
  facet normal 0 0 0
    outer loop
      vertex 5.000000 0.000000 2.000000
      vertex 6.000000 0.000000 2.000000
      vertex 6.000000 1.000000 2.000000
    endloop
  endfacet
  facet normal 0 0 0
    outer loop
      vertex 5.000000 0.000000 2.000000
      vertex 6.000000 1.000000 2.000000
      vertex 5.000000 1.000000 2.000000
    endloop
  endfacet
  facet normal 0 0 0
    outer loop
      vertex 5.000000 0.000000 1.000000
      vertex 6.000000 0.000000 1.000000
      vertex 6.000000 0.000000 2.000000
    endloop
  endfacet
  facet normal 0 0 0
    outer loop
      vertex 5.000000 0.000000 1.000000
      vertex 6.000000 0.000000 2.000000
      vertex 5.000000 0.000000 2.000000
    endloop
  endfacet
  facet normal 0 0 0
    outer loop
      vertex 6.000000 1.000000 1.000000
      vertex 5.000000 1.000000 1.000000
      vertex 5.000000 1.000000 2.000000
    endloop
  endfacet
  facet normal 0 0 0
    outer loop
      vertex 6.000000 1.000000 1.000000
      vertex 5.000000 1.000000 2.000000
      vertex 6.000000 1.000000 2.000000
    endloop
  endfacet
  facet normal 0 0 0
    outer loop
      vertex 6.000000 0.000000 1.000000
      vertex 6.000000 1.000000 1.000000
      vertex 6.000000 1.000000 2.000000
    endloop
  endfacet
  facet normal 0 0 0
    outer loop
      vertex 6.000000 0.000000 1.000000
      vertex 6.000000 1.000000 2.000000
      vertex 6.000000 0.000000 2.000000
    endloop
  endfacet
  facet normal 0 0 0
    outer loop
      vertex 5.000000 1.000000 1.000000
      vertex 5.000000 0.000000 1.000000
      vertex 5.000000 0.000000 2.000000
    endloop
  endfacet
  facet normal 0 0 0
    outer loop
      vertex 5.000000 1.000000 1.000000
      vertex 5.000000 0.000000 2.000000
      vertex 5.000000 1.000000 2.000000
    endloop
  endfacet
  facet normal 0 0 0
    outer loop
      vertex 5.000000 0.000000 2.000000
      vertex 6.000000 1.000000 2.000000
      vertex 6.000000 0.000000 2.000000
    endloop
  endfacet
  facet normal 0 0 0
    outer loop
      vertex 5.000000 0.000000 2.000000
      vertex 5.000000 1.000000 2.000000
      vertex 6.000000 1.000000 2.000000
    endloop
  endfacet
  facet normal 0 0 0
    outer loop
      vertex 5.000000 0.000000 3.000000
      vertex 6.000000 0.000000 3.000000
      vertex 6.000000 1.000000 3.000000
    endloop
  endfacet
  facet normal 0 0 0
    outer loop
      vertex 5.000000 0.000000 3.000000
      vertex 6.000000 1.000000 3.000000
      vertex 5.000000 1.000000 3.000000
    endloop
  endfacet
  facet normal 0 0 0
    outer loop
      vertex 5.000000 0.000000 2.000000
      vertex 6.000000 0.000000 2.000000
      vertex 6.000000 0.000000 3.000000
    endloop
  endfacet
  facet normal 0 0 0
    outer loop
      vertex 5.000000 0.000000 2.000000
      vertex 6.000000 0.000000 3.000000
      vertex 5.000000 0.000000 3.000000
    endloop
  endfacet
  facet normal 0 0 0
    outer loop
      vertex 6.000000 1.000000 2.000000
      vertex 5.000000 1.000000 2.000000
      vertex 5.000000 1.000000 3.000000
    endloop
  endfacet
  facet normal 0 0 0
    outer loop
      vertex 6.000000 1.000000 2.000000
      vertex 5.000000 1.000000 3.000000
      vertex 6.000000 1.000000 3.000000
    endloop
  endfacet
  facet normal 0 0 0
    outer loop
      vertex 6.000000 0.000000 2.000000
      vertex 6.000000 1.000000 2.000000
      vertex 6.000000 1.000000 3.000000
    endloop
  endfacet
  facet normal 0 0 0
    outer loop
      vertex 6.000000 0.000000 2.000000
      vertex 6.000000 1.000000 3.000000
      vertex 6.000000 0.000000 3.000000
    endloop
  endfacet
  facet normal 0 0 0
    outer loop
      vertex 5.000000 1.000000 2.000000
      vertex 5.000000 0.000000 2.000000
      vertex 5.000000 0.000000 3.000000
    endloop
  endfacet
  facet normal 0 0 0
    outer loop
      vertex 5.000000 1.000000 2.000000
      vertex 5.000000 0.000000 3.000000
      vertex 5.000000 1.000000 3.000000
    endloop
  endfacet
  facet normal 0 0 0
    outer loop
      vertex 5.000000 1.000000 0.000000
      vertex 6.000000 2.000000 0.000000
      vertex 6.000000 1.000000 0.000000
    endloop
  endfacet
  facet normal 0 0 0
    outer loop
      vertex 5.000000 1.000000 0.000000
      vertex 5.000000 2.000000 0.000000
      vertex 6.000000 2.000000 0.000000
    endloop
  endfacet
  facet normal 0 0 0
    outer loop
      vertex 5.000000 1.000000 1.000000
      vertex 6.000000 1.000000 1.000000
      vertex 6.000000 2.000000 1.000000
    endloop
  endfacet
  facet normal 0 0 0
    outer loop
      vertex 5.000000 1.000000 1.000000
      vertex 6.000000 2.000000 1.000000
      vertex 5.000000 2.000000 1.000000
    endloop
  endfacet
  facet normal 0 0 0
    outer loop
      vertex 5.000000 1.000000 0.000000
      vertex 6.000000 1.000000 0.000000
      vertex 6.000000 1.000000 1.000000
    endloop
  endfacet
  facet normal 0 0 0
    outer loop
      vertex 5.000000 1.000000 0.000000
      vertex 6.000000 1.000000 1.000000
      vertex 5.000000 1.000000 1.000000
    endloop
  endfacet
  facet normal 0 0 0
    outer loop
      vertex 6.000000 2.000000 0.000000
      vertex 5.000000 2.000000 0.000000
      vertex 5.000000 2.000000 1.000000
    endloop
  endfacet
  facet normal 0 0 0
    outer loop
      vertex 6.000000 2.000000 0.000000
      vertex 5.000000 2.000000 1.000000
      vertex 6.000000 2.000000 1.000000
    endloop
  endfacet
  facet normal 0 0 0
    outer loop
      vertex 6.000000 1.000000 0.000000
      vertex 6.000000 2.000000 0.000000
      vertex 6.000000 2.000000 1.000000
    endloop
  endfacet
  facet normal 0 0 0
    outer loop
      vertex 6.000000 1.000000 0.000000
      vertex 6.000000 2.000000 1.000000
      vertex 6.000000 1.000000 1.000000
    endloop
  endfacet
  facet normal 0 0 0
    outer loop
      vertex 5.000000 2.000000 0.000000
      vertex 5.000000 1.000000 0.000000
      vertex 5.000000 1.000000 1.000000
    endloop
  endfacet
  facet normal 0 0 0
    outer loop
      vertex 5.000000 2.000000 0.000000
      vertex 5.000000 1.000000 1.000000
      vertex 5.000000 2.000000 1.000000
    endloop
  endfacet
  facet normal 0 0 0
    outer loop
      vertex 5.000000 1.000000 2.000000
      vertex 6.000000 2.000000 2.000000
      vertex 6.000000 1.000000 2.000000
    endloop
  endfacet
  facet normal 0 0 0
    outer loop
      vertex 5.000000 1.000000 2.000000
      vertex 5.000000 2.000000 2.000000
      vertex 6.000000 2.000000 2.000000
    endloop
  endfacet
  facet normal 0 0 0
    outer loop
      vertex 5.000000 1.000000 3.000000
      vertex 6.000000 1.000000 3.000000
      vertex 6.000000 2.000000 3.000000
    endloop
  endfacet
  facet normal 0 0 0
    outer loop
      vertex 5.000000 1.000000 3.000000
      vertex 6.000000 2.000000 3.000000
      vertex 5.000000 2.000000 3.000000
    endloop
  endfacet
  facet normal 0 0 0
    outer loop
      vertex 5.000000 1.000000 2.000000
      vertex 6.000000 1.000000 2.000000
      vertex 6.000000 1.000000 3.000000
    endloop
  endfacet
  facet normal 0 0 0
    outer loop
      vertex 5.000000 1.000000 2.000000
      vertex 6.000000 1.000000 3.000000
      vertex 5.000000 1.000000 3.000000
    endloop
  endfacet
  facet normal 0 0 0
    outer loop
      vertex 6.000000 2.000000 2.000000
      vertex 5.000000 2.000000 2.000000
      vertex 5.000000 2.000000 3.000000
    endloop
  endfacet
  facet normal 0 0 0
    outer loop
      vertex 6.000000 2.000000 2.000000
      vertex 5.000000 2.000000 3.000000
      vertex 6.000000 2.000000 3.000000
    endloop
  endfacet
  facet normal 0 0 0
    outer loop
      vertex 6.000000 1.000000 2.000000
      vertex 6.000000 2.000000 2.000000
      vertex 6.000000 2.000000 3.000000
    endloop
  endfacet
  facet normal 0 0 0
    outer loop
      vertex 6.000000 1.000000 2.000000
      vertex 6.000000 2.000000 3.000000
      vertex 6.000000 1.000000 3.000000
    endloop
  endfacet
  facet normal 0 0 0
    outer loop
      vertex 5.000000 2.000000 2.000000
      vertex 5.000000 1.000000 2.000000
      vertex 5.000000 1.000000 3.000000
    endloop
  endfacet
  facet normal 0 0 0
    outer loop
      vertex 5.000000 2.000000 2.000000
      vertex 5.000000 1.000000 3.000000
      vertex 5.000000 2.000000 3.000000
    endloop
  endfacet
  facet normal 0 0 0
    outer loop
      vertex 5.000000 2.000000 0.000000
      vertex 6.000000 3.000000 0.000000
      vertex 6.000000 2.000000 0.000000
    endloop
  endfacet
  facet normal 0 0 0
    outer loop
      vertex 5.000000 2.000000 0.000000
      vertex 5.000000 3.000000 0.000000
      vertex 6.000000 3.000000 0.000000
    endloop
  endfacet
  facet normal 0 0 0
    outer loop
      vertex 5.000000 2.000000 1.000000
      vertex 6.000000 2.000000 1.000000
      vertex 6.000000 3.000000 1.000000
    endloop
  endfacet
  facet normal 0 0 0
    outer loop
      vertex 5.000000 2.000000 1.000000
      vertex 6.000000 3.000000 1.000000
      vertex 5.000000 3.000000 1.000000
    endloop
  endfacet
  facet normal 0 0 0
    outer loop
      vertex 5.000000 2.000000 0.000000
      vertex 6.000000 2.000000 0.000000
      vertex 6.000000 2.000000 1.000000
    endloop
  endfacet
  facet normal 0 0 0
    outer loop
      vertex 5.000000 2.000000 0.000000
      vertex 6.000000 2.000000 1.000000
      vertex 5.000000 2.000000 1.000000
    endloop
  endfacet
  facet normal 0 0 0
    outer loop
      vertex 6.000000 3.000000 0.000000
      vertex 5.000000 3.000000 0.000000
      vertex 5.000000 3.000000 1.000000
    endloop
  endfacet
  facet normal 0 0 0
    outer loop
      vertex 6.000000 3.000000 0.000000
      vertex 5.000000 3.000000 1.000000
      vertex 6.000000 3.000000 1.000000
    endloop
  endfacet
  facet normal 0 0 0
    outer loop
      vertex 6.000000 2.000000 0.000000
      vertex 6.000000 3.000000 0.000000
      vertex 6.000000 3.000000 1.000000
    endloop
  endfacet
  facet normal 0 0 0
    outer loop
      vertex 6.000000 2.000000 0.000000
      vertex 6.000000 3.000000 1.000000
      vertex 6.000000 2.000000 1.000000
    endloop
  endfacet
  facet normal 0 0 0
    outer loop
      vertex 5.000000 3.000000 0.000000
      vertex 5.000000 2.000000 0.000000
      vertex 5.000000 2.000000 1.000000
    endloop
  endfacet
  facet normal 0 0 0
    outer loop
      vertex 5.000000 3.000000 0.000000
      vertex 5.000000 2.000000 1.000000
      vertex 5.000000 3.000000 1.000000
    endloop
  endfacet
  facet normal 0 0 0
    outer loop
      vertex 5.000000 2.000000 1.000000
      vertex 6.000000 3.000000 1.000000
      vertex 6.000000 2.000000 1.000000
    endloop
  endfacet
  facet normal 0 0 0
    outer loop
      vertex 5.000000 2.000000 1.000000
      vertex 5.000000 3.000000 1.000000
      vertex 6.000000 3.000000 1.000000
    endloop
  endfacet
  facet normal 0 0 0
    outer loop
      vertex 5.000000 2.000000 2.000000
      vertex 6.000000 2.000000 2.000000
      vertex 6.000000 3.000000 2.000000
    endloop
  endfacet
  facet normal 0 0 0
    outer loop
      vertex 5.000000 2.000000 2.000000
      vertex 6.000000 3.000000 2.000000
      vertex 5.000000 3.000000 2.000000
    endloop
  endfacet
  facet normal 0 0 0
    outer loop
      vertex 5.000000 2.000000 1.000000
      vertex 6.000000 2.000000 1.000000
      vertex 6.000000 2.000000 2.000000
    endloop
  endfacet
  facet normal 0 0 0
    outer loop
      vertex 5.000000 2.000000 1.000000
      vertex 6.000000 2.000000 2.000000
      vertex 5.000000 2.000000 2.000000
    endloop
  endfacet
  facet normal 0 0 0
    outer loop
      vertex 6.000000 3.000000 1.000000
      vertex 5.000000 3.000000 1.000000
      vertex 5.000000 3.000000 2.000000
    endloop
  endfacet
  facet normal 0 0 0
    outer loop
      vertex 6.000000 3.000000 1.000000
      vertex 5.000000 3.000000 2.000000
      vertex 6.000000 3.000000 2.000000
    endloop
  endfacet
  facet normal 0 0 0
    outer loop
      vertex 6.000000 2.000000 1.000000
      vertex 6.000000 3.000000 1.000000
      vertex 6.000000 3.000000 2.000000
    endloop
  endfacet
  facet normal 0 0 0
    outer loop
      vertex 6.000000 2.000000 1.000000
      vertex 6.000000 3.000000 2.000000
      vertex 6.000000 2.000000 2.000000
    endloop
  endfacet
  facet normal 0 0 0
    outer loop
      vertex 5.000000 3.000000 1.000000
      vertex 5.000000 2.000000 1.000000
      vertex 5.000000 2.000000 2.000000
    endloop
  endfacet
  facet normal 0 0 0
    outer loop
      vertex 5.000000 3.000000 1.000000
      vertex 5.000000 2.000000 2.000000
      vertex 5.000000 3.000000 2.000000
    endloop
  endfacet
  facet normal 0 0 0
    outer loop
      vertex 5.000000 2.000000 2.000000
      vertex 6.000000 3.000000 2.000000
      vertex 6.000000 2.000000 2.000000
    endloop
  endfacet
  facet normal 0 0 0
    outer loop
      vertex 5.000000 2.000000 2.000000
      vertex 5.000000 3.000000 2.000000
      vertex 6.000000 3.000000 2.000000
    endloop
  endfacet
  facet normal 0 0 0
    outer loop
      vertex 5.000000 2.000000 3.000000
      vertex 6.000000 2.000000 3.000000
      vertex 6.000000 3.000000 3.000000
    endloop
  endfacet
  facet normal 0 0 0
    outer loop
      vertex 5.000000 2.000000 3.000000
      vertex 6.000000 3.000000 3.000000
      vertex 5.000000 3.000000 3.000000
    endloop
  endfacet
  facet normal 0 0 0
    outer loop
      vertex 5.000000 2.000000 2.000000
      vertex 6.000000 2.000000 2.000000
      vertex 6.000000 2.000000 3.000000
    endloop
  endfacet
  facet normal 0 0 0
    outer loop
      vertex 5.000000 2.000000 2.000000
      vertex 6.000000 2.000000 3.000000
      vertex 5.000000 2.000000 3.000000
    endloop
  endfacet
  facet normal 0 0 0
    outer loop
      vertex 6.000000 3.000000 2.000000
      vertex 5.000000 3.000000 2.000000
      vertex 5.000000 3.000000 3.000000
    endloop
  endfacet
  facet normal 0 0 0
    outer loop
      vertex 6.000000 3.000000 2.000000
      vertex 5.000000 3.000000 3.000000
      vertex 6.000000 3.000000 3.000000
    endloop
  endfacet
  facet normal 0 0 0
    outer loop
      vertex 6.000000 2.000000 2.000000
      vertex 6.000000 3.000000 2.000000
      vertex 6.000000 3.000000 3.000000
    endloop
  endfacet
  facet normal 0 0 0
    outer loop
      vertex 6.000000 2.000000 2.000000
      vertex 6.000000 3.000000 3.000000
      vertex 6.000000 2.000000 3.000000
    endloop
  endfacet
  facet normal 0 0 0
    outer loop
      vertex 5.000000 3.000000 2.000000
      vertex 5.000000 2.000000 2.000000
      vertex 5.000000 2.000000 3.000000
    endloop
  endfacet
  facet normal 0 0 0
    outer loop
      vertex 5.000000 3.000000 2.000000
      vertex 5.000000 2.000000 3.000000
      vertex 5.000000 3.000000 3.000000
    endloop
  endfacet
  facet normal 0 0 0
    outer loop
      vertex 3.000000 0.000000 6.000000
      vertex 4.000000 1.000000 6.000000
      vertex 4.000000 0.000000 6.000000
    endloop
  endfacet
  facet normal 0 0 0
    outer loop
      vertex 3.000000 0.000000 6.000000
      vertex 3.000000 1.000000 6.000000
      vertex 4.000000 1.000000 6.000000
    endloop
  endfacet
  facet normal 0 0 0
    outer loop
      vertex 3.000000 0.000000 7.000000
      vertex 4.000000 0.000000 7.000000
      vertex 4.000000 1.000000 7.000000
    endloop
  endfacet
  facet normal 0 0 0
    outer loop
      vertex 3.000000 0.000000 7.000000
      vertex 4.000000 1.000000 7.000000
      vertex 3.000000 1.000000 7.000000
    endloop
  endfacet
  facet normal 0 0 0
    outer loop
      vertex 3.000000 0.000000 6.000000
      vertex 4.000000 0.000000 6.000000
      vertex 4.000000 0.000000 7.000000
    endloop
  endfacet
  facet normal 0 0 0
    outer loop
      vertex 3.000000 0.000000 6.000000
      vertex 4.000000 0.000000 7.000000
      vertex 3.000000 0.000000 7.000000
    endloop
  endfacet
  facet normal 0 0 0
    outer loop
      vertex 4.000000 1.000000 6.000000
      vertex 3.000000 1.000000 6.000000
      vertex 3.000000 1.000000 7.000000
    endloop
  endfacet
  facet normal 0 0 0
    outer loop
      vertex 4.000000 1.000000 6.000000
      vertex 3.000000 1.000000 7.000000
      vertex 4.000000 1.000000 7.000000
    endloop
  endfacet
  facet normal 0 0 0
    outer loop
      vertex 4.000000 0.000000 6.000000
      vertex 4.000000 1.000000 6.000000
      vertex 4.000000 1.000000 7.000000
    endloop
  endfacet
  facet normal 0 0 0
    outer loop
      vertex 4.000000 0.000000 6.000000
      vertex 4.000000 1.000000 7.000000
      vertex 4.000000 0.000000 7.000000
    endloop
  endfacet
  facet normal 0 0 0
    outer loop
      vertex 3.000000 1.000000 6.000000
      vertex 3.000000 0.000000 6.000000
      vertex 3.000000 0.000000 7.000000
    endloop
  endfacet
  facet normal 0 0 0
    outer loop
      vertex 3.000000 1.000000 6.000000
      vertex 3.000000 0.000000 7.000000
      vertex 3.000000 1.000000 7.000000
    endloop
  endfacet
  facet normal 0 0 0
    outer loop
      vertex 3.000000 0.000000 7.000000
      vertex 4.000000 1.000000 7.000000
      vertex 4.000000 0.000000 7.000000
    endloop
  endfacet
  facet normal 0 0 0
    outer loop
      vertex 3.000000 0.000000 7.000000
      vertex 3.000000 1.000000 7.000000
      vertex 4.000000 1.000000 7.000000
    endloop
  endfacet
  facet normal 0 0 0
    outer loop
      vertex 3.000000 0.000000 8.000000
      vertex 4.000000 0.000000 8.000000
      vertex 4.000000 1.000000 8.000000
    endloop
  endfacet
  facet normal 0 0 0
    outer loop
      vertex 3.000000 0.000000 8.000000
      vertex 4.000000 1.000000 8.000000
      vertex 3.000000 1.000000 8.000000
    endloop
  endfacet
  facet normal 0 0 0
    outer loop
      vertex 3.000000 0.000000 7.000000
      vertex 4.000000 0.000000 7.000000
      vertex 4.000000 0.000000 8.000000
    endloop
  endfacet
  facet normal 0 0 0
    outer loop
      vertex 3.000000 0.000000 7.000000
      vertex 4.000000 0.000000 8.000000
      vertex 3.000000 0.000000 8.000000
    endloop
  endfacet
  facet normal 0 0 0
    outer loop
      vertex 4.000000 1.000000 7.000000
      vertex 3.000000 1.000000 7.000000
      vertex 3.000000 1.000000 8.000000
    endloop
  endfacet
  facet normal 0 0 0
    outer loop
      vertex 4.000000 1.000000 7.000000
      vertex 3.000000 1.000000 8.000000
      vertex 4.000000 1.000000 8.000000
    endloop
  endfacet
  facet normal 0 0 0
    outer loop
      vertex 4.000000 0.000000 7.000000
      vertex 4.000000 1.000000 7.000000
      vertex 4.000000 1.000000 8.000000
    endloop
  endfacet
  facet normal 0 0 0
    outer loop
      vertex 4.000000 0.000000 7.000000
      vertex 4.000000 1.000000 8.000000
      vertex 4.000000 0.000000 8.000000
    endloop
  endfacet
  facet normal 0 0 0
    outer loop
      vertex 3.000000 1.000000 7.000000
      vertex 3.000000 0.000000 7.000000
      vertex 3.000000 0.000000 8.000000
    endloop
  endfacet
  facet normal 0 0 0
    outer loop
      vertex 3.000000 1.000000 7.000000
      vertex 3.000000 0.000000 8.000000
      vertex 3.000000 1.000000 8.000000
    endloop
  endfacet
  facet normal 0 0 0
    outer loop
      vertex 3.000000 0.000000 8.000000
      vertex 4.000000 1.000000 8.000000
      vertex 4.000000 0.000000 8.000000
    endloop
  endfacet
  facet normal 0 0 0
    outer loop
      vertex 3.000000 0.000000 8.000000
      vertex 3.000000 1.000000 8.000000
      vertex 4.000000 1.000000 8.000000
    endloop
  endfacet
  facet normal 0 0 0
    outer loop
      vertex 3.000000 0.000000 9.000000
      vertex 4.000000 0.000000 9.000000
      vertex 4.000000 1.000000 9.000000
    endloop
  endfacet
  facet normal 0 0 0
    outer loop
      vertex 3.000000 0.000000 9.000000
      vertex 4.000000 1.000000 9.000000
      vertex 3.000000 1.000000 9.000000
    endloop
  endfacet
  facet normal 0 0 0
    outer loop
      vertex 3.000000 0.000000 8.000000
      vertex 4.000000 0.000000 8.000000
      vertex 4.000000 0.000000 9.000000
    endloop
  endfacet
  facet normal 0 0 0
    outer loop
      vertex 3.000000 0.000000 8.000000
      vertex 4.000000 0.000000 9.000000
      vertex 3.000000 0.000000 9.000000
    endloop
  endfacet
  facet normal 0 0 0
    outer loop
      vertex 4.000000 1.000000 8.000000
      vertex 3.000000 1.000000 8.000000
      vertex 3.000000 1.000000 9.000000
    endloop
  endfacet
  facet normal 0 0 0
    outer loop
      vertex 4.000000 1.000000 8.000000
      vertex 3.000000 1.000000 9.000000
      vertex 4.000000 1.000000 9.000000
    endloop
  endfacet
  facet normal 0 0 0
    outer loop
      vertex 4.000000 0.000000 8.000000
      vertex 4.000000 1.000000 8.000000
      vertex 4.000000 1.000000 9.000000
    endloop
  endfacet
  facet normal 0 0 0
    outer loop
      vertex 4.000000 0.000000 8.000000
      vertex 4.000000 1.000000 9.000000
      vertex 4.000000 0.000000 9.000000
    endloop
  endfacet
  facet normal 0 0 0
    outer loop
      vertex 3.000000 1.000000 8.000000
      vertex 3.000000 0.000000 8.000000
      vertex 3.000000 0.000000 9.000000
    endloop
  endfacet
  facet normal 0 0 0
    outer loop
      vertex 3.000000 1.000000 8.000000
      vertex 3.000000 0.000000 9.000000
      vertex 3.000000 1.000000 9.000000
    endloop
  endfacet
  facet normal 0 0 0
    outer loop
      vertex 3.000000 1.000000 6.000000
      vertex 4.000000 2.000000 6.000000
      vertex 4.000000 1.000000 6.000000
    endloop
  endfacet
  facet normal 0 0 0
    outer loop
      vertex 3.000000 1.000000 6.000000
      vertex 3.000000 2.000000 6.000000
      vertex 4.000000 2.000000 6.000000
    endloop
  endfacet
  facet normal 0 0 0
    outer loop
      vertex 3.000000 1.000000 7.000000
      vertex 4.000000 1.000000 7.000000
      vertex 4.000000 2.000000 7.000000
    endloop
  endfacet
  facet normal 0 0 0
    outer loop
      vertex 3.000000 1.000000 7.000000
      vertex 4.000000 2.000000 7.000000
      vertex 3.000000 2.000000 7.000000
    endloop
  endfacet
  facet normal 0 0 0
    outer loop
      vertex 3.000000 1.000000 6.000000
      vertex 4.000000 1.000000 6.000000
      vertex 4.000000 1.000000 7.000000
    endloop
  endfacet
  facet normal 0 0 0
    outer loop
      vertex 3.000000 1.000000 6.000000
      vertex 4.000000 1.000000 7.000000
      vertex 3.000000 1.000000 7.000000
    endloop
  endfacet
  facet normal 0 0 0
    outer loop
      vertex 4.000000 2.000000 6.000000
      vertex 3.000000 2.000000 6.000000
      vertex 3.000000 2.000000 7.000000
    endloop
  endfacet
  facet normal 0 0 0
    outer loop
      vertex 4.000000 2.000000 6.000000
      vertex 3.000000 2.000000 7.000000
      vertex 4.000000 2.000000 7.000000
    endloop
  endfacet
  facet normal 0 0 0
    outer loop
      vertex 4.000000 1.000000 6.000000
      vertex 4.000000 2.000000 6.000000
      vertex 4.000000 2.000000 7.000000
    endloop
  endfacet
  facet normal 0 0 0
    outer loop
      vertex 4.000000 1.000000 6.000000
      vertex 4.000000 2.000000 7.000000
      vertex 4.000000 1.000000 7.000000
    endloop
  endfacet
  facet normal 0 0 0
    outer loop
      vertex 3.000000 2.000000 6.000000
      vertex 3.000000 1.000000 6.000000
      vertex 3.000000 1.000000 7.000000
    endloop
  endfacet
  facet normal 0 0 0
    outer loop
      vertex 3.000000 2.000000 6.000000
      vertex 3.000000 1.000000 7.000000
      vertex 3.000000 2.000000 7.000000
    endloop
  endfacet
  facet normal 0 0 0
    outer loop
      vertex 3.000000 1.000000 8.000000
      vertex 4.000000 2.000000 8.000000
      vertex 4.000000 1.000000 8.000000
    endloop
  endfacet
  facet normal 0 0 0
    outer loop
      vertex 3.000000 1.000000 8.000000
      vertex 3.000000 2.000000 8.000000
      vertex 4.000000 2.000000 8.000000
    endloop
  endfacet
  facet normal 0 0 0
    outer loop
      vertex 3.000000 1.000000 9.000000
      vertex 4.000000 1.000000 9.000000
      vertex 4.000000 2.000000 9.000000
    endloop
  endfacet
  facet normal 0 0 0
    outer loop
      vertex 3.000000 1.000000 9.000000
      vertex 4.000000 2.000000 9.000000
      vertex 3.000000 2.000000 9.000000
    endloop
  endfacet
  facet normal 0 0 0
    outer loop
      vertex 3.000000 1.000000 8.000000
      vertex 4.000000 1.000000 8.000000
      vertex 4.000000 1.000000 9.000000
    endloop
  endfacet
  facet normal 0 0 0
    outer loop
      vertex 3.000000 1.000000 8.000000
      vertex 4.000000 1.000000 9.000000
      vertex 3.000000 1.000000 9.000000
    endloop
  endfacet
  facet normal 0 0 0
    outer loop
      vertex 4.000000 2.000000 8.000000
      vertex 3.000000 2.000000 8.000000
      vertex 3.000000 2.000000 9.000000
    endloop
  endfacet
  facet normal 0 0 0
    outer loop
      vertex 4.000000 2.000000 8.000000
      vertex 3.000000 2.000000 9.000000
      vertex 4.000000 2.000000 9.000000
    endloop
  endfacet
  facet normal 0 0 0
    outer loop
      vertex 4.000000 1.000000 8.000000
      vertex 4.000000 2.000000 8.000000
      vertex 4.000000 2.000000 9.000000
    endloop
  endfacet
  facet normal 0 0 0
    outer loop
      vertex 4.000000 1.000000 8.000000
      vertex 4.000000 2.000000 9.000000
      vertex 4.000000 1.000000 9.000000
    endloop
  endfacet
  facet normal 0 0 0
    outer loop
      vertex 3.000000 2.000000 8.000000
      vertex 3.000000 1.000000 8.000000
      vertex 3.000000 1.000000 9.000000
    endloop
  endfacet
  facet normal 0 0 0
    outer loop
      vertex 3.000000 2.000000 8.000000
      vertex 3.000000 1.000000 9.000000
      vertex 3.000000 2.000000 9.000000
    endloop
  endfacet
  facet normal 0 0 0
    outer loop
      vertex 3.000000 2.000000 6.000000
      vertex 4.000000 3.000000 6.000000
      vertex 4.000000 2.000000 6.000000
    endloop
  endfacet
  facet normal 0 0 0
    outer loop
      vertex 3.000000 2.000000 6.000000
      vertex 3.000000 3.000000 6.000000
      vertex 4.000000 3.000000 6.000000
    endloop
  endfacet
  facet normal 0 0 0
    outer loop
      vertex 3.000000 2.000000 7.000000
      vertex 4.000000 2.000000 7.000000
      vertex 4.000000 3.000000 7.000000
    endloop
  endfacet
  facet normal 0 0 0
    outer loop
      vertex 3.000000 2.000000 7.000000
      vertex 4.000000 3.000000 7.000000
      vertex 3.000000 3.000000 7.000000
    endloop
  endfacet
  facet normal 0 0 0
    outer loop
      vertex 3.000000 2.000000 6.000000
      vertex 4.000000 2.000000 6.000000
      vertex 4.000000 2.000000 7.000000
    endloop
  endfacet
  facet normal 0 0 0
    outer loop
      vertex 3.000000 2.000000 6.000000
      vertex 4.000000 2.000000 7.000000
      vertex 3.000000 2.000000 7.000000
    endloop
  endfacet
  facet normal 0 0 0
    outer loop
      vertex 4.000000 3.000000 6.000000
      vertex 3.000000 3.000000 6.000000
      vertex 3.000000 3.000000 7.000000
    endloop
  endfacet
  facet normal 0 0 0
    outer loop
      vertex 4.000000 3.000000 6.000000
      vertex 3.000000 3.000000 7.000000
      vertex 4.000000 3.000000 7.000000
    endloop
  endfacet
  facet normal 0 0 0
    outer loop
      vertex 4.000000 2.000000 6.000000
      vertex 4.000000 3.000000 6.000000
      vertex 4.000000 3.000000 7.000000
    endloop
  endfacet
  facet normal 0 0 0
    outer loop
      vertex 4.000000 2.000000 6.000000
      vertex 4.000000 3.000000 7.000000
      vertex 4.000000 2.000000 7.000000
    endloop
  endfacet
  facet normal 0 0 0
    outer loop
      vertex 3.000000 3.000000 6.000000
      vertex 3.000000 2.000000 6.000000
      vertex 3.000000 2.000000 7.000000
    endloop
  endfacet
  facet normal 0 0 0
    outer loop
      vertex 3.000000 3.000000 6.000000
      vertex 3.000000 2.000000 7.000000
      vertex 3.000000 3.000000 7.000000
    endloop
  endfacet
  facet normal 0 0 0
    outer loop
      vertex 3.000000 2.000000 7.000000
      vertex 4.000000 3.000000 7.000000
      vertex 4.000000 2.000000 7.000000
    endloop
  endfacet
  facet normal 0 0 0
    outer loop
      vertex 3.000000 2.000000 7.000000
      vertex 3.000000 3.000000 7.000000
      vertex 4.000000 3.000000 7.000000
    endloop
  endfacet
  facet normal 0 0 0
    outer loop
      vertex 3.000000 2.000000 8.000000
      vertex 4.000000 2.000000 8.000000
      vertex 4.000000 3.000000 8.000000
    endloop
  endfacet
  facet normal 0 0 0
    outer loop
      vertex 3.000000 2.000000 8.000000
      vertex 4.000000 3.000000 8.000000
      vertex 3.000000 3.000000 8.000000
    endloop
  endfacet
  facet normal 0 0 0
    outer loop
      vertex 3.000000 2.000000 7.000000
      vertex 4.000000 2.000000 7.000000
      vertex 4.000000 2.000000 8.000000
    endloop
  endfacet
  facet normal 0 0 0
    outer loop
      vertex 3.000000 2.000000 7.000000
      vertex 4.000000 2.000000 8.000000
      vertex 3.000000 2.000000 8.000000
    endloop
  endfacet
  facet normal 0 0 0
    outer loop
      vertex 4.000000 3.000000 7.000000
      vertex 3.000000 3.000000 7.000000
      vertex 3.000000 3.000000 8.000000
    endloop
  endfacet
  facet normal 0 0 0
    outer loop
      vertex 4.000000 3.000000 7.000000
      vertex 3.000000 3.000000 8.000000
      vertex 4.000000 3.000000 8.000000
    endloop
  endfacet
  facet normal 0 0 0
    outer loop
      vertex 4.000000 2.000000 7.000000
      vertex 4.000000 3.000000 7.000000
      vertex 4.000000 3.000000 8.000000
    endloop
  endfacet
  facet normal 0 0 0
    outer loop
      vertex 4.000000 2.000000 7.000000
      vertex 4.000000 3.000000 8.000000
      vertex 4.000000 2.000000 8.000000
    endloop
  endfacet
  facet normal 0 0 0
    outer loop
      vertex 3.000000 3.000000 7.000000
      vertex 3.000000 2.000000 7.000000
      vertex 3.000000 2.000000 8.000000
    endloop
  endfacet
  facet normal 0 0 0
    outer loop
      vertex 3.000000 3.000000 7.000000
      vertex 3.000000 2.000000 8.000000
      vertex 3.000000 3.000000 8.000000
    endloop
  endfacet
  facet normal 0 0 0
    outer loop
      vertex 3.000000 2.000000 8.000000
      vertex 4.000000 3.000000 8.000000
      vertex 4.000000 2.000000 8.000000
    endloop
  endfacet
  facet normal 0 0 0
    outer loop
      vertex 3.000000 2.000000 8.000000
      vertex 3.000000 3.000000 8.000000
      vertex 4.000000 3.000000 8.000000
    endloop
  endfacet
  facet normal 0 0 0
    outer loop
      vertex 3.000000 2.000000 9.000000
      vertex 4.000000 2.000000 9.000000
      vertex 4.000000 3.000000 9.000000
    endloop
  endfacet
  facet normal 0 0 0
    outer loop
      vertex 3.000000 2.000000 9.000000
      vertex 4.000000 3.000000 9.000000
      vertex 3.000000 3.000000 9.000000
    endloop
  endfacet
  facet normal 0 0 0
    outer loop
      vertex 3.000000 2.000000 8.000000
      vertex 4.000000 2.000000 8.000000
      vertex 4.000000 2.000000 9.000000
    endloop
  endfacet
  facet normal 0 0 0
    outer loop
      vertex 3.000000 2.000000 8.000000
      vertex 4.000000 2.000000 9.000000
      vertex 3.000000 2.000000 9.000000
    endloop
  endfacet
  facet normal 0 0 0
    outer loop
      vertex 4.000000 3.000000 8.000000
      vertex 3.000000 3.000000 8.000000
      vertex 3.000000 3.000000 9.000000
    endloop
  endfacet
  facet normal 0 0 0
    outer loop
      vertex 4.000000 3.000000 8.000000
      vertex 3.000000 3.000000 9.000000
      vertex 4.000000 3.000000 9.000000
    endloop
  endfacet
  facet normal 0 0 0
    outer loop
      vertex 4.000000 2.000000 8.000000
      vertex 4.000000 3.000000 8.000000
      vertex 4.000000 3.000000 9.000000
    endloop
  endfacet
  facet normal 0 0 0
    outer loop
      vertex 4.000000 2.000000 8.000000
      vertex 4.000000 3.000000 9.000000
      vertex 4.000000 2.000000 9.000000
    endloop
  endfacet
  facet normal 0 0 0
    outer loop
      vertex 3.000000 3.000000 8.000000
      vertex 3.000000 2.000000 8.000000
      vertex 3.000000 2.000000 9.000000
    endloop
  endfacet
  facet normal 0 0 0
    outer loop
      vertex 3.000000 3.000000 8.000000
      vertex 3.000000 2.000000 9.000000
      vertex 3.000000 3.000000 9.000000
    endloop
  endfacet
  facet normal 0 0 0
    outer loop
      vertex 4.000000 0.000000 6.000000
      vertex 5.000000 1.000000 6.000000
      vertex 5.000000 0.000000 6.000000
    endloop
  endfacet
  facet normal 0 0 0
    outer loop
      vertex 4.000000 0.000000 6.000000
      vertex 4.000000 1.000000 6.000000
      vertex 5.000000 1.000000 6.000000
    endloop
  endfacet
  facet normal 0 0 0
    outer loop
      vertex 4.000000 0.000000 7.000000
      vertex 5.000000 0.000000 7.000000
      vertex 5.000000 1.000000 7.000000
    endloop
  endfacet
  facet normal 0 0 0
    outer loop
      vertex 4.000000 0.000000 7.000000
      vertex 5.000000 1.000000 7.000000
      vertex 4.000000 1.000000 7.000000
    endloop
  endfacet
  facet normal 0 0 0
    outer loop
      vertex 4.000000 0.000000 6.000000
      vertex 5.000000 0.000000 6.000000
      vertex 5.000000 0.000000 7.000000
    endloop
  endfacet
  facet normal 0 0 0
    outer loop
      vertex 4.000000 0.000000 6.000000
      vertex 5.000000 0.000000 7.000000
      vertex 4.000000 0.000000 7.000000
    endloop
  endfacet
  facet normal 0 0 0
    outer loop
      vertex 5.000000 1.000000 6.000000
      vertex 4.000000 1.000000 6.000000
      vertex 4.000000 1.000000 7.000000
    endloop
  endfacet
  facet normal 0 0 0
    outer loop
      vertex 5.000000 1.000000 6.000000
      vertex 4.000000 1.000000 7.000000
      vertex 5.000000 1.000000 7.000000
    endloop
  endfacet
  facet normal 0 0 0
    outer loop
      vertex 5.000000 0.000000 6.000000
      vertex 5.000000 1.000000 6.000000
      vertex 5.000000 1.000000 7.000000
    endloop
  endfacet
  facet normal 0 0 0
    outer loop
      vertex 5.000000 0.000000 6.000000
      vertex 5.000000 1.000000 7.000000
      vertex 5.000000 0.000000 7.000000
    endloop
  endfacet
  facet normal 0 0 0
    outer loop
      vertex 4.000000 1.000000 6.000000
      vertex 4.000000 0.000000 6.000000
      vertex 4.000000 0.000000 7.000000
    endloop
  endfacet
  facet normal 0 0 0
    outer loop
      vertex 4.000000 1.000000 6.000000
      vertex 4.000000 0.000000 7.000000
      vertex 4.000000 1.000000 7.000000
    endloop
  endfacet
  facet normal 0 0 0
    outer loop
      vertex 4.000000 0.000000 8.000000
      vertex 5.000000 1.000000 8.000000
      vertex 5.000000 0.000000 8.000000
    endloop
  endfacet
  facet normal 0 0 0
    outer loop
      vertex 4.000000 0.000000 8.000000
      vertex 4.000000 1.000000 8.000000
      vertex 5.000000 1.000000 8.000000
    endloop
  endfacet
  facet normal 0 0 0
    outer loop
      vertex 4.000000 0.000000 9.000000
      vertex 5.000000 0.000000 9.000000
      vertex 5.000000 1.000000 9.000000
    endloop
  endfacet
  facet normal 0 0 0
    outer loop
      vertex 4.000000 0.000000 9.000000
      vertex 5.000000 1.000000 9.000000
      vertex 4.000000 1.000000 9.000000
    endloop
  endfacet
  facet normal 0 0 0
    outer loop
      vertex 4.000000 0.000000 8.000000
      vertex 5.000000 0.000000 8.000000
      vertex 5.000000 0.000000 9.000000
    endloop
  endfacet
  facet normal 0 0 0
    outer loop
      vertex 4.000000 0.000000 8.000000
      vertex 5.000000 0.000000 9.000000
      vertex 4.000000 0.000000 9.000000
    endloop
  endfacet
  facet normal 0 0 0
    outer loop
      vertex 5.000000 1.000000 8.000000
      vertex 4.000000 1.000000 8.000000
      vertex 4.000000 1.000000 9.000000
    endloop
  endfacet
  facet normal 0 0 0
    outer loop
      vertex 5.000000 1.000000 8.000000
      vertex 4.000000 1.000000 9.000000
      vertex 5.000000 1.000000 9.000000
    endloop
  endfacet
  facet normal 0 0 0
    outer loop
      vertex 5.000000 0.000000 8.000000
      vertex 5.000000 1.000000 8.000000
      vertex 5.000000 1.000000 9.000000
    endloop
  endfacet
  facet normal 0 0 0
    outer loop
      vertex 5.000000 0.000000 8.000000
      vertex 5.000000 1.000000 9.000000
      vertex 5.000000 0.000000 9.000000
    endloop
  endfacet
  facet normal 0 0 0
    outer loop
      vertex 4.000000 1.000000 8.000000
      vertex 4.000000 0.000000 8.000000
      vertex 4.000000 0.000000 9.000000
    endloop
  endfacet
  facet normal 0 0 0
    outer loop
      vertex 4.000000 1.000000 8.000000
      vertex 4.000000 0.000000 9.000000
      vertex 4.000000 1.000000 9.000000
    endloop
  endfacet
  facet normal 0 0 0
    outer loop
      vertex 4.000000 2.000000 6.000000
      vertex 5.000000 3.000000 6.000000
      vertex 5.000000 2.000000 6.000000
    endloop
  endfacet
  facet normal 0 0 0
    outer loop
      vertex 4.000000 2.000000 6.000000
      vertex 4.000000 3.000000 6.000000
      vertex 5.000000 3.000000 6.000000
    endloop
  endfacet
  facet normal 0 0 0
    outer loop
      vertex 4.000000 2.000000 7.000000
      vertex 5.000000 2.000000 7.000000
      vertex 5.000000 3.000000 7.000000
    endloop
  endfacet
  facet normal 0 0 0
    outer loop
      vertex 4.000000 2.000000 7.000000
      vertex 5.000000 3.000000 7.000000
      vertex 4.000000 3.000000 7.000000
    endloop
  endfacet
  facet normal 0 0 0
    outer loop
      vertex 4.000000 2.000000 6.000000
      vertex 5.000000 2.000000 6.000000
      vertex 5.000000 2.000000 7.000000
    endloop
  endfacet
  facet normal 0 0 0
    outer loop
      vertex 4.000000 2.000000 6.000000
      vertex 5.000000 2.000000 7.000000
      vertex 4.000000 2.000000 7.000000
    endloop
  endfacet
  facet normal 0 0 0
    outer loop
      vertex 5.000000 3.000000 6.000000
      vertex 4.000000 3.000000 6.000000
      vertex 4.000000 3.000000 7.000000
    endloop
  endfacet
  facet normal 0 0 0
    outer loop
      vertex 5.000000 3.000000 6.000000
      vertex 4.000000 3.000000 7.000000
      vertex 5.000000 3.000000 7.000000
    endloop
  endfacet
  facet normal 0 0 0
    outer loop
      vertex 5.000000 2.000000 6.000000
      vertex 5.000000 3.000000 6.000000
      vertex 5.000000 3.000000 7.000000
    endloop
  endfacet
  facet normal 0 0 0
    outer loop
      vertex 5.000000 2.000000 6.000000
      vertex 5.000000 3.000000 7.000000
      vertex 5.000000 2.000000 7.000000
    endloop
  endfacet
  facet normal 0 0 0
    outer loop
      vertex 4.000000 3.000000 6.000000
      vertex 4.000000 2.000000 6.000000
      vertex 4.000000 2.000000 7.000000
    endloop
  endfacet
  facet normal 0 0 0
    outer loop
      vertex 4.000000 3.000000 6.000000
      vertex 4.000000 2.000000 7.000000
      vertex 4.000000 3.000000 7.000000
    endloop
  endfacet
  facet normal 0 0 0
    outer loop
      vertex 4.000000 2.000000 8.000000
      vertex 5.000000 3.000000 8.000000
      vertex 5.000000 2.000000 8.000000
    endloop
  endfacet
  facet normal 0 0 0
    outer loop
      vertex 4.000000 2.000000 8.000000
      vertex 4.000000 3.000000 8.000000
      vertex 5.000000 3.000000 8.000000
    endloop
  endfacet
  facet normal 0 0 0
    outer loop
      vertex 4.000000 2.000000 9.000000
      vertex 5.000000 2.000000 9.000000
      vertex 5.000000 3.000000 9.000000
    endloop
  endfacet
  facet normal 0 0 0
    outer loop
      vertex 4.000000 2.000000 9.000000
      vertex 5.000000 3.000000 9.000000
      vertex 4.000000 3.000000 9.000000
    endloop
  endfacet
  facet normal 0 0 0
    outer loop
      vertex 4.000000 2.000000 8.000000
      vertex 5.000000 2.000000 8.000000
      vertex 5.000000 2.000000 9.000000
    endloop
  endfacet
  facet normal 0 0 0
    outer loop
      vertex 4.000000 2.000000 8.000000
      vertex 5.000000 2.000000 9.000000
      vertex 4.000000 2.000000 9.000000
    endloop
  endfacet
  facet normal 0 0 0
    outer loop
      vertex 5.000000 3.000000 8.000000
      vertex 4.000000 3.000000 8.000000
      vertex 4.000000 3.000000 9.000000
    endloop
  endfacet
  facet normal 0 0 0
    outer loop
      vertex 5.000000 3.000000 8.000000
      vertex 4.000000 3.000000 9.000000
      vertex 5.000000 3.000000 9.000000
    endloop
  endfacet
  facet normal 0 0 0
    outer loop
      vertex 5.000000 2.000000 8.000000
      vertex 5.000000 3.000000 8.000000
      vertex 5.000000 3.000000 9.000000
    endloop
  endfacet
  facet normal 0 0 0
    outer loop
      vertex 5.000000 2.000000 8.000000
      vertex 5.000000 3.000000 9.000000
      vertex 5.000000 2.000000 9.000000
    endloop
  endfacet
  facet normal 0 0 0
    outer loop
      vertex 4.000000 3.000000 8.000000
      vertex 4.000000 2.000000 8.000000
      vertex 4.000000 2.000000 9.000000
    endloop
  endfacet
  facet normal 0 0 0
    outer loop
      vertex 4.000000 3.000000 8.000000
      vertex 4.000000 2.000000 9.000000
      vertex 4.000000 3.000000 9.000000
    endloop
  endfacet
  facet normal 0 0 0
    outer loop
      vertex 5.000000 0.000000 6.000000
      vertex 6.000000 1.000000 6.000000
      vertex 6.000000 0.000000 6.000000
    endloop
  endfacet
  facet normal 0 0 0
    outer loop
      vertex 5.000000 0.000000 6.000000
      vertex 5.000000 1.000000 6.000000
      vertex 6.000000 1.000000 6.000000
    endloop
  endfacet
  facet normal 0 0 0
    outer loop
      vertex 5.000000 0.000000 7.000000
      vertex 6.000000 0.000000 7.000000
      vertex 6.000000 1.000000 7.000000
    endloop
  endfacet
  facet normal 0 0 0
    outer loop
      vertex 5.000000 0.000000 7.000000
      vertex 6.000000 1.000000 7.000000
      vertex 5.000000 1.000000 7.000000
    endloop
  endfacet
  facet normal 0 0 0
    outer loop
      vertex 5.000000 0.000000 6.000000
      vertex 6.000000 0.000000 6.000000
      vertex 6.000000 0.000000 7.000000
    endloop
  endfacet
  facet normal 0 0 0
    outer loop
      vertex 5.000000 0.000000 6.000000
      vertex 6.000000 0.000000 7.000000
      vertex 5.000000 0.000000 7.000000
    endloop
  endfacet
  facet normal 0 0 0
    outer loop
      vertex 6.000000 1.000000 6.000000
      vertex 5.000000 1.000000 6.000000
      vertex 5.000000 1.000000 7.000000
    endloop
  endfacet
  facet normal 0 0 0
    outer loop
      vertex 6.000000 1.000000 6.000000
      vertex 5.000000 1.000000 7.000000
      vertex 6.000000 1.000000 7.000000
    endloop
  endfacet
  facet normal 0 0 0
    outer loop
      vertex 6.000000 0.000000 6.000000
      vertex 6.000000 1.000000 6.000000
      vertex 6.000000 1.000000 7.000000
    endloop
  endfacet
  facet normal 0 0 0
    outer loop
      vertex 6.000000 0.000000 6.000000
      vertex 6.000000 1.000000 7.000000
      vertex 6.000000 0.000000 7.000000
    endloop
  endfacet
  facet normal 0 0 0
    outer loop
      vertex 5.000000 1.000000 6.000000
      vertex 5.000000 0.000000 6.000000
      vertex 5.000000 0.000000 7.000000
    endloop
  endfacet
  facet normal 0 0 0
    outer loop
      vertex 5.000000 1.000000 6.000000
      vertex 5.000000 0.000000 7.000000
      vertex 5.000000 1.000000 7.000000
    endloop
  endfacet
  facet normal 0 0 0
    outer loop
      vertex 5.000000 0.000000 7.000000
      vertex 6.000000 1.000000 7.000000
      vertex 6.000000 0.000000 7.000000
    endloop
  endfacet
  facet normal 0 0 0
    outer loop
      vertex 5.000000 0.000000 7.000000
      vertex 5.000000 1.000000 7.000000
      vertex 6.000000 1.000000 7.000000
    endloop
  endfacet
  facet normal 0 0 0
    outer loop
      vertex 5.000000 0.000000 8.000000
      vertex 6.000000 0.000000 8.000000
      vertex 6.000000 1.000000 8.000000
    endloop
  endfacet
  facet normal 0 0 0
    outer loop
      vertex 5.000000 0.000000 8.000000
      vertex 6.000000 1.000000 8.000000
      vertex 5.000000 1.000000 8.000000
    endloop
  endfacet
  facet normal 0 0 0
    outer loop
      vertex 5.000000 0.000000 7.000000
      vertex 6.000000 0.000000 7.000000
      vertex 6.000000 0.000000 8.000000
    endloop
  endfacet
  facet normal 0 0 0
    outer loop
      vertex 5.000000 0.000000 7.000000
      vertex 6.000000 0.000000 8.000000
      vertex 5.000000 0.000000 8.000000
    endloop
  endfacet
  facet normal 0 0 0
    outer loop
      vertex 6.000000 1.000000 7.000000
      vertex 5.000000 1.000000 7.000000
      vertex 5.000000 1.000000 8.000000
    endloop
  endfacet
  facet normal 0 0 0
    outer loop
      vertex 6.000000 1.000000 7.000000
      vertex 5.000000 1.000000 8.000000
      vertex 6.000000 1.000000 8.000000
    endloop
  endfacet
  facet normal 0 0 0
    outer loop
      vertex 6.000000 0.000000 7.000000
      vertex 6.000000 1.000000 7.000000
      vertex 6.000000 1.000000 8.000000
    endloop
  endfacet
  facet normal 0 0 0
    outer loop
      vertex 6.000000 0.000000 7.000000
      vertex 6.000000 1.000000 8.000000
      vertex 6.000000 0.000000 8.000000
    endloop
  endfacet
  facet normal 0 0 0
    outer loop
      vertex 5.000000 1.000000 7.000000
      vertex 5.000000 0.000000 7.000000
      vertex 5.000000 0.000000 8.000000
    endloop
  endfacet
  facet normal 0 0 0
    outer loop
      vertex 5.000000 1.000000 7.000000
      vertex 5.000000 0.000000 8.000000
      vertex 5.000000 1.000000 8.000000
    endloop
  endfacet
  facet normal 0 0 0
    outer loop
      vertex 5.000000 0.000000 8.000000
      vertex 6.000000 1.000000 8.000000
      vertex 6.000000 0.000000 8.000000
    endloop
  endfacet
  facet normal 0 0 0
    outer loop
      vertex 5.000000 0.000000 8.000000
      vertex 5.000000 1.000000 8.000000
      vertex 6.000000 1.000000 8.000000
    endloop
  endfacet
  facet normal 0 0 0
    outer loop
      vertex 5.000000 0.000000 9.000000
      vertex 6.000000 0.000000 9.000000
      vertex 6.000000 1.000000 9.000000
    endloop
  endfacet
  facet normal 0 0 0
    outer loop
      vertex 5.000000 0.000000 9.000000
      vertex 6.000000 1.000000 9.000000
      vertex 5.000000 1.000000 9.000000
    endloop
  endfacet
  facet normal 0 0 0
    outer loop
      vertex 5.000000 0.000000 8.000000
      vertex 6.000000 0.000000 8.000000
      vertex 6.000000 0.000000 9.000000
    endloop
  endfacet
  facet normal 0 0 0
    outer loop
      vertex 5.000000 0.000000 8.000000
      vertex 6.000000 0.000000 9.000000
      vertex 5.000000 0.000000 9.000000
    endloop
  endfacet
  facet normal 0 0 0
    outer loop
      vertex 6.000000 1.000000 8.000000
      vertex 5.000000 1.000000 8.000000
      vertex 5.000000 1.000000 9.000000
    endloop
  endfacet
  facet normal 0 0 0
    outer loop
      vertex 6.000000 1.000000 8.000000
      vertex 5.000000 1.000000 9.000000
      vertex 6.000000 1.000000 9.000000
    endloop
  endfacet
  facet normal 0 0 0
    outer loop
      vertex 6.000000 0.000000 8.000000
      vertex 6.000000 1.000000 8.000000
      vertex 6.000000 1.000000 9.000000
    endloop
  endfacet
  facet normal 0 0 0
    outer loop
      vertex 6.000000 0.000000 8.000000
      vertex 6.000000 1.000000 9.000000
      vertex 6.000000 0.000000 9.000000
    endloop
  endfacet
  facet normal 0 0 0
    outer loop
      vertex 5.000000 1.000000 8.000000
      vertex 5.000000 0.000000 8.000000
      vertex 5.000000 0.000000 9.000000
    endloop
  endfacet
  facet normal 0 0 0
    outer loop
      vertex 5.000000 1.000000 8.000000
      vertex 5.000000 0.000000 9.000000
      vertex 5.000000 1.000000 9.000000
    endloop
  endfacet
  facet normal 0 0 0
    outer loop
      vertex 5.000000 1.000000 6.000000
      vertex 6.000000 2.000000 6.000000
      vertex 6.000000 1.000000 6.000000
    endloop
  endfacet
  facet normal 0 0 0
    outer loop
      vertex 5.000000 1.000000 6.000000
      vertex 5.000000 2.000000 6.000000
      vertex 6.000000 2.000000 6.000000
    endloop
  endfacet
  facet normal 0 0 0
    outer loop
      vertex 5.000000 1.000000 7.000000
      vertex 6.000000 1.000000 7.000000
      vertex 6.000000 2.000000 7.000000
    endloop
  endfacet
  facet normal 0 0 0
    outer loop
      vertex 5.000000 1.000000 7.000000
      vertex 6.000000 2.000000 7.000000
      vertex 5.000000 2.000000 7.000000
    endloop
  endfacet
  facet normal 0 0 0
    outer loop
      vertex 5.000000 1.000000 6.000000
      vertex 6.000000 1.000000 6.000000
      vertex 6.000000 1.000000 7.000000
    endloop
  endfacet
  facet normal 0 0 0
    outer loop
      vertex 5.000000 1.000000 6.000000
      vertex 6.000000 1.000000 7.000000
      vertex 5.000000 1.000000 7.000000
    endloop
  endfacet
  facet normal 0 0 0
    outer loop
      vertex 6.000000 2.000000 6.000000
      vertex 5.000000 2.000000 6.000000
      vertex 5.000000 2.000000 7.000000
    endloop
  endfacet
  facet normal 0 0 0
    outer loop
      vertex 6.000000 2.000000 6.000000
      vertex 5.000000 2.000000 7.000000
      vertex 6.000000 2.000000 7.000000
    endloop
  endfacet
  facet normal 0 0 0
    outer loop
      vertex 6.000000 1.000000 6.000000
      vertex 6.000000 2.000000 6.000000
      vertex 6.000000 2.000000 7.000000
    endloop
  endfacet
  facet normal 0 0 0
    outer loop
      vertex 6.000000 1.000000 6.000000
      vertex 6.000000 2.000000 7.000000
      vertex 6.000000 1.000000 7.000000
    endloop
  endfacet
  facet normal 0 0 0
    outer loop
      vertex 5.000000 2.000000 6.000000
      vertex 5.000000 1.000000 6.000000
      vertex 5.000000 1.000000 7.000000
    endloop
  endfacet
  facet normal 0 0 0
    outer loop
      vertex 5.000000 2.000000 6.000000
      vertex 5.000000 1.000000 7.000000
      vertex 5.000000 2.000000 7.000000
    endloop
  endfacet
  facet normal 0 0 0
    outer loop
      vertex 5.000000 1.000000 8.000000
      vertex 6.000000 2.000000 8.000000
      vertex 6.000000 1.000000 8.000000
    endloop
  endfacet
  facet normal 0 0 0
    outer loop
      vertex 5.000000 1.000000 8.000000
      vertex 5.000000 2.000000 8.000000
      vertex 6.000000 2.000000 8.000000
    endloop
  endfacet
  facet normal 0 0 0
    outer loop
      vertex 5.000000 1.000000 9.000000
      vertex 6.000000 1.000000 9.000000
      vertex 6.000000 2.000000 9.000000
    endloop
  endfacet
  facet normal 0 0 0
    outer loop
      vertex 5.000000 1.000000 9.000000
      vertex 6.000000 2.000000 9.000000
      vertex 5.000000 2.000000 9.000000
    endloop
  endfacet
  facet normal 0 0 0
    outer loop
      vertex 5.000000 1.000000 8.000000
      vertex 6.000000 1.000000 8.000000
      vertex 6.000000 1.000000 9.000000
    endloop
  endfacet
  facet normal 0 0 0
    outer loop
      vertex 5.000000 1.000000 8.000000
      vertex 6.000000 1.000000 9.000000
      vertex 5.000000 1.000000 9.000000
    endloop
  endfacet
  facet normal 0 0 0
    outer loop
      vertex 6.000000 2.000000 8.000000
      vertex 5.000000 2.000000 8.000000
      vertex 5.000000 2.000000 9.000000
    endloop
  endfacet
  facet normal 0 0 0
    outer loop
      vertex 6.000000 2.000000 8.000000
      vertex 5.000000 2.000000 9.000000
      vertex 6.000000 2.000000 9.000000
    endloop
  endfacet
  facet normal 0 0 0
    outer loop
      vertex 6.000000 1.000000 8.000000
      vertex 6.000000 2.000000 8.000000
      vertex 6.000000 2.000000 9.000000
    endloop
  endfacet
  facet normal 0 0 0
    outer loop
      vertex 6.000000 1.000000 8.000000
      vertex 6.000000 2.000000 9.000000
      vertex 6.000000 1.000000 9.000000
    endloop
  endfacet
  facet normal 0 0 0
    outer loop
      vertex 5.000000 2.000000 8.000000
      vertex 5.000000 1.000000 8.000000
      vertex 5.000000 1.000000 9.000000
    endloop
  endfacet
  facet normal 0 0 0
    outer loop
      vertex 5.000000 2.000000 8.000000
      vertex 5.000000 1.000000 9.000000
      vertex 5.000000 2.000000 9.000000
    endloop
  endfacet
  facet normal 0 0 0
    outer loop
      vertex 5.000000 2.000000 6.000000
      vertex 6.000000 3.000000 6.000000
      vertex 6.000000 2.000000 6.000000
    endloop
  endfacet
  facet normal 0 0 0
    outer loop
      vertex 5.000000 2.000000 6.000000
      vertex 5.000000 3.000000 6.000000
      vertex 6.000000 3.000000 6.000000
    endloop
  endfacet
  facet normal 0 0 0
    outer loop
      vertex 5.000000 2.000000 7.000000
      vertex 6.000000 2.000000 7.000000
      vertex 6.000000 3.000000 7.000000
    endloop
  endfacet
  facet normal 0 0 0
    outer loop
      vertex 5.000000 2.000000 7.000000
      vertex 6.000000 3.000000 7.000000
      vertex 5.000000 3.000000 7.000000
    endloop
  endfacet
  facet normal 0 0 0
    outer loop
      vertex 5.000000 2.000000 6.000000
      vertex 6.000000 2.000000 6.000000
      vertex 6.000000 2.000000 7.000000
    endloop
  endfacet
  facet normal 0 0 0
    outer loop
      vertex 5.000000 2.000000 6.000000
      vertex 6.000000 2.000000 7.000000
      vertex 5.000000 2.000000 7.000000
    endloop
  endfacet
  facet normal 0 0 0
    outer loop
      vertex 6.000000 3.000000 6.000000
      vertex 5.000000 3.000000 6.000000
      vertex 5.000000 3.000000 7.000000
    endloop
  endfacet
  facet normal 0 0 0
    outer loop
      vertex 6.000000 3.000000 6.000000
      vertex 5.000000 3.000000 7.000000
      vertex 6.000000 3.000000 7.000000
    endloop
  endfacet
  facet normal 0 0 0
    outer loop
      vertex 6.000000 2.000000 6.000000
      vertex 6.000000 3.000000 6.000000
      vertex 6.000000 3.000000 7.000000
    endloop
  endfacet
  facet normal 0 0 0
    outer loop
      vertex 6.000000 2.000000 6.000000
      vertex 6.000000 3.000000 7.000000
      vertex 6.000000 2.000000 7.000000
    endloop
  endfacet
  facet normal 0 0 0
    outer loop
      vertex 5.000000 3.000000 6.000000
      vertex 5.000000 2.000000 6.000000
      vertex 5.000000 2.000000 7.000000
    endloop
  endfacet
  facet normal 0 0 0
    outer loop
      vertex 5.000000 3.000000 6.000000
      vertex 5.000000 2.000000 7.000000
      vertex 5.000000 3.000000 7.000000
    endloop
  endfacet
  facet normal 0 0 0
    outer loop
      vertex 5.000000 2.000000 7.000000
      vertex 6.000000 3.000000 7.000000
      vertex 6.000000 2.000000 7.000000
    endloop
  endfacet
  facet normal 0 0 0
    outer loop
      vertex 5.000000 2.000000 7.000000
      vertex 5.000000 3.000000 7.000000
      vertex 6.000000 3.000000 7.000000
    endloop
  endfacet
  facet normal 0 0 0
    outer loop
      vertex 5.000000 2.000000 8.000000
      vertex 6.000000 2.000000 8.000000
      vertex 6.000000 3.000000 8.000000
    endloop
  endfacet
  facet normal 0 0 0
    outer loop
      vertex 5.000000 2.000000 8.000000
      vertex 6.000000 3.000000 8.000000
      vertex 5.000000 3.000000 8.000000
    endloop
  endfacet
  facet normal 0 0 0
    outer loop
      vertex 5.000000 2.000000 7.000000
      vertex 6.000000 2.000000 7.000000
      vertex 6.000000 2.000000 8.000000
    endloop
  endfacet
  facet normal 0 0 0
    outer loop
      vertex 5.000000 2.000000 7.000000
      vertex 6.000000 2.000000 8.000000
      vertex 5.000000 2.000000 8.000000
    endloop
  endfacet
  facet normal 0 0 0
    outer loop
      vertex 6.000000 3.000000 7.000000
      vertex 5.000000 3.000000 7.000000
      vertex 5.000000 3.000000 8.000000
    endloop
  endfacet
  facet normal 0 0 0
    outer loop
      vertex 6.000000 3.000000 7.000000
      vertex 5.000000 3.000000 8.000000
      vertex 6.000000 3.000000 8.000000
    endloop
  endfacet
  facet normal 0 0 0
    outer loop
      vertex 6.000000 2.000000 7.000000
      vertex 6.000000 3.000000 7.000000
      vertex 6.000000 3.000000 8.000000
    endloop
  endfacet
  facet normal 0 0 0
    outer loop
      vertex 6.000000 2.000000 7.000000
      vertex 6.000000 3.000000 8.000000
      vertex 6.000000 2.000000 8.000000
    endloop
  endfacet
  facet normal 0 0 0
    outer loop
      vertex 5.000000 3.000000 7.000000
      vertex 5.000000 2.000000 7.000000
      vertex 5.000000 2.000000 8.000000
    endloop
  endfacet
  facet normal 0 0 0
    outer loop
      vertex 5.000000 3.000000 7.000000
      vertex 5.000000 2.000000 8.000000
      vertex 5.000000 3.000000 8.000000
    endloop
  endfacet
  facet normal 0 0 0
    outer loop
      vertex 5.000000 2.000000 8.000000
      vertex 6.000000 3.000000 8.000000
      vertex 6.000000 2.000000 8.000000
    endloop
  endfacet
  facet normal 0 0 0
    outer loop
      vertex 5.000000 2.000000 8.000000
      vertex 5.000000 3.000000 8.000000
      vertex 6.000000 3.000000 8.000000
    endloop
  endfacet
  facet normal 0 0 0
    outer loop
      vertex 5.000000 2.000000 9.000000
      vertex 6.000000 2.000000 9.000000
      vertex 6.000000 3.000000 9.000000
    endloop
  endfacet
  facet normal 0 0 0
    outer loop
      vertex 5.000000 2.000000 9.000000
      vertex 6.000000 3.000000 9.000000
      vertex 5.000000 3.000000 9.000000
    endloop
  endfacet
  facet normal 0 0 0
    outer loop
      vertex 5.000000 2.000000 8.000000
      vertex 6.000000 2.000000 8.000000
      vertex 6.000000 2.000000 9.000000
    endloop
  endfacet
  facet normal 0 0 0
    outer loop
      vertex 5.000000 2.000000 8.000000
      vertex 6.000000 2.000000 9.000000
      vertex 5.000000 2.000000 9.000000
    endloop
  endfacet
  facet normal 0 0 0
    outer loop
      vertex 6.000000 3.000000 8.000000
      vertex 5.000000 3.000000 8.000000
      vertex 5.000000 3.000000 9.000000
    endloop
  endfacet
  facet normal 0 0 0
    outer loop
      vertex 6.000000 3.000000 8.000000
      vertex 5.000000 3.000000 9.000000
      vertex 6.000000 3.000000 9.000000
    endloop
  endfacet
  facet normal 0 0 0
    outer loop
      vertex 6.000000 2.000000 8.000000
      vertex 6.000000 3.000000 8.000000
      vertex 6.000000 3.000000 9.000000
    endloop
  endfacet
  facet normal 0 0 0
    outer loop
      vertex 6.000000 2.000000 8.000000
      vertex 6.000000 3.000000 9.000000
      vertex 6.000000 2.000000 9.000000
    endloop
  endfacet
  facet normal 0 0 0
    outer loop
      vertex 5.000000 3.000000 8.000000
      vertex 5.000000 2.000000 8.000000
      vertex 5.000000 2.000000 9.000000
    endloop
  endfacet
  facet normal 0 0 0
    outer loop
      vertex 5.000000 3.000000 8.000000
      vertex 5.000000 2.000000 9.000000
      vertex 5.000000 3.000000 9.000000
    endloop
  endfacet
  facet normal 0 0 0
    outer loop
      vertex 3.000000 6.000000 0.000000
      vertex 4.000000 7.000000 0.000000
      vertex 4.000000 6.000000 0.000000
    endloop
  endfacet
  facet normal 0 0 0
    outer loop
      vertex 3.000000 6.000000 0.000000
      vertex 3.000000 7.000000 0.000000
      vertex 4.000000 7.000000 0.000000
    endloop
  endfacet
  facet normal 0 0 0
    outer loop
      vertex 3.000000 6.000000 1.000000
      vertex 4.000000 6.000000 1.000000
      vertex 4.000000 7.000000 1.000000
    endloop
  endfacet
  facet normal 0 0 0
    outer loop
      vertex 3.000000 6.000000 1.000000
      vertex 4.000000 7.000000 1.000000
      vertex 3.000000 7.000000 1.000000
    endloop
  endfacet
  facet normal 0 0 0
    outer loop
      vertex 3.000000 6.000000 0.000000
      vertex 4.000000 6.000000 0.000000
      vertex 4.000000 6.000000 1.000000
    endloop
  endfacet
  facet normal 0 0 0
    outer loop
      vertex 3.000000 6.000000 0.000000
      vertex 4.000000 6.000000 1.000000
      vertex 3.000000 6.000000 1.000000
    endloop
  endfacet
  facet normal 0 0 0
    outer loop
      vertex 4.000000 7.000000 0.000000
      vertex 3.000000 7.000000 0.000000
      vertex 3.000000 7.000000 1.000000
    endloop
  endfacet
  facet normal 0 0 0
    outer loop
      vertex 4.000000 7.000000 0.000000
      vertex 3.000000 7.000000 1.000000
      vertex 4.000000 7.000000 1.000000
    endloop
  endfacet
  facet normal 0 0 0
    outer loop
      vertex 4.000000 6.000000 0.000000
      vertex 4.000000 7.000000 0.000000
      vertex 4.000000 7.000000 1.000000
    endloop
  endfacet
  facet normal 0 0 0
    outer loop
      vertex 4.000000 6.000000 0.000000
      vertex 4.000000 7.000000 1.000000
      vertex 4.000000 6.000000 1.000000
    endloop
  endfacet
  facet normal 0 0 0
    outer loop
      vertex 3.000000 7.000000 0.000000
      vertex 3.000000 6.000000 0.000000
      vertex 3.000000 6.000000 1.000000
    endloop
  endfacet
  facet normal 0 0 0
    outer loop
      vertex 3.000000 7.000000 0.000000
      vertex 3.000000 6.000000 1.000000
      vertex 3.000000 7.000000 1.000000
    endloop
  endfacet
  facet normal 0 0 0
    outer loop
      vertex 3.000000 6.000000 1.000000
      vertex 4.000000 7.000000 1.000000
      vertex 4.000000 6.000000 1.000000
    endloop
  endfacet
  facet normal 0 0 0
    outer loop
      vertex 3.000000 6.000000 1.000000
      vertex 3.000000 7.000000 1.000000
      vertex 4.000000 7.000000 1.000000
    endloop
  endfacet
  facet normal 0 0 0
    outer loop
      vertex 3.000000 6.000000 2.000000
      vertex 4.000000 6.000000 2.000000
      vertex 4.000000 7.000000 2.000000
    endloop
  endfacet
  facet normal 0 0 0
    outer loop
      vertex 3.000000 6.000000 2.000000
      vertex 4.000000 7.000000 2.000000
      vertex 3.000000 7.000000 2.000000
    endloop
  endfacet
  facet normal 0 0 0
    outer loop
      vertex 3.000000 6.000000 1.000000
      vertex 4.000000 6.000000 1.000000
      vertex 4.000000 6.000000 2.000000
    endloop
  endfacet
  facet normal 0 0 0
    outer loop
      vertex 3.000000 6.000000 1.000000
      vertex 4.000000 6.000000 2.000000
      vertex 3.000000 6.000000 2.000000
    endloop
  endfacet
  facet normal 0 0 0
    outer loop
      vertex 4.000000 7.000000 1.000000
      vertex 3.000000 7.000000 1.000000
      vertex 3.000000 7.000000 2.000000
    endloop
  endfacet
  facet normal 0 0 0
    outer loop
      vertex 4.000000 7.000000 1.000000
      vertex 3.000000 7.000000 2.000000
      vertex 4.000000 7.000000 2.000000
    endloop
  endfacet
  facet normal 0 0 0
    outer loop
      vertex 4.000000 6.000000 1.000000
      vertex 4.000000 7.000000 1.000000
      vertex 4.000000 7.000000 2.000000
    endloop
  endfacet
  facet normal 0 0 0
    outer loop
      vertex 4.000000 6.000000 1.000000
      vertex 4.000000 7.000000 2.000000
      vertex 4.000000 6.000000 2.000000
    endloop
  endfacet
  facet normal 0 0 0
    outer loop
      vertex 3.000000 7.000000 1.000000
      vertex 3.000000 6.000000 1.000000
      vertex 3.000000 6.000000 2.000000
    endloop
  endfacet
  facet normal 0 0 0
    outer loop
      vertex 3.000000 7.000000 1.000000
      vertex 3.000000 6.000000 2.000000
      vertex 3.000000 7.000000 2.000000
    endloop
  endfacet
  facet normal 0 0 0
    outer loop
      vertex 3.000000 6.000000 2.000000
      vertex 4.000000 7.000000 2.000000
      vertex 4.000000 6.000000 2.000000
    endloop
  endfacet
  facet normal 0 0 0
    outer loop
      vertex 3.000000 6.000000 2.000000
      vertex 3.000000 7.000000 2.000000
      vertex 4.000000 7.000000 2.000000
    endloop
  endfacet
  facet normal 0 0 0
    outer loop
      vertex 3.000000 6.000000 3.000000
      vertex 4.000000 6.000000 3.000000
      vertex 4.000000 7.000000 3.000000
    endloop
  endfacet
  facet normal 0 0 0
    outer loop
      vertex 3.000000 6.000000 3.000000
      vertex 4.000000 7.000000 3.000000
      vertex 3.000000 7.000000 3.000000
    endloop
  endfacet
  facet normal 0 0 0
    outer loop
      vertex 3.000000 6.000000 2.000000
      vertex 4.000000 6.000000 2.000000
      vertex 4.000000 6.000000 3.000000
    endloop
  endfacet
  facet normal 0 0 0
    outer loop
      vertex 3.000000 6.000000 2.000000
      vertex 4.000000 6.000000 3.000000
      vertex 3.000000 6.000000 3.000000
    endloop
  endfacet
  facet normal 0 0 0
    outer loop
      vertex 4.000000 7.000000 2.000000
      vertex 3.000000 7.000000 2.000000
      vertex 3.000000 7.000000 3.000000
    endloop
  endfacet
  facet normal 0 0 0
    outer loop
      vertex 4.000000 7.000000 2.000000
      vertex 3.000000 7.000000 3.000000
      vertex 4.000000 7.000000 3.000000
    endloop
  endfacet
  facet normal 0 0 0
    outer loop
      vertex 4.000000 6.000000 2.000000
      vertex 4.000000 7.000000 2.000000
      vertex 4.000000 7.000000 3.000000
    endloop
  endfacet
  facet normal 0 0 0
    outer loop
      vertex 4.000000 6.000000 2.000000
      vertex 4.000000 7.000000 3.000000
      vertex 4.000000 6.000000 3.000000
    endloop
  endfacet
  facet normal 0 0 0
    outer loop
      vertex 3.000000 7.000000 2.000000
      vertex 3.000000 6.000000 2.000000
      vertex 3.000000 6.000000 3.000000
    endloop
  endfacet
  facet normal 0 0 0
    outer loop
      vertex 3.000000 7.000000 2.000000
      vertex 3.000000 6.000000 3.000000
      vertex 3.000000 7.000000 3.000000
    endloop
  endfacet
  facet normal 0 0 0
    outer loop
      vertex 3.000000 7.000000 0.000000
      vertex 4.000000 8.000000 0.000000
      vertex 4.000000 7.000000 0.000000
    endloop
  endfacet
  facet normal 0 0 0
    outer loop
      vertex 3.000000 7.000000 0.000000
      vertex 3.000000 8.000000 0.000000
      vertex 4.000000 8.000000 0.000000
    endloop
  endfacet
  facet normal 0 0 0
    outer loop
      vertex 3.000000 7.000000 1.000000
      vertex 4.000000 7.000000 1.000000
      vertex 4.000000 8.000000 1.000000
    endloop
  endfacet
  facet normal 0 0 0
    outer loop
      vertex 3.000000 7.000000 1.000000
      vertex 4.000000 8.000000 1.000000
      vertex 3.000000 8.000000 1.000000
    endloop
  endfacet
  facet normal 0 0 0
    outer loop
      vertex 3.000000 7.000000 0.000000
      vertex 4.000000 7.000000 0.000000
      vertex 4.000000 7.000000 1.000000
    endloop
  endfacet
  facet normal 0 0 0
    outer loop
      vertex 3.000000 7.000000 0.000000
      vertex 4.000000 7.000000 1.000000
      vertex 3.000000 7.000000 1.000000
    endloop
  endfacet
  facet normal 0 0 0
    outer loop
      vertex 4.000000 8.000000 0.000000
      vertex 3.000000 8.000000 0.000000
      vertex 3.000000 8.000000 1.000000
    endloop
  endfacet
  facet normal 0 0 0
    outer loop
      vertex 4.000000 8.000000 0.000000
      vertex 3.000000 8.000000 1.000000
      vertex 4.000000 8.000000 1.000000
    endloop
  endfacet
  facet normal 0 0 0
    outer loop
      vertex 4.000000 7.000000 0.000000
      vertex 4.000000 8.000000 0.000000
      vertex 4.000000 8.000000 1.000000
    endloop
  endfacet
  facet normal 0 0 0
    outer loop
      vertex 4.000000 7.000000 0.000000
      vertex 4.000000 8.000000 1.000000
      vertex 4.000000 7.000000 1.000000
    endloop
  endfacet
  facet normal 0 0 0
    outer loop
      vertex 3.000000 8.000000 0.000000
      vertex 3.000000 7.000000 0.000000
      vertex 3.000000 7.000000 1.000000
    endloop
  endfacet
  facet normal 0 0 0
    outer loop
      vertex 3.000000 8.000000 0.000000
      vertex 3.000000 7.000000 1.000000
      vertex 3.000000 8.000000 1.000000
    endloop
  endfacet
  facet normal 0 0 0
    outer loop
      vertex 3.000000 7.000000 2.000000
      vertex 4.000000 8.000000 2.000000
      vertex 4.000000 7.000000 2.000000
    endloop
  endfacet
  facet normal 0 0 0
    outer loop
      vertex 3.000000 7.000000 2.000000
      vertex 3.000000 8.000000 2.000000
      vertex 4.000000 8.000000 2.000000
    endloop
  endfacet
  facet normal 0 0 0
    outer loop
      vertex 3.000000 7.000000 3.000000
      vertex 4.000000 7.000000 3.000000
      vertex 4.000000 8.000000 3.000000
    endloop
  endfacet
  facet normal 0 0 0
    outer loop
      vertex 3.000000 7.000000 3.000000
      vertex 4.000000 8.000000 3.000000
      vertex 3.000000 8.000000 3.000000
    endloop
  endfacet
  facet normal 0 0 0
    outer loop
      vertex 3.000000 7.000000 2.000000
      vertex 4.000000 7.000000 2.000000
      vertex 4.000000 7.000000 3.000000
    endloop
  endfacet
  facet normal 0 0 0
    outer loop
      vertex 3.000000 7.000000 2.000000
      vertex 4.000000 7.000000 3.000000
      vertex 3.000000 7.000000 3.000000
    endloop
  endfacet
  facet normal 0 0 0
    outer loop
      vertex 4.000000 8.000000 2.000000
      vertex 3.000000 8.000000 2.000000
      vertex 3.000000 8.000000 3.000000
    endloop
  endfacet
  facet normal 0 0 0
    outer loop
      vertex 4.000000 8.000000 2.000000
      vertex 3.000000 8.000000 3.000000
      vertex 4.000000 8.000000 3.000000
    endloop
  endfacet
  facet normal 0 0 0
    outer loop
      vertex 4.000000 7.000000 2.000000
      vertex 4.000000 8.000000 2.000000
      vertex 4.000000 8.000000 3.000000
    endloop
  endfacet
  facet normal 0 0 0
    outer loop
      vertex 4.000000 7.000000 2.000000
      vertex 4.000000 8.000000 3.000000
      vertex 4.000000 7.000000 3.000000
    endloop
  endfacet
  facet normal 0 0 0
    outer loop
      vertex 3.000000 8.000000 2.000000
      vertex 3.000000 7.000000 2.000000
      vertex 3.000000 7.000000 3.000000
    endloop
  endfacet
  facet normal 0 0 0
    outer loop
      vertex 3.000000 8.000000 2.000000
      vertex 3.000000 7.000000 3.000000
      vertex 3.000000 8.000000 3.000000
    endloop
  endfacet
  facet normal 0 0 0
    outer loop
      vertex 3.000000 8.000000 0.000000
      vertex 4.000000 9.000000 0.000000
      vertex 4.000000 8.000000 0.000000
    endloop
  endfacet
  facet normal 0 0 0
    outer loop
      vertex 3.000000 8.000000 0.000000
      vertex 3.000000 9.000000 0.000000
      vertex 4.000000 9.000000 0.000000
    endloop
  endfacet
  facet normal 0 0 0
    outer loop
      vertex 3.000000 8.000000 1.000000
      vertex 4.000000 8.000000 1.000000
      vertex 4.000000 9.000000 1.000000
    endloop
  endfacet
  facet normal 0 0 0
    outer loop
      vertex 3.000000 8.000000 1.000000
      vertex 4.000000 9.000000 1.000000
      vertex 3.000000 9.000000 1.000000
    endloop
  endfacet
  facet normal 0 0 0
    outer loop
      vertex 3.000000 8.000000 0.000000
      vertex 4.000000 8.000000 0.000000
      vertex 4.000000 8.000000 1.000000
    endloop
  endfacet
  facet normal 0 0 0
    outer loop
      vertex 3.000000 8.000000 0.000000
      vertex 4.000000 8.000000 1.000000
      vertex 3.000000 8.000000 1.000000
    endloop
  endfacet
  facet normal 0 0 0
    outer loop
      vertex 4.000000 9.000000 0.000000
      vertex 3.000000 9.000000 0.000000
      vertex 3.000000 9.000000 1.000000
    endloop
  endfacet
  facet normal 0 0 0
    outer loop
      vertex 4.000000 9.000000 0.000000
      vertex 3.000000 9.000000 1.000000
      vertex 4.000000 9.000000 1.000000
    endloop
  endfacet
  facet normal 0 0 0
    outer loop
      vertex 4.000000 8.000000 0.000000
      vertex 4.000000 9.000000 0.000000
      vertex 4.000000 9.000000 1.000000
    endloop
  endfacet
  facet normal 0 0 0
    outer loop
      vertex 4.000000 8.000000 0.000000
      vertex 4.000000 9.000000 1.000000
      vertex 4.000000 8.000000 1.000000
    endloop
  endfacet
  facet normal 0 0 0
    outer loop
      vertex 3.000000 9.000000 0.000000
      vertex 3.000000 8.000000 0.000000
      vertex 3.000000 8.000000 1.000000
    endloop
  endfacet
  facet normal 0 0 0
    outer loop
      vertex 3.000000 9.000000 0.000000
      vertex 3.000000 8.000000 1.000000
      vertex 3.000000 9.000000 1.000000
    endloop
  endfacet
  facet normal 0 0 0
    outer loop
      vertex 3.000000 8.000000 1.000000
      vertex 4.000000 9.000000 1.000000
      vertex 4.000000 8.000000 1.000000
    endloop
  endfacet
  facet normal 0 0 0
    outer loop
      vertex 3.000000 8.000000 1.000000
      vertex 3.000000 9.000000 1.000000
      vertex 4.000000 9.000000 1.000000
    endloop
  endfacet
  facet normal 0 0 0
    outer loop
      vertex 3.000000 8.000000 2.000000
      vertex 4.000000 8.000000 2.000000
      vertex 4.000000 9.000000 2.000000
    endloop
  endfacet
  facet normal 0 0 0
    outer loop
      vertex 3.000000 8.000000 2.000000
      vertex 4.000000 9.000000 2.000000
      vertex 3.000000 9.000000 2.000000
    endloop
  endfacet
  facet normal 0 0 0
    outer loop
      vertex 3.000000 8.000000 1.000000
      vertex 4.000000 8.000000 1.000000
      vertex 4.000000 8.000000 2.000000
    endloop
  endfacet
  facet normal 0 0 0
    outer loop
      vertex 3.000000 8.000000 1.000000
      vertex 4.000000 8.000000 2.000000
      vertex 3.000000 8.000000 2.000000
    endloop
  endfacet
  facet normal 0 0 0
    outer loop
      vertex 4.000000 9.000000 1.000000
      vertex 3.000000 9.000000 1.000000
      vertex 3.000000 9.000000 2.000000
    endloop
  endfacet
  facet normal 0 0 0
    outer loop
      vertex 4.000000 9.000000 1.000000
      vertex 3.000000 9.000000 2.000000
      vertex 4.000000 9.000000 2.000000
    endloop
  endfacet
  facet normal 0 0 0
    outer loop
      vertex 4.000000 8.000000 1.000000
      vertex 4.000000 9.000000 1.000000
      vertex 4.000000 9.000000 2.000000
    endloop
  endfacet
  facet normal 0 0 0
    outer loop
      vertex 4.000000 8.000000 1.000000
      vertex 4.000000 9.000000 2.000000
      vertex 4.000000 8.000000 2.000000
    endloop
  endfacet
  facet normal 0 0 0
    outer loop
      vertex 3.000000 9.000000 1.000000
      vertex 3.000000 8.000000 1.000000
      vertex 3.000000 8.000000 2.000000
    endloop
  endfacet
  facet normal 0 0 0
    outer loop
      vertex 3.000000 9.000000 1.000000
      vertex 3.000000 8.000000 2.000000
      vertex 3.000000 9.000000 2.000000
    endloop
  endfacet
  facet normal 0 0 0
    outer loop
      vertex 3.000000 8.000000 2.000000
      vertex 4.000000 9.000000 2.000000
      vertex 4.000000 8.000000 2.000000
    endloop
  endfacet
  facet normal 0 0 0
    outer loop
      vertex 3.000000 8.000000 2.000000
      vertex 3.000000 9.000000 2.000000
      vertex 4.000000 9.000000 2.000000
    endloop
  endfacet
  facet normal 0 0 0
    outer loop
      vertex 3.000000 8.000000 3.000000
      vertex 4.000000 8.000000 3.000000
      vertex 4.000000 9.000000 3.000000
    endloop
  endfacet
  facet normal 0 0 0
    outer loop
      vertex 3.000000 8.000000 3.000000
      vertex 4.000000 9.000000 3.000000
      vertex 3.000000 9.000000 3.000000
    endloop
  endfacet
  facet normal 0 0 0
    outer loop
      vertex 3.000000 8.000000 2.000000
      vertex 4.000000 8.000000 2.000000
      vertex 4.000000 8.000000 3.000000
    endloop
  endfacet
  facet normal 0 0 0
    outer loop
      vertex 3.000000 8.000000 2.000000
      vertex 4.000000 8.000000 3.000000
      vertex 3.000000 8.000000 3.000000
    endloop
  endfacet
  facet normal 0 0 0
    outer loop
      vertex 4.000000 9.000000 2.000000
      vertex 3.000000 9.000000 2.000000
      vertex 3.000000 9.000000 3.000000
    endloop
  endfacet
  facet normal 0 0 0
    outer loop
      vertex 4.000000 9.000000 2.000000
      vertex 3.000000 9.000000 3.000000
      vertex 4.000000 9.000000 3.000000
    endloop
  endfacet
  facet normal 0 0 0
    outer loop
      vertex 4.000000 8.000000 2.000000
      vertex 4.000000 9.000000 2.000000
      vertex 4.000000 9.000000 3.000000
    endloop
  endfacet
  facet normal 0 0 0
    outer loop
      vertex 4.000000 8.000000 2.000000
      vertex 4.000000 9.000000 3.000000
      vertex 4.000000 8.000000 3.000000
    endloop
  endfacet
  facet normal 0 0 0
    outer loop
      vertex 3.000000 9.000000 2.000000
      vertex 3.000000 8.000000 2.000000
      vertex 3.000000 8.000000 3.000000
    endloop
  endfacet
  facet normal 0 0 0
    outer loop
      vertex 3.000000 9.000000 2.000000
      vertex 3.000000 8.000000 3.000000
      vertex 3.000000 9.000000 3.000000
    endloop
  endfacet
  facet normal 0 0 0
    outer loop
      vertex 4.000000 6.000000 0.000000
      vertex 5.000000 7.000000 0.000000
      vertex 5.000000 6.000000 0.000000
    endloop
  endfacet
  facet normal 0 0 0
    outer loop
      vertex 4.000000 6.000000 0.000000
      vertex 4.000000 7.000000 0.000000
      vertex 5.000000 7.000000 0.000000
    endloop
  endfacet
  facet normal 0 0 0
    outer loop
      vertex 4.000000 6.000000 1.000000
      vertex 5.000000 6.000000 1.000000
      vertex 5.000000 7.000000 1.000000
    endloop
  endfacet
  facet normal 0 0 0
    outer loop
      vertex 4.000000 6.000000 1.000000
      vertex 5.000000 7.000000 1.000000
      vertex 4.000000 7.000000 1.000000
    endloop
  endfacet
  facet normal 0 0 0
    outer loop
      vertex 4.000000 6.000000 0.000000
      vertex 5.000000 6.000000 0.000000
      vertex 5.000000 6.000000 1.000000
    endloop
  endfacet
  facet normal 0 0 0
    outer loop
      vertex 4.000000 6.000000 0.000000
      vertex 5.000000 6.000000 1.000000
      vertex 4.000000 6.000000 1.000000
    endloop
  endfacet
  facet normal 0 0 0
    outer loop
      vertex 5.000000 7.000000 0.000000
      vertex 4.000000 7.000000 0.000000
      vertex 4.000000 7.000000 1.000000
    endloop
  endfacet
  facet normal 0 0 0
    outer loop
      vertex 5.000000 7.000000 0.000000
      vertex 4.000000 7.000000 1.000000
      vertex 5.000000 7.000000 1.000000
    endloop
  endfacet
  facet normal 0 0 0
    outer loop
      vertex 5.000000 6.000000 0.000000
      vertex 5.000000 7.000000 0.000000
      vertex 5.000000 7.000000 1.000000
    endloop
  endfacet
  facet normal 0 0 0
    outer loop
      vertex 5.000000 6.000000 0.000000
      vertex 5.000000 7.000000 1.000000
      vertex 5.000000 6.000000 1.000000
    endloop
  endfacet
  facet normal 0 0 0
    outer loop
      vertex 4.000000 7.000000 0.000000
      vertex 4.000000 6.000000 0.000000
      vertex 4.000000 6.000000 1.000000
    endloop
  endfacet
  facet normal 0 0 0
    outer loop
      vertex 4.000000 7.000000 0.000000
      vertex 4.000000 6.000000 1.000000
      vertex 4.000000 7.000000 1.000000
    endloop
  endfacet
  facet normal 0 0 0
    outer loop
      vertex 4.000000 6.000000 2.000000
      vertex 5.000000 7.000000 2.000000
      vertex 5.000000 6.000000 2.000000
    endloop
  endfacet
  facet normal 0 0 0
    outer loop
      vertex 4.000000 6.000000 2.000000
      vertex 4.000000 7.000000 2.000000
      vertex 5.000000 7.000000 2.000000
    endloop
  endfacet
  facet normal 0 0 0
    outer loop
      vertex 4.000000 6.000000 3.000000
      vertex 5.000000 6.000000 3.000000
      vertex 5.000000 7.000000 3.000000
    endloop
  endfacet
  facet normal 0 0 0
    outer loop
      vertex 4.000000 6.000000 3.000000
      vertex 5.000000 7.000000 3.000000
      vertex 4.000000 7.000000 3.000000
    endloop
  endfacet
  facet normal 0 0 0
    outer loop
      vertex 4.000000 6.000000 2.000000
      vertex 5.000000 6.000000 2.000000
      vertex 5.000000 6.000000 3.000000
    endloop
  endfacet
  facet normal 0 0 0
    outer loop
      vertex 4.000000 6.000000 2.000000
      vertex 5.000000 6.000000 3.000000
      vertex 4.000000 6.000000 3.000000
    endloop
  endfacet
  facet normal 0 0 0
    outer loop
      vertex 5.000000 7.000000 2.000000
      vertex 4.000000 7.000000 2.000000
      vertex 4.000000 7.000000 3.000000
    endloop
  endfacet
  facet normal 0 0 0
    outer loop
      vertex 5.000000 7.000000 2.000000
      vertex 4.000000 7.000000 3.000000
      vertex 5.000000 7.000000 3.000000
    endloop
  endfacet
  facet normal 0 0 0
    outer loop
      vertex 5.000000 6.000000 2.000000
      vertex 5.000000 7.000000 2.000000
      vertex 5.000000 7.000000 3.000000
    endloop
  endfacet
  facet normal 0 0 0
    outer loop
      vertex 5.000000 6.000000 2.000000
      vertex 5.000000 7.000000 3.000000
      vertex 5.000000 6.000000 3.000000
    endloop
  endfacet
  facet normal 0 0 0
    outer loop
      vertex 4.000000 7.000000 2.000000
      vertex 4.000000 6.000000 2.000000
      vertex 4.000000 6.000000 3.000000
    endloop
  endfacet
  facet normal 0 0 0
    outer loop
      vertex 4.000000 7.000000 2.000000
      vertex 4.000000 6.000000 3.000000
      vertex 4.000000 7.000000 3.000000
    endloop
  endfacet
  facet normal 0 0 0
    outer loop
      vertex 4.000000 8.000000 0.000000
      vertex 5.000000 9.000000 0.000000
      vertex 5.000000 8.000000 0.000000
    endloop
  endfacet
  facet normal 0 0 0
    outer loop
      vertex 4.000000 8.000000 0.000000
      vertex 4.000000 9.000000 0.000000
      vertex 5.000000 9.000000 0.000000
    endloop
  endfacet
  facet normal 0 0 0
    outer loop
      vertex 4.000000 8.000000 1.000000
      vertex 5.000000 8.000000 1.000000
      vertex 5.000000 9.000000 1.000000
    endloop
  endfacet
  facet normal 0 0 0
    outer loop
      vertex 4.000000 8.000000 1.000000
      vertex 5.000000 9.000000 1.000000
      vertex 4.000000 9.000000 1.000000
    endloop
  endfacet
  facet normal 0 0 0
    outer loop
      vertex 4.000000 8.000000 0.000000
      vertex 5.000000 8.000000 0.000000
      vertex 5.000000 8.000000 1.000000
    endloop
  endfacet
  facet normal 0 0 0
    outer loop
      vertex 4.000000 8.000000 0.000000
      vertex 5.000000 8.000000 1.000000
      vertex 4.000000 8.000000 1.000000
    endloop
  endfacet
  facet normal 0 0 0
    outer loop
      vertex 5.000000 9.000000 0.000000
      vertex 4.000000 9.000000 0.000000
      vertex 4.000000 9.000000 1.000000
    endloop
  endfacet
  facet normal 0 0 0
    outer loop
      vertex 5.000000 9.000000 0.000000
      vertex 4.000000 9.000000 1.000000
      vertex 5.000000 9.000000 1.000000
    endloop
  endfacet
  facet normal 0 0 0
    outer loop
      vertex 5.000000 8.000000 0.000000
      vertex 5.000000 9.000000 0.000000
      vertex 5.000000 9.000000 1.000000
    endloop
  endfacet
  facet normal 0 0 0
    outer loop
      vertex 5.000000 8.000000 0.000000
      vertex 5.000000 9.000000 1.000000
      vertex 5.000000 8.000000 1.000000
    endloop
  endfacet
  facet normal 0 0 0
    outer loop
      vertex 4.000000 9.000000 0.000000
      vertex 4.000000 8.000000 0.000000
      vertex 4.000000 8.000000 1.000000
    endloop
  endfacet
  facet normal 0 0 0
    outer loop
      vertex 4.000000 9.000000 0.000000
      vertex 4.000000 8.000000 1.000000
      vertex 4.000000 9.000000 1.000000
    endloop
  endfacet
  facet normal 0 0 0
    outer loop
      vertex 4.000000 8.000000 2.000000
      vertex 5.000000 9.000000 2.000000
      vertex 5.000000 8.000000 2.000000
    endloop
  endfacet
  facet normal 0 0 0
    outer loop
      vertex 4.000000 8.000000 2.000000
      vertex 4.000000 9.000000 2.000000
      vertex 5.000000 9.000000 2.000000
    endloop
  endfacet
  facet normal 0 0 0
    outer loop
      vertex 4.000000 8.000000 3.000000
      vertex 5.000000 8.000000 3.000000
      vertex 5.000000 9.000000 3.000000
    endloop
  endfacet
  facet normal 0 0 0
    outer loop
      vertex 4.000000 8.000000 3.000000
      vertex 5.000000 9.000000 3.000000
      vertex 4.000000 9.000000 3.000000
    endloop
  endfacet
  facet normal 0 0 0
    outer loop
      vertex 4.000000 8.000000 2.000000
      vertex 5.000000 8.000000 2.000000
      vertex 5.000000 8.000000 3.000000
    endloop
  endfacet
  facet normal 0 0 0
    outer loop
      vertex 4.000000 8.000000 2.000000
      vertex 5.000000 8.000000 3.000000
      vertex 4.000000 8.000000 3.000000
    endloop
  endfacet
  facet normal 0 0 0
    outer loop
      vertex 5.000000 9.000000 2.000000
      vertex 4.000000 9.000000 2.000000
      vertex 4.000000 9.000000 3.000000
    endloop
  endfacet
  facet normal 0 0 0
    outer loop
      vertex 5.000000 9.000000 2.000000
      vertex 4.000000 9.000000 3.000000
      vertex 5.000000 9.000000 3.000000
    endloop
  endfacet
  facet normal 0 0 0
    outer loop
      vertex 5.000000 8.000000 2.000000
      vertex 5.000000 9.000000 2.000000
      vertex 5.000000 9.000000 3.000000
    endloop
  endfacet
  facet normal 0 0 0
    outer loop
      vertex 5.000000 8.000000 2.000000
      vertex 5.000000 9.000000 3.000000
      vertex 5.000000 8.000000 3.000000
    endloop
  endfacet
  facet normal 0 0 0
    outer loop
      vertex 4.000000 9.000000 2.000000
      vertex 4.000000 8.000000 2.000000
      vertex 4.000000 8.000000 3.000000
    endloop
  endfacet
  facet normal 0 0 0
    outer loop
      vertex 4.000000 9.000000 2.000000
      vertex 4.000000 8.000000 3.000000
      vertex 4.000000 9.000000 3.000000
    endloop
  endfacet
  facet normal 0 0 0
    outer loop
      vertex 5.000000 6.000000 0.000000
      vertex 6.000000 7.000000 0.000000
      vertex 6.000000 6.000000 0.000000
    endloop
  endfacet
  facet normal 0 0 0
    outer loop
      vertex 5.000000 6.000000 0.000000
      vertex 5.000000 7.000000 0.000000
      vertex 6.000000 7.000000 0.000000
    endloop
  endfacet
  facet normal 0 0 0
    outer loop
      vertex 5.000000 6.000000 1.000000
      vertex 6.000000 6.000000 1.000000
      vertex 6.000000 7.000000 1.000000
    endloop
  endfacet
  facet normal 0 0 0
    outer loop
      vertex 5.000000 6.000000 1.000000
      vertex 6.000000 7.000000 1.000000
      vertex 5.000000 7.000000 1.000000
    endloop
  endfacet
  facet normal 0 0 0
    outer loop
      vertex 5.000000 6.000000 0.000000
      vertex 6.000000 6.000000 0.000000
      vertex 6.000000 6.000000 1.000000
    endloop
  endfacet
  facet normal 0 0 0
    outer loop
      vertex 5.000000 6.000000 0.000000
      vertex 6.000000 6.000000 1.000000
      vertex 5.000000 6.000000 1.000000
    endloop
  endfacet
  facet normal 0 0 0
    outer loop
      vertex 6.000000 7.000000 0.000000
      vertex 5.000000 7.000000 0.000000
      vertex 5.000000 7.000000 1.000000
    endloop
  endfacet
  facet normal 0 0 0
    outer loop
      vertex 6.000000 7.000000 0.000000
      vertex 5.000000 7.000000 1.000000
      vertex 6.000000 7.000000 1.000000
    endloop
  endfacet
  facet normal 0 0 0
    outer loop
      vertex 6.000000 6.000000 0.000000
      vertex 6.000000 7.000000 0.000000
      vertex 6.000000 7.000000 1.000000
    endloop
  endfacet
  facet normal 0 0 0
    outer loop
      vertex 6.000000 6.000000 0.000000
      vertex 6.000000 7.000000 1.000000
      vertex 6.000000 6.000000 1.000000
    endloop
  endfacet
  facet normal 0 0 0
    outer loop
      vertex 5.000000 7.000000 0.000000
      vertex 5.000000 6.000000 0.000000
      vertex 5.000000 6.000000 1.000000
    endloop
  endfacet
  facet normal 0 0 0
    outer loop
      vertex 5.000000 7.000000 0.000000
      vertex 5.000000 6.000000 1.000000
      vertex 5.000000 7.000000 1.000000
    endloop
  endfacet
  facet normal 0 0 0
    outer loop
      vertex 5.000000 6.000000 1.000000
      vertex 6.000000 7.000000 1.000000
      vertex 6.000000 6.000000 1.000000
    endloop
  endfacet
  facet normal 0 0 0
    outer loop
      vertex 5.000000 6.000000 1.000000
      vertex 5.000000 7.000000 1.000000
      vertex 6.000000 7.000000 1.000000
    endloop
  endfacet
  facet normal 0 0 0
    outer loop
      vertex 5.000000 6.000000 2.000000
      vertex 6.000000 6.000000 2.000000
      vertex 6.000000 7.000000 2.000000
    endloop
  endfacet
  facet normal 0 0 0
    outer loop
      vertex 5.000000 6.000000 2.000000
      vertex 6.000000 7.000000 2.000000
      vertex 5.000000 7.000000 2.000000
    endloop
  endfacet
  facet normal 0 0 0
    outer loop
      vertex 5.000000 6.000000 1.000000
      vertex 6.000000 6.000000 1.000000
      vertex 6.000000 6.000000 2.000000
    endloop
  endfacet
  facet normal 0 0 0
    outer loop
      vertex 5.000000 6.000000 1.000000
      vertex 6.000000 6.000000 2.000000
      vertex 5.000000 6.000000 2.000000
    endloop
  endfacet
  facet normal 0 0 0
    outer loop
      vertex 6.000000 7.000000 1.000000
      vertex 5.000000 7.000000 1.000000
      vertex 5.000000 7.000000 2.000000
    endloop
  endfacet
  facet normal 0 0 0
    outer loop
      vertex 6.000000 7.000000 1.000000
      vertex 5.000000 7.000000 2.000000
      vertex 6.000000 7.000000 2.000000
    endloop
  endfacet
  facet normal 0 0 0
    outer loop
      vertex 6.000000 6.000000 1.000000
      vertex 6.000000 7.000000 1.000000
      vertex 6.000000 7.000000 2.000000
    endloop
  endfacet
  facet normal 0 0 0
    outer loop
      vertex 6.000000 6.000000 1.000000
      vertex 6.000000 7.000000 2.000000
      vertex 6.000000 6.000000 2.000000
    endloop
  endfacet
  facet normal 0 0 0
    outer loop
      vertex 5.000000 7.000000 1.000000
      vertex 5.000000 6.000000 1.000000
      vertex 5.000000 6.000000 2.000000
    endloop
  endfacet
  facet normal 0 0 0
    outer loop
      vertex 5.000000 7.000000 1.000000
      vertex 5.000000 6.000000 2.000000
      vertex 5.000000 7.000000 2.000000
    endloop
  endfacet
  facet normal 0 0 0
    outer loop
      vertex 5.000000 6.000000 2.000000
      vertex 6.000000 7.000000 2.000000
      vertex 6.000000 6.000000 2.000000
    endloop
  endfacet
  facet normal 0 0 0
    outer loop
      vertex 5.000000 6.000000 2.000000
      vertex 5.000000 7.000000 2.000000
      vertex 6.000000 7.000000 2.000000
    endloop
  endfacet
  facet normal 0 0 0
    outer loop
      vertex 5.000000 6.000000 3.000000
      vertex 6.000000 6.000000 3.000000
      vertex 6.000000 7.000000 3.000000
    endloop
  endfacet
  facet normal 0 0 0
    outer loop
      vertex 5.000000 6.000000 3.000000
      vertex 6.000000 7.000000 3.000000
      vertex 5.000000 7.000000 3.000000
    endloop
  endfacet
  facet normal 0 0 0
    outer loop
      vertex 5.000000 6.000000 2.000000
      vertex 6.000000 6.000000 2.000000
      vertex 6.000000 6.000000 3.000000
    endloop
  endfacet
  facet normal 0 0 0
    outer loop
      vertex 5.000000 6.000000 2.000000
      vertex 6.000000 6.000000 3.000000
      vertex 5.000000 6.000000 3.000000
    endloop
  endfacet
  facet normal 0 0 0
    outer loop
      vertex 6.000000 7.000000 2.000000
      vertex 5.000000 7.000000 2.000000
      vertex 5.000000 7.000000 3.000000
    endloop
  endfacet
  facet normal 0 0 0
    outer loop
      vertex 6.000000 7.000000 2.000000
      vertex 5.000000 7.000000 3.000000
      vertex 6.000000 7.000000 3.000000
    endloop
  endfacet
  facet normal 0 0 0
    outer loop
      vertex 6.000000 6.000000 2.000000
      vertex 6.000000 7.000000 2.000000
      vertex 6.000000 7.000000 3.000000
    endloop
  endfacet
  facet normal 0 0 0
    outer loop
      vertex 6.000000 6.000000 2.000000
      vertex 6.000000 7.000000 3.000000
      vertex 6.000000 6.000000 3.000000
    endloop
  endfacet
  facet normal 0 0 0
    outer loop
      vertex 5.000000 7.000000 2.000000
      vertex 5.000000 6.000000 2.000000
      vertex 5.000000 6.000000 3.000000
    endloop
  endfacet
  facet normal 0 0 0
    outer loop
      vertex 5.000000 7.000000 2.000000
      vertex 5.000000 6.000000 3.000000
      vertex 5.000000 7.000000 3.000000
    endloop
  endfacet
  facet normal 0 0 0
    outer loop
      vertex 5.000000 7.000000 0.000000
      vertex 6.000000 8.000000 0.000000
      vertex 6.000000 7.000000 0.000000
    endloop
  endfacet
  facet normal 0 0 0
    outer loop
      vertex 5.000000 7.000000 0.000000
      vertex 5.000000 8.000000 0.000000
      vertex 6.000000 8.000000 0.000000
    endloop
  endfacet
  facet normal 0 0 0
    outer loop
      vertex 5.000000 7.000000 1.000000
      vertex 6.000000 7.000000 1.000000
      vertex 6.000000 8.000000 1.000000
    endloop
  endfacet
  facet normal 0 0 0
    outer loop
      vertex 5.000000 7.000000 1.000000
      vertex 6.000000 8.000000 1.000000
      vertex 5.000000 8.000000 1.000000
    endloop
  endfacet
  facet normal 0 0 0
    outer loop
      vertex 5.000000 7.000000 0.000000
      vertex 6.000000 7.000000 0.000000
      vertex 6.000000 7.000000 1.000000
    endloop
  endfacet
  facet normal 0 0 0
    outer loop
      vertex 5.000000 7.000000 0.000000
      vertex 6.000000 7.000000 1.000000
      vertex 5.000000 7.000000 1.000000
    endloop
  endfacet
  facet normal 0 0 0
    outer loop
      vertex 6.000000 8.000000 0.000000
      vertex 5.000000 8.000000 0.000000
      vertex 5.000000 8.000000 1.000000
    endloop
  endfacet
  facet normal 0 0 0
    outer loop
      vertex 6.000000 8.000000 0.000000
      vertex 5.000000 8.000000 1.000000
      vertex 6.000000 8.000000 1.000000
    endloop
  endfacet
  facet normal 0 0 0
    outer loop
      vertex 6.000000 7.000000 0.000000
      vertex 6.000000 8.000000 0.000000
      vertex 6.000000 8.000000 1.000000
    endloop
  endfacet
  facet normal 0 0 0
    outer loop
      vertex 6.000000 7.000000 0.000000
      vertex 6.000000 8.000000 1.000000
      vertex 6.000000 7.000000 1.000000
    endloop
  endfacet
  facet normal 0 0 0
    outer loop
      vertex 5.000000 8.000000 0.000000
      vertex 5.000000 7.000000 0.000000
      vertex 5.000000 7.000000 1.000000
    endloop
  endfacet
  facet normal 0 0 0
    outer loop
      vertex 5.000000 8.000000 0.000000
      vertex 5.000000 7.000000 1.000000
      vertex 5.000000 8.000000 1.000000
    endloop
  endfacet
  facet normal 0 0 0
    outer loop
      vertex 5.000000 7.000000 2.000000
      vertex 6.000000 8.000000 2.000000
      vertex 6.000000 7.000000 2.000000
    endloop
  endfacet
  facet normal 0 0 0
    outer loop
      vertex 5.000000 7.000000 2.000000
      vertex 5.000000 8.000000 2.000000
      vertex 6.000000 8.000000 2.000000
    endloop
  endfacet
  facet normal 0 0 0
    outer loop
      vertex 5.000000 7.000000 3.000000
      vertex 6.000000 7.000000 3.000000
      vertex 6.000000 8.000000 3.000000
    endloop
  endfacet
  facet normal 0 0 0
    outer loop
      vertex 5.000000 7.000000 3.000000
      vertex 6.000000 8.000000 3.000000
      vertex 5.000000 8.000000 3.000000
    endloop
  endfacet
  facet normal 0 0 0
    outer loop
      vertex 5.000000 7.000000 2.000000
      vertex 6.000000 7.000000 2.000000
      vertex 6.000000 7.000000 3.000000
    endloop
  endfacet
  facet normal 0 0 0
    outer loop
      vertex 5.000000 7.000000 2.000000
      vertex 6.000000 7.000000 3.000000
      vertex 5.000000 7.000000 3.000000
    endloop
  endfacet
  facet normal 0 0 0
    outer loop
      vertex 6.000000 8.000000 2.000000
      vertex 5.000000 8.000000 2.000000
      vertex 5.000000 8.000000 3.000000
    endloop
  endfacet
  facet normal 0 0 0
    outer loop
      vertex 6.000000 8.000000 2.000000
      vertex 5.000000 8.000000 3.000000
      vertex 6.000000 8.000000 3.000000
    endloop
  endfacet
  facet normal 0 0 0
    outer loop
      vertex 6.000000 7.000000 2.000000
      vertex 6.000000 8.000000 2.000000
      vertex 6.000000 8.000000 3.000000
    endloop
  endfacet
  facet normal 0 0 0
    outer loop
      vertex 6.000000 7.000000 2.000000
      vertex 6.000000 8.000000 3.000000
      vertex 6.000000 7.000000 3.000000
    endloop
  endfacet
  facet normal 0 0 0
    outer loop
      vertex 5.000000 8.000000 2.000000
      vertex 5.000000 7.000000 2.000000
      vertex 5.000000 7.000000 3.000000
    endloop
  endfacet
  facet normal 0 0 0
    outer loop
      vertex 5.000000 8.000000 2.000000
      vertex 5.000000 7.000000 3.000000
      vertex 5.000000 8.000000 3.000000
    endloop
  endfacet
  facet normal 0 0 0
    outer loop
      vertex 5.000000 8.000000 0.000000
      vertex 6.000000 9.000000 0.000000
      vertex 6.000000 8.000000 0.000000
    endloop
  endfacet
  facet normal 0 0 0
    outer loop
      vertex 5.000000 8.000000 0.000000
      vertex 5.000000 9.000000 0.000000
      vertex 6.000000 9.000000 0.000000
    endloop
  endfacet
  facet normal 0 0 0
    outer loop
      vertex 5.000000 8.000000 1.000000
      vertex 6.000000 8.000000 1.000000
      vertex 6.000000 9.000000 1.000000
    endloop
  endfacet
  facet normal 0 0 0
    outer loop
      vertex 5.000000 8.000000 1.000000
      vertex 6.000000 9.000000 1.000000
      vertex 5.000000 9.000000 1.000000
    endloop
  endfacet
  facet normal 0 0 0
    outer loop
      vertex 5.000000 8.000000 0.000000
      vertex 6.000000 8.000000 0.000000
      vertex 6.000000 8.000000 1.000000
    endloop
  endfacet
  facet normal 0 0 0
    outer loop
      vertex 5.000000 8.000000 0.000000
      vertex 6.000000 8.000000 1.000000
      vertex 5.000000 8.000000 1.000000
    endloop
  endfacet
  facet normal 0 0 0
    outer loop
      vertex 6.000000 9.000000 0.000000
      vertex 5.000000 9.000000 0.000000
      vertex 5.000000 9.000000 1.000000
    endloop
  endfacet
  facet normal 0 0 0
    outer loop
      vertex 6.000000 9.000000 0.000000
      vertex 5.000000 9.000000 1.000000
      vertex 6.000000 9.000000 1.000000
    endloop
  endfacet
  facet normal 0 0 0
    outer loop
      vertex 6.000000 8.000000 0.000000
      vertex 6.000000 9.000000 0.000000
      vertex 6.000000 9.000000 1.000000
    endloop
  endfacet
  facet normal 0 0 0
    outer loop
      vertex 6.000000 8.000000 0.000000
      vertex 6.000000 9.000000 1.000000
      vertex 6.000000 8.000000 1.000000
    endloop
  endfacet
  facet normal 0 0 0
    outer loop
      vertex 5.000000 9.000000 0.000000
      vertex 5.000000 8.000000 0.000000
      vertex 5.000000 8.000000 1.000000
    endloop
  endfacet
  facet normal 0 0 0
    outer loop
      vertex 5.000000 9.000000 0.000000
      vertex 5.000000 8.000000 1.000000
      vertex 5.000000 9.000000 1.000000
    endloop
  endfacet
  facet normal 0 0 0
    outer loop
      vertex 5.000000 8.000000 1.000000
      vertex 6.000000 9.000000 1.000000
      vertex 6.000000 8.000000 1.000000
    endloop
  endfacet
  facet normal 0 0 0
    outer loop
      vertex 5.000000 8.000000 1.000000
      vertex 5.000000 9.000000 1.000000
      vertex 6.000000 9.000000 1.000000
    endloop
  endfacet
  facet normal 0 0 0
    outer loop
      vertex 5.000000 8.000000 2.000000
      vertex 6.000000 8.000000 2.000000
      vertex 6.000000 9.000000 2.000000
    endloop
  endfacet
  facet normal 0 0 0
    outer loop
      vertex 5.000000 8.000000 2.000000
      vertex 6.000000 9.000000 2.000000
      vertex 5.000000 9.000000 2.000000
    endloop
  endfacet
  facet normal 0 0 0
    outer loop
      vertex 5.000000 8.000000 1.000000
      vertex 6.000000 8.000000 1.000000
      vertex 6.000000 8.000000 2.000000
    endloop
  endfacet
  facet normal 0 0 0
    outer loop
      vertex 5.000000 8.000000 1.000000
      vertex 6.000000 8.000000 2.000000
      vertex 5.000000 8.000000 2.000000
    endloop
  endfacet
  facet normal 0 0 0
    outer loop
      vertex 6.000000 9.000000 1.000000
      vertex 5.000000 9.000000 1.000000
      vertex 5.000000 9.000000 2.000000
    endloop
  endfacet
  facet normal 0 0 0
    outer loop
      vertex 6.000000 9.000000 1.000000
      vertex 5.000000 9.000000 2.000000
      vertex 6.000000 9.000000 2.000000
    endloop
  endfacet
  facet normal 0 0 0
    outer loop
      vertex 6.000000 8.000000 1.000000
      vertex 6.000000 9.000000 1.000000
      vertex 6.000000 9.000000 2.000000
    endloop
  endfacet
  facet normal 0 0 0
    outer loop
      vertex 6.000000 8.000000 1.000000
      vertex 6.000000 9.000000 2.000000
      vertex 6.000000 8.000000 2.000000
    endloop
  endfacet
  facet normal 0 0 0
    outer loop
      vertex 5.000000 9.000000 1.000000
      vertex 5.000000 8.000000 1.000000
      vertex 5.000000 8.000000 2.000000
    endloop
  endfacet
  facet normal 0 0 0
    outer loop
      vertex 5.000000 9.000000 1.000000
      vertex 5.000000 8.000000 2.000000
      vertex 5.000000 9.000000 2.000000
    endloop
  endfacet
  facet normal 0 0 0
    outer loop
      vertex 5.000000 8.000000 2.000000
      vertex 6.000000 9.000000 2.000000
      vertex 6.000000 8.000000 2.000000
    endloop
  endfacet
  facet normal 0 0 0
    outer loop
      vertex 5.000000 8.000000 2.000000
      vertex 5.000000 9.000000 2.000000
      vertex 6.000000 9.000000 2.000000
    endloop
  endfacet
  facet normal 0 0 0
    outer loop
      vertex 5.000000 8.000000 3.000000
      vertex 6.000000 8.000000 3.000000
      vertex 6.000000 9.000000 3.000000
    endloop
  endfacet
  facet normal 0 0 0
    outer loop
      vertex 5.000000 8.000000 3.000000
      vertex 6.000000 9.000000 3.000000
      vertex 5.000000 9.000000 3.000000
    endloop
  endfacet
  facet normal 0 0 0
    outer loop
      vertex 5.000000 8.000000 2.000000
      vertex 6.000000 8.000000 2.000000
      vertex 6.000000 8.000000 3.000000
    endloop
  endfacet
  facet normal 0 0 0
    outer loop
      vertex 5.000000 8.000000 2.000000
      vertex 6.000000 8.000000 3.000000
      vertex 5.000000 8.000000 3.000000
    endloop
  endfacet
  facet normal 0 0 0
    outer loop
      vertex 6.000000 9.000000 2.000000
      vertex 5.000000 9.000000 2.000000
      vertex 5.000000 9.000000 3.000000
    endloop
  endfacet
  facet normal 0 0 0
    outer loop
      vertex 6.000000 9.000000 2.000000
      vertex 5.000000 9.000000 3.000000
      vertex 6.000000 9.000000 3.000000
    endloop
  endfacet
  facet normal 0 0 0
    outer loop
      vertex 6.000000 8.000000 2.000000
      vertex 6.000000 9.000000 2.000000
      vertex 6.000000 9.000000 3.000000
    endloop
  endfacet
  facet normal 0 0 0
    outer loop
      vertex 6.000000 8.000000 2.000000
      vertex 6.000000 9.000000 3.000000
      vertex 6.000000 8.000000 3.000000
    endloop
  endfacet
  facet normal 0 0 0
    outer loop
      vertex 5.000000 9.000000 2.000000
      vertex 5.000000 8.000000 2.000000
      vertex 5.000000 8.000000 3.000000
    endloop
  endfacet
  facet normal 0 0 0
    outer loop
      vertex 5.000000 9.000000 2.000000
      vertex 5.000000 8.000000 3.000000
      vertex 5.000000 9.000000 3.000000
    endloop
  endfacet
  facet normal 0 0 0
    outer loop
      vertex 3.000000 6.000000 6.000000
      vertex 4.000000 7.000000 6.000000
      vertex 4.000000 6.000000 6.000000
    endloop
  endfacet
  facet normal 0 0 0
    outer loop
      vertex 3.000000 6.000000 6.000000
      vertex 3.000000 7.000000 6.000000
      vertex 4.000000 7.000000 6.000000
    endloop
  endfacet
  facet normal 0 0 0
    outer loop
      vertex 3.000000 6.000000 7.000000
      vertex 4.000000 6.000000 7.000000
      vertex 4.000000 7.000000 7.000000
    endloop
  endfacet
  facet normal 0 0 0
    outer loop
      vertex 3.000000 6.000000 7.000000
      vertex 4.000000 7.000000 7.000000
      vertex 3.000000 7.000000 7.000000
    endloop
  endfacet
  facet normal 0 0 0
    outer loop
      vertex 3.000000 6.000000 6.000000
      vertex 4.000000 6.000000 6.000000
      vertex 4.000000 6.000000 7.000000
    endloop
  endfacet
  facet normal 0 0 0
    outer loop
      vertex 3.000000 6.000000 6.000000
      vertex 4.000000 6.000000 7.000000
      vertex 3.000000 6.000000 7.000000
    endloop
  endfacet
  facet normal 0 0 0
    outer loop
      vertex 4.000000 7.000000 6.000000
      vertex 3.000000 7.000000 6.000000
      vertex 3.000000 7.000000 7.000000
    endloop
  endfacet
  facet normal 0 0 0
    outer loop
      vertex 4.000000 7.000000 6.000000
      vertex 3.000000 7.000000 7.000000
      vertex 4.000000 7.000000 7.000000
    endloop
  endfacet
  facet normal 0 0 0
    outer loop
      vertex 4.000000 6.000000 6.000000
      vertex 4.000000 7.000000 6.000000
      vertex 4.000000 7.000000 7.000000
    endloop
  endfacet
  facet normal 0 0 0
    outer loop
      vertex 4.000000 6.000000 6.000000
      vertex 4.000000 7.000000 7.000000
      vertex 4.000000 6.000000 7.000000
    endloop
  endfacet
  facet normal 0 0 0
    outer loop
      vertex 3.000000 7.000000 6.000000
      vertex 3.000000 6.000000 6.000000
      vertex 3.000000 6.000000 7.000000
    endloop
  endfacet
  facet normal 0 0 0
    outer loop
      vertex 3.000000 7.000000 6.000000
      vertex 3.000000 6.000000 7.000000
      vertex 3.000000 7.000000 7.000000
    endloop
  endfacet
  facet normal 0 0 0
    outer loop
      vertex 3.000000 6.000000 7.000000
      vertex 4.000000 7.000000 7.000000
      vertex 4.000000 6.000000 7.000000
    endloop
  endfacet
  facet normal 0 0 0
    outer loop
      vertex 3.000000 6.000000 7.000000
      vertex 3.000000 7.000000 7.000000
      vertex 4.000000 7.000000 7.000000
    endloop
  endfacet
  facet normal 0 0 0
    outer loop
      vertex 3.000000 6.000000 8.000000
      vertex 4.000000 6.000000 8.000000
      vertex 4.000000 7.000000 8.000000
    endloop
  endfacet
  facet normal 0 0 0
    outer loop
      vertex 3.000000 6.000000 8.000000
      vertex 4.000000 7.000000 8.000000
      vertex 3.000000 7.000000 8.000000
    endloop
  endfacet
  facet normal 0 0 0
    outer loop
      vertex 3.000000 6.000000 7.000000
      vertex 4.000000 6.000000 7.000000
      vertex 4.000000 6.000000 8.000000
    endloop
  endfacet
  facet normal 0 0 0
    outer loop
      vertex 3.000000 6.000000 7.000000
      vertex 4.000000 6.000000 8.000000
      vertex 3.000000 6.000000 8.000000
    endloop
  endfacet
  facet normal 0 0 0
    outer loop
      vertex 4.000000 7.000000 7.000000
      vertex 3.000000 7.000000 7.000000
      vertex 3.000000 7.000000 8.000000
    endloop
  endfacet
  facet normal 0 0 0
    outer loop
      vertex 4.000000 7.000000 7.000000
      vertex 3.000000 7.000000 8.000000
      vertex 4.000000 7.000000 8.000000
    endloop
  endfacet
  facet normal 0 0 0
    outer loop
      vertex 4.000000 6.000000 7.000000
      vertex 4.000000 7.000000 7.000000
      vertex 4.000000 7.000000 8.000000
    endloop
  endfacet
  facet normal 0 0 0
    outer loop
      vertex 4.000000 6.000000 7.000000
      vertex 4.000000 7.000000 8.000000
      vertex 4.000000 6.000000 8.000000
    endloop
  endfacet
  facet normal 0 0 0
    outer loop
      vertex 3.000000 7.000000 7.000000
      vertex 3.000000 6.000000 7.000000
      vertex 3.000000 6.000000 8.000000
    endloop
  endfacet
  facet normal 0 0 0
    outer loop
      vertex 3.000000 7.000000 7.000000
      vertex 3.000000 6.000000 8.000000
      vertex 3.000000 7.000000 8.000000
    endloop
  endfacet
  facet normal 0 0 0
    outer loop
      vertex 3.000000 6.000000 8.000000
      vertex 4.000000 7.000000 8.000000
      vertex 4.000000 6.000000 8.000000
    endloop
  endfacet
  facet normal 0 0 0
    outer loop
      vertex 3.000000 6.000000 8.000000
      vertex 3.000000 7.000000 8.000000
      vertex 4.000000 7.000000 8.000000
    endloop
  endfacet
  facet normal 0 0 0
    outer loop
      vertex 3.000000 6.000000 9.000000
      vertex 4.000000 6.000000 9.000000
      vertex 4.000000 7.000000 9.000000
    endloop
  endfacet
  facet normal 0 0 0
    outer loop
      vertex 3.000000 6.000000 9.000000
      vertex 4.000000 7.000000 9.000000
      vertex 3.000000 7.000000 9.000000
    endloop
  endfacet
  facet normal 0 0 0
    outer loop
      vertex 3.000000 6.000000 8.000000
      vertex 4.000000 6.000000 8.000000
      vertex 4.000000 6.000000 9.000000
    endloop
  endfacet
  facet normal 0 0 0
    outer loop
      vertex 3.000000 6.000000 8.000000
      vertex 4.000000 6.000000 9.000000
      vertex 3.000000 6.000000 9.000000
    endloop
  endfacet
  facet normal 0 0 0
    outer loop
      vertex 4.000000 7.000000 8.000000
      vertex 3.000000 7.000000 8.000000
      vertex 3.000000 7.000000 9.000000
    endloop
  endfacet
  facet normal 0 0 0
    outer loop
      vertex 4.000000 7.000000 8.000000
      vertex 3.000000 7.000000 9.000000
      vertex 4.000000 7.000000 9.000000
    endloop
  endfacet
  facet normal 0 0 0
    outer loop
      vertex 4.000000 6.000000 8.000000
      vertex 4.000000 7.000000 8.000000
      vertex 4.000000 7.000000 9.000000
    endloop
  endfacet
  facet normal 0 0 0
    outer loop
      vertex 4.000000 6.000000 8.000000
      vertex 4.000000 7.000000 9.000000
      vertex 4.000000 6.000000 9.000000
    endloop
  endfacet
  facet normal 0 0 0
    outer loop
      vertex 3.000000 7.000000 8.000000
      vertex 3.000000 6.000000 8.000000
      vertex 3.000000 6.000000 9.000000
    endloop
  endfacet
  facet normal 0 0 0
    outer loop
      vertex 3.000000 7.000000 8.000000
      vertex 3.000000 6.000000 9.000000
      vertex 3.000000 7.000000 9.000000
    endloop
  endfacet
  facet normal 0 0 0
    outer loop
      vertex 3.000000 7.000000 6.000000
      vertex 4.000000 8.000000 6.000000
      vertex 4.000000 7.000000 6.000000
    endloop
  endfacet
  facet normal 0 0 0
    outer loop
      vertex 3.000000 7.000000 6.000000
      vertex 3.000000 8.000000 6.000000
      vertex 4.000000 8.000000 6.000000
    endloop
  endfacet
  facet normal 0 0 0
    outer loop
      vertex 3.000000 7.000000 7.000000
      vertex 4.000000 7.000000 7.000000
      vertex 4.000000 8.000000 7.000000
    endloop
  endfacet
  facet normal 0 0 0
    outer loop
      vertex 3.000000 7.000000 7.000000
      vertex 4.000000 8.000000 7.000000
      vertex 3.000000 8.000000 7.000000
    endloop
  endfacet
  facet normal 0 0 0
    outer loop
      vertex 3.000000 7.000000 6.000000
      vertex 4.000000 7.000000 6.000000
      vertex 4.000000 7.000000 7.000000
    endloop
  endfacet
  facet normal 0 0 0
    outer loop
      vertex 3.000000 7.000000 6.000000
      vertex 4.000000 7.000000 7.000000
      vertex 3.000000 7.000000 7.000000
    endloop
  endfacet
  facet normal 0 0 0
    outer loop
      vertex 4.000000 8.000000 6.000000
      vertex 3.000000 8.000000 6.000000
      vertex 3.000000 8.000000 7.000000
    endloop
  endfacet
  facet normal 0 0 0
    outer loop
      vertex 4.000000 8.000000 6.000000
      vertex 3.000000 8.000000 7.000000
      vertex 4.000000 8.000000 7.000000
    endloop
  endfacet
  facet normal 0 0 0
    outer loop
      vertex 4.000000 7.000000 6.000000
      vertex 4.000000 8.000000 6.000000
      vertex 4.000000 8.000000 7.000000
    endloop
  endfacet
  facet normal 0 0 0
    outer loop
      vertex 4.000000 7.000000 6.000000
      vertex 4.000000 8.000000 7.000000
      vertex 4.000000 7.000000 7.000000
    endloop
  endfacet
  facet normal 0 0 0
    outer loop
      vertex 3.000000 8.000000 6.000000
      vertex 3.000000 7.000000 6.000000
      vertex 3.000000 7.000000 7.000000
    endloop
  endfacet
  facet normal 0 0 0
    outer loop
      vertex 3.000000 8.000000 6.000000
      vertex 3.000000 7.000000 7.000000
      vertex 3.000000 8.000000 7.000000
    endloop
  endfacet
  facet normal 0 0 0
    outer loop
      vertex 3.000000 7.000000 8.000000
      vertex 4.000000 8.000000 8.000000
      vertex 4.000000 7.000000 8.000000
    endloop
  endfacet
  facet normal 0 0 0
    outer loop
      vertex 3.000000 7.000000 8.000000
      vertex 3.000000 8.000000 8.000000
      vertex 4.000000 8.000000 8.000000
    endloop
  endfacet
  facet normal 0 0 0
    outer loop
      vertex 3.000000 7.000000 9.000000
      vertex 4.000000 7.000000 9.000000
      vertex 4.000000 8.000000 9.000000
    endloop
  endfacet
  facet normal 0 0 0
    outer loop
      vertex 3.000000 7.000000 9.000000
      vertex 4.000000 8.000000 9.000000
      vertex 3.000000 8.000000 9.000000
    endloop
  endfacet
  facet normal 0 0 0
    outer loop
      vertex 3.000000 7.000000 8.000000
      vertex 4.000000 7.000000 8.000000
      vertex 4.000000 7.000000 9.000000
    endloop
  endfacet
  facet normal 0 0 0
    outer loop
      vertex 3.000000 7.000000 8.000000
      vertex 4.000000 7.000000 9.000000
      vertex 3.000000 7.000000 9.000000
    endloop
  endfacet
  facet normal 0 0 0
    outer loop
      vertex 4.000000 8.000000 8.000000
      vertex 3.000000 8.000000 8.000000
      vertex 3.000000 8.000000 9.000000
    endloop
  endfacet
  facet normal 0 0 0
    outer loop
      vertex 4.000000 8.000000 8.000000
      vertex 3.000000 8.000000 9.000000
      vertex 4.000000 8.000000 9.000000
    endloop
  endfacet
  facet normal 0 0 0
    outer loop
      vertex 4.000000 7.000000 8.000000
      vertex 4.000000 8.000000 8.000000
      vertex 4.000000 8.000000 9.000000
    endloop
  endfacet
  facet normal 0 0 0
    outer loop
      vertex 4.000000 7.000000 8.000000
      vertex 4.000000 8.000000 9.000000
      vertex 4.000000 7.000000 9.000000
    endloop
  endfacet
  facet normal 0 0 0
    outer loop
      vertex 3.000000 8.000000 8.000000
      vertex 3.000000 7.000000 8.000000
      vertex 3.000000 7.000000 9.000000
    endloop
  endfacet
  facet normal 0 0 0
    outer loop
      vertex 3.000000 8.000000 8.000000
      vertex 3.000000 7.000000 9.000000
      vertex 3.000000 8.000000 9.000000
    endloop
  endfacet
  facet normal 0 0 0
    outer loop
      vertex 3.000000 8.000000 6.000000
      vertex 4.000000 9.000000 6.000000
      vertex 4.000000 8.000000 6.000000
    endloop
  endfacet
  facet normal 0 0 0
    outer loop
      vertex 3.000000 8.000000 6.000000
      vertex 3.000000 9.000000 6.000000
      vertex 4.000000 9.000000 6.000000
    endloop
  endfacet
  facet normal 0 0 0
    outer loop
      vertex 3.000000 8.000000 7.000000
      vertex 4.000000 8.000000 7.000000
      vertex 4.000000 9.000000 7.000000
    endloop
  endfacet
  facet normal 0 0 0
    outer loop
      vertex 3.000000 8.000000 7.000000
      vertex 4.000000 9.000000 7.000000
      vertex 3.000000 9.000000 7.000000
    endloop
  endfacet
  facet normal 0 0 0
    outer loop
      vertex 3.000000 8.000000 6.000000
      vertex 4.000000 8.000000 6.000000
      vertex 4.000000 8.000000 7.000000
    endloop
  endfacet
  facet normal 0 0 0
    outer loop
      vertex 3.000000 8.000000 6.000000
      vertex 4.000000 8.000000 7.000000
      vertex 3.000000 8.000000 7.000000
    endloop
  endfacet
  facet normal 0 0 0
    outer loop
      vertex 4.000000 9.000000 6.000000
      vertex 3.000000 9.000000 6.000000
      vertex 3.000000 9.000000 7.000000
    endloop
  endfacet
  facet normal 0 0 0
    outer loop
      vertex 4.000000 9.000000 6.000000
      vertex 3.000000 9.000000 7.000000
      vertex 4.000000 9.000000 7.000000
    endloop
  endfacet
  facet normal 0 0 0
    outer loop
      vertex 4.000000 8.000000 6.000000
      vertex 4.000000 9.000000 6.000000
      vertex 4.000000 9.000000 7.000000
    endloop
  endfacet
  facet normal 0 0 0
    outer loop
      vertex 4.000000 8.000000 6.000000
      vertex 4.000000 9.000000 7.000000
      vertex 4.000000 8.000000 7.000000
    endloop
  endfacet
  facet normal 0 0 0
    outer loop
      vertex 3.000000 9.000000 6.000000
      vertex 3.000000 8.000000 6.000000
      vertex 3.000000 8.000000 7.000000
    endloop
  endfacet
  facet normal 0 0 0
    outer loop
      vertex 3.000000 9.000000 6.000000
      vertex 3.000000 8.000000 7.000000
      vertex 3.000000 9.000000 7.000000
    endloop
  endfacet
  facet normal 0 0 0
    outer loop
      vertex 3.000000 8.000000 7.000000
      vertex 4.000000 9.000000 7.000000
      vertex 4.000000 8.000000 7.000000
    endloop
  endfacet
  facet normal 0 0 0
    outer loop
      vertex 3.000000 8.000000 7.000000
      vertex 3.000000 9.000000 7.000000
      vertex 4.000000 9.000000 7.000000
    endloop
  endfacet
  facet normal 0 0 0
    outer loop
      vertex 3.000000 8.000000 8.000000
      vertex 4.000000 8.000000 8.000000
      vertex 4.000000 9.000000 8.000000
    endloop
  endfacet
  facet normal 0 0 0
    outer loop
      vertex 3.000000 8.000000 8.000000
      vertex 4.000000 9.000000 8.000000
      vertex 3.000000 9.000000 8.000000
    endloop
  endfacet
  facet normal 0 0 0
    outer loop
      vertex 3.000000 8.000000 7.000000
      vertex 4.000000 8.000000 7.000000
      vertex 4.000000 8.000000 8.000000
    endloop
  endfacet
  facet normal 0 0 0
    outer loop
      vertex 3.000000 8.000000 7.000000
      vertex 4.000000 8.000000 8.000000
      vertex 3.000000 8.000000 8.000000
    endloop
  endfacet
  facet normal 0 0 0
    outer loop
      vertex 4.000000 9.000000 7.000000
      vertex 3.000000 9.000000 7.000000
      vertex 3.000000 9.000000 8.000000
    endloop
  endfacet
  facet normal 0 0 0
    outer loop
      vertex 4.000000 9.000000 7.000000
      vertex 3.000000 9.000000 8.000000
      vertex 4.000000 9.000000 8.000000
    endloop
  endfacet
  facet normal 0 0 0
    outer loop
      vertex 4.000000 8.000000 7.000000
      vertex 4.000000 9.000000 7.000000
      vertex 4.000000 9.000000 8.000000
    endloop
  endfacet
  facet normal 0 0 0
    outer loop
      vertex 4.000000 8.000000 7.000000
      vertex 4.000000 9.000000 8.000000
      vertex 4.000000 8.000000 8.000000
    endloop
  endfacet
  facet normal 0 0 0
    outer loop
      vertex 3.000000 9.000000 7.000000
      vertex 3.000000 8.000000 7.000000
      vertex 3.000000 8.000000 8.000000
    endloop
  endfacet
  facet normal 0 0 0
    outer loop
      vertex 3.000000 9.000000 7.000000
      vertex 3.000000 8.000000 8.000000
      vertex 3.000000 9.000000 8.000000
    endloop
  endfacet
  facet normal 0 0 0
    outer loop
      vertex 3.000000 8.000000 8.000000
      vertex 4.000000 9.000000 8.000000
      vertex 4.000000 8.000000 8.000000
    endloop
  endfacet
  facet normal 0 0 0
    outer loop
      vertex 3.000000 8.000000 8.000000
      vertex 3.000000 9.000000 8.000000
      vertex 4.000000 9.000000 8.000000
    endloop
  endfacet
  facet normal 0 0 0
    outer loop
      vertex 3.000000 8.000000 9.000000
      vertex 4.000000 8.000000 9.000000
      vertex 4.000000 9.000000 9.000000
    endloop
  endfacet
  facet normal 0 0 0
    outer loop
      vertex 3.000000 8.000000 9.000000
      vertex 4.000000 9.000000 9.000000
      vertex 3.000000 9.000000 9.000000
    endloop
  endfacet
  facet normal 0 0 0
    outer loop
      vertex 3.000000 8.000000 8.000000
      vertex 4.000000 8.000000 8.000000
      vertex 4.000000 8.000000 9.000000
    endloop
  endfacet
  facet normal 0 0 0
    outer loop
      vertex 3.000000 8.000000 8.000000
      vertex 4.000000 8.000000 9.000000
      vertex 3.000000 8.000000 9.000000
    endloop
  endfacet
  facet normal 0 0 0
    outer loop
      vertex 4.000000 9.000000 8.000000
      vertex 3.000000 9.000000 8.000000
      vertex 3.000000 9.000000 9.000000
    endloop
  endfacet
  facet normal 0 0 0
    outer loop
      vertex 4.000000 9.000000 8.000000
      vertex 3.000000 9.000000 9.000000
      vertex 4.000000 9.000000 9.000000
    endloop
  endfacet
  facet normal 0 0 0
    outer loop
      vertex 4.000000 8.000000 8.000000
      vertex 4.000000 9.000000 8.000000
      vertex 4.000000 9.000000 9.000000
    endloop
  endfacet
  facet normal 0 0 0
    outer loop
      vertex 4.000000 8.000000 8.000000
      vertex 4.000000 9.000000 9.000000
      vertex 4.000000 8.000000 9.000000
    endloop
  endfacet
  facet normal 0 0 0
    outer loop
      vertex 3.000000 9.000000 8.000000
      vertex 3.000000 8.000000 8.000000
      vertex 3.000000 8.000000 9.000000
    endloop
  endfacet
  facet normal 0 0 0
    outer loop
      vertex 3.000000 9.000000 8.000000
      vertex 3.000000 8.000000 9.000000
      vertex 3.000000 9.000000 9.000000
    endloop
  endfacet
  facet normal 0 0 0
    outer loop
      vertex 4.000000 6.000000 6.000000
      vertex 5.000000 7.000000 6.000000
      vertex 5.000000 6.000000 6.000000
    endloop
  endfacet
  facet normal 0 0 0
    outer loop
      vertex 4.000000 6.000000 6.000000
      vertex 4.000000 7.000000 6.000000
      vertex 5.000000 7.000000 6.000000
    endloop
  endfacet
  facet normal 0 0 0
    outer loop
      vertex 4.000000 6.000000 7.000000
      vertex 5.000000 6.000000 7.000000
      vertex 5.000000 7.000000 7.000000
    endloop
  endfacet
  facet normal 0 0 0
    outer loop
      vertex 4.000000 6.000000 7.000000
      vertex 5.000000 7.000000 7.000000
      vertex 4.000000 7.000000 7.000000
    endloop
  endfacet
  facet normal 0 0 0
    outer loop
      vertex 4.000000 6.000000 6.000000
      vertex 5.000000 6.000000 6.000000
      vertex 5.000000 6.000000 7.000000
    endloop
  endfacet
  facet normal 0 0 0
    outer loop
      vertex 4.000000 6.000000 6.000000
      vertex 5.000000 6.000000 7.000000
      vertex 4.000000 6.000000 7.000000
    endloop
  endfacet
  facet normal 0 0 0
    outer loop
      vertex 5.000000 7.000000 6.000000
      vertex 4.000000 7.000000 6.000000
      vertex 4.000000 7.000000 7.000000
    endloop
  endfacet
  facet normal 0 0 0
    outer loop
      vertex 5.000000 7.000000 6.000000
      vertex 4.000000 7.000000 7.000000
      vertex 5.000000 7.000000 7.000000
    endloop
  endfacet
  facet normal 0 0 0
    outer loop
      vertex 5.000000 6.000000 6.000000
      vertex 5.000000 7.000000 6.000000
      vertex 5.000000 7.000000 7.000000
    endloop
  endfacet
  facet normal 0 0 0
    outer loop
      vertex 5.000000 6.000000 6.000000
      vertex 5.000000 7.000000 7.000000
      vertex 5.000000 6.000000 7.000000
    endloop
  endfacet
  facet normal 0 0 0
    outer loop
      vertex 4.000000 7.000000 6.000000
      vertex 4.000000 6.000000 6.000000
      vertex 4.000000 6.000000 7.000000
    endloop
  endfacet
  facet normal 0 0 0
    outer loop
      vertex 4.000000 7.000000 6.000000
      vertex 4.000000 6.000000 7.000000
      vertex 4.000000 7.000000 7.000000
    endloop
  endfacet
  facet normal 0 0 0
    outer loop
      vertex 4.000000 6.000000 8.000000
      vertex 5.000000 7.000000 8.000000
      vertex 5.000000 6.000000 8.000000
    endloop
  endfacet
  facet normal 0 0 0
    outer loop
      vertex 4.000000 6.000000 8.000000
      vertex 4.000000 7.000000 8.000000
      vertex 5.000000 7.000000 8.000000
    endloop
  endfacet
  facet normal 0 0 0
    outer loop
      vertex 4.000000 6.000000 9.000000
      vertex 5.000000 6.000000 9.000000
      vertex 5.000000 7.000000 9.000000
    endloop
  endfacet
  facet normal 0 0 0
    outer loop
      vertex 4.000000 6.000000 9.000000
      vertex 5.000000 7.000000 9.000000
      vertex 4.000000 7.000000 9.000000
    endloop
  endfacet
  facet normal 0 0 0
    outer loop
      vertex 4.000000 6.000000 8.000000
      vertex 5.000000 6.000000 8.000000
      vertex 5.000000 6.000000 9.000000
    endloop
  endfacet
  facet normal 0 0 0
    outer loop
      vertex 4.000000 6.000000 8.000000
      vertex 5.000000 6.000000 9.000000
      vertex 4.000000 6.000000 9.000000
    endloop
  endfacet
  facet normal 0 0 0
    outer loop
      vertex 5.000000 7.000000 8.000000
      vertex 4.000000 7.000000 8.000000
      vertex 4.000000 7.000000 9.000000
    endloop
  endfacet
  facet normal 0 0 0
    outer loop
      vertex 5.000000 7.000000 8.000000
      vertex 4.000000 7.000000 9.000000
      vertex 5.000000 7.000000 9.000000
    endloop
  endfacet
  facet normal 0 0 0
    outer loop
      vertex 5.000000 6.000000 8.000000
      vertex 5.000000 7.000000 8.000000
      vertex 5.000000 7.000000 9.000000
    endloop
  endfacet
  facet normal 0 0 0
    outer loop
      vertex 5.000000 6.000000 8.000000
      vertex 5.000000 7.000000 9.000000
      vertex 5.000000 6.000000 9.000000
    endloop
  endfacet
  facet normal 0 0 0
    outer loop
      vertex 4.000000 7.000000 8.000000
      vertex 4.000000 6.000000 8.000000
      vertex 4.000000 6.000000 9.000000
    endloop
  endfacet
  facet normal 0 0 0
    outer loop
      vertex 4.000000 7.000000 8.000000
      vertex 4.000000 6.000000 9.000000
      vertex 4.000000 7.000000 9.000000
    endloop
  endfacet
  facet normal 0 0 0
    outer loop
      vertex 4.000000 8.000000 6.000000
      vertex 5.000000 9.000000 6.000000
      vertex 5.000000 8.000000 6.000000
    endloop
  endfacet
  facet normal 0 0 0
    outer loop
      vertex 4.000000 8.000000 6.000000
      vertex 4.000000 9.000000 6.000000
      vertex 5.000000 9.000000 6.000000
    endloop
  endfacet
  facet normal 0 0 0
    outer loop
      vertex 4.000000 8.000000 7.000000
      vertex 5.000000 8.000000 7.000000
      vertex 5.000000 9.000000 7.000000
    endloop
  endfacet
  facet normal 0 0 0
    outer loop
      vertex 4.000000 8.000000 7.000000
      vertex 5.000000 9.000000 7.000000
      vertex 4.000000 9.000000 7.000000
    endloop
  endfacet
  facet normal 0 0 0
    outer loop
      vertex 4.000000 8.000000 6.000000
      vertex 5.000000 8.000000 6.000000
      vertex 5.000000 8.000000 7.000000
    endloop
  endfacet
  facet normal 0 0 0
    outer loop
      vertex 4.000000 8.000000 6.000000
      vertex 5.000000 8.000000 7.000000
      vertex 4.000000 8.000000 7.000000
    endloop
  endfacet
  facet normal 0 0 0
    outer loop
      vertex 5.000000 9.000000 6.000000
      vertex 4.000000 9.000000 6.000000
      vertex 4.000000 9.000000 7.000000
    endloop
  endfacet
  facet normal 0 0 0
    outer loop
      vertex 5.000000 9.000000 6.000000
      vertex 4.000000 9.000000 7.000000
      vertex 5.000000 9.000000 7.000000
    endloop
  endfacet
  facet normal 0 0 0
    outer loop
      vertex 5.000000 8.000000 6.000000
      vertex 5.000000 9.000000 6.000000
      vertex 5.000000 9.000000 7.000000
    endloop
  endfacet
  facet normal 0 0 0
    outer loop
      vertex 5.000000 8.000000 6.000000
      vertex 5.000000 9.000000 7.000000
      vertex 5.000000 8.000000 7.000000
    endloop
  endfacet
  facet normal 0 0 0
    outer loop
      vertex 4.000000 9.000000 6.000000
      vertex 4.000000 8.000000 6.000000
      vertex 4.000000 8.000000 7.000000
    endloop
  endfacet
  facet normal 0 0 0
    outer loop
      vertex 4.000000 9.000000 6.000000
      vertex 4.000000 8.000000 7.000000
      vertex 4.000000 9.000000 7.000000
    endloop
  endfacet
  facet normal 0 0 0
    outer loop
      vertex 4.000000 8.000000 8.000000
      vertex 5.000000 9.000000 8.000000
      vertex 5.000000 8.000000 8.000000
    endloop
  endfacet
  facet normal 0 0 0
    outer loop
      vertex 4.000000 8.000000 8.000000
      vertex 4.000000 9.000000 8.000000
      vertex 5.000000 9.000000 8.000000
    endloop
  endfacet
  facet normal 0 0 0
    outer loop
      vertex 4.000000 8.000000 9.000000
      vertex 5.000000 8.000000 9.000000
      vertex 5.000000 9.000000 9.000000
    endloop
  endfacet
  facet normal 0 0 0
    outer loop
      vertex 4.000000 8.000000 9.000000
      vertex 5.000000 9.000000 9.000000
      vertex 4.000000 9.000000 9.000000
    endloop
  endfacet
  facet normal 0 0 0
    outer loop
      vertex 4.000000 8.000000 8.000000
      vertex 5.000000 8.000000 8.000000
      vertex 5.000000 8.000000 9.000000
    endloop
  endfacet
  facet normal 0 0 0
    outer loop
      vertex 4.000000 8.000000 8.000000
      vertex 5.000000 8.000000 9.000000
      vertex 4.000000 8.000000 9.000000
    endloop
  endfacet
  facet normal 0 0 0
    outer loop
      vertex 5.000000 9.000000 8.000000
      vertex 4.000000 9.000000 8.000000
      vertex 4.000000 9.000000 9.000000
    endloop
  endfacet
  facet normal 0 0 0
    outer loop
      vertex 5.000000 9.000000 8.000000
      vertex 4.000000 9.000000 9.000000
      vertex 5.000000 9.000000 9.000000
    endloop
  endfacet
  facet normal 0 0 0
    outer loop
      vertex 5.000000 8.000000 8.000000
      vertex 5.000000 9.000000 8.000000
      vertex 5.000000 9.000000 9.000000
    endloop
  endfacet
  facet normal 0 0 0
    outer loop
      vertex 5.000000 8.000000 8.000000
      vertex 5.000000 9.000000 9.000000
      vertex 5.000000 8.000000 9.000000
    endloop
  endfacet
  facet normal 0 0 0
    outer loop
      vertex 4.000000 9.000000 8.000000
      vertex 4.000000 8.000000 8.000000
      vertex 4.000000 8.000000 9.000000
    endloop
  endfacet
  facet normal 0 0 0
    outer loop
      vertex 4.000000 9.000000 8.000000
      vertex 4.000000 8.000000 9.000000
      vertex 4.000000 9.000000 9.000000
    endloop
  endfacet
  facet normal 0 0 0
    outer loop
      vertex 5.000000 6.000000 6.000000
      vertex 6.000000 7.000000 6.000000
      vertex 6.000000 6.000000 6.000000
    endloop
  endfacet
  facet normal 0 0 0
    outer loop
      vertex 5.000000 6.000000 6.000000
      vertex 5.000000 7.000000 6.000000
      vertex 6.000000 7.000000 6.000000
    endloop
  endfacet
  facet normal 0 0 0
    outer loop
      vertex 5.000000 6.000000 7.000000
      vertex 6.000000 6.000000 7.000000
      vertex 6.000000 7.000000 7.000000
    endloop
  endfacet
  facet normal 0 0 0
    outer loop
      vertex 5.000000 6.000000 7.000000
      vertex 6.000000 7.000000 7.000000
      vertex 5.000000 7.000000 7.000000
    endloop
  endfacet
  facet normal 0 0 0
    outer loop
      vertex 5.000000 6.000000 6.000000
      vertex 6.000000 6.000000 6.000000
      vertex 6.000000 6.000000 7.000000
    endloop
  endfacet
  facet normal 0 0 0
    outer loop
      vertex 5.000000 6.000000 6.000000
      vertex 6.000000 6.000000 7.000000
      vertex 5.000000 6.000000 7.000000
    endloop
  endfacet
  facet normal 0 0 0
    outer loop
      vertex 6.000000 7.000000 6.000000
      vertex 5.000000 7.000000 6.000000
      vertex 5.000000 7.000000 7.000000
    endloop
  endfacet
  facet normal 0 0 0
    outer loop
      vertex 6.000000 7.000000 6.000000
      vertex 5.000000 7.000000 7.000000
      vertex 6.000000 7.000000 7.000000
    endloop
  endfacet
  facet normal 0 0 0
    outer loop
      vertex 6.000000 6.000000 6.000000
      vertex 6.000000 7.000000 6.000000
      vertex 6.000000 7.000000 7.000000
    endloop
  endfacet
  facet normal 0 0 0
    outer loop
      vertex 6.000000 6.000000 6.000000
      vertex 6.000000 7.000000 7.000000
      vertex 6.000000 6.000000 7.000000
    endloop
  endfacet
  facet normal 0 0 0
    outer loop
      vertex 5.000000 7.000000 6.000000
      vertex 5.000000 6.000000 6.000000
      vertex 5.000000 6.000000 7.000000
    endloop
  endfacet
  facet normal 0 0 0
    outer loop
      vertex 5.000000 7.000000 6.000000
      vertex 5.000000 6.000000 7.000000
      vertex 5.000000 7.000000 7.000000
    endloop
  endfacet
  facet normal 0 0 0
    outer loop
      vertex 5.000000 6.000000 7.000000
      vertex 6.000000 7.000000 7.000000
      vertex 6.000000 6.000000 7.000000
    endloop
  endfacet
  facet normal 0 0 0
    outer loop
      vertex 5.000000 6.000000 7.000000
      vertex 5.000000 7.000000 7.000000
      vertex 6.000000 7.000000 7.000000
    endloop
  endfacet
  facet normal 0 0 0
    outer loop
      vertex 5.000000 6.000000 8.000000
      vertex 6.000000 6.000000 8.000000
      vertex 6.000000 7.000000 8.000000
    endloop
  endfacet
  facet normal 0 0 0
    outer loop
      vertex 5.000000 6.000000 8.000000
      vertex 6.000000 7.000000 8.000000
      vertex 5.000000 7.000000 8.000000
    endloop
  endfacet
  facet normal 0 0 0
    outer loop
      vertex 5.000000 6.000000 7.000000
      vertex 6.000000 6.000000 7.000000
      vertex 6.000000 6.000000 8.000000
    endloop
  endfacet
  facet normal 0 0 0
    outer loop
      vertex 5.000000 6.000000 7.000000
      vertex 6.000000 6.000000 8.000000
      vertex 5.000000 6.000000 8.000000
    endloop
  endfacet
  facet normal 0 0 0
    outer loop
      vertex 6.000000 7.000000 7.000000
      vertex 5.000000 7.000000 7.000000
      vertex 5.000000 7.000000 8.000000
    endloop
  endfacet
  facet normal 0 0 0
    outer loop
      vertex 6.000000 7.000000 7.000000
      vertex 5.000000 7.000000 8.000000
      vertex 6.000000 7.000000 8.000000
    endloop
  endfacet
  facet normal 0 0 0
    outer loop
      vertex 6.000000 6.000000 7.000000
      vertex 6.000000 7.000000 7.000000
      vertex 6.000000 7.000000 8.000000
    endloop
  endfacet
  facet normal 0 0 0
    outer loop
      vertex 6.000000 6.000000 7.000000
      vertex 6.000000 7.000000 8.000000
      vertex 6.000000 6.000000 8.000000
    endloop
  endfacet
  facet normal 0 0 0
    outer loop
      vertex 5.000000 7.000000 7.000000
      vertex 5.000000 6.000000 7.000000
      vertex 5.000000 6.000000 8.000000
    endloop
  endfacet
  facet normal 0 0 0
    outer loop
      vertex 5.000000 7.000000 7.000000
      vertex 5.000000 6.000000 8.000000
      vertex 5.000000 7.000000 8.000000
    endloop
  endfacet
  facet normal 0 0 0
    outer loop
      vertex 5.000000 6.000000 8.000000
      vertex 6.000000 7.000000 8.000000
      vertex 6.000000 6.000000 8.000000
    endloop
  endfacet
  facet normal 0 0 0
    outer loop
      vertex 5.000000 6.000000 8.000000
      vertex 5.000000 7.000000 8.000000
      vertex 6.000000 7.000000 8.000000
    endloop
  endfacet
  facet normal 0 0 0
    outer loop
      vertex 5.000000 6.000000 9.000000
      vertex 6.000000 6.000000 9.000000
      vertex 6.000000 7.000000 9.000000
    endloop
  endfacet
  facet normal 0 0 0
    outer loop
      vertex 5.000000 6.000000 9.000000
      vertex 6.000000 7.000000 9.000000
      vertex 5.000000 7.000000 9.000000
    endloop
  endfacet
  facet normal 0 0 0
    outer loop
      vertex 5.000000 6.000000 8.000000
      vertex 6.000000 6.000000 8.000000
      vertex 6.000000 6.000000 9.000000
    endloop
  endfacet
  facet normal 0 0 0
    outer loop
      vertex 5.000000 6.000000 8.000000
      vertex 6.000000 6.000000 9.000000
      vertex 5.000000 6.000000 9.000000
    endloop
  endfacet
  facet normal 0 0 0
    outer loop
      vertex 6.000000 7.000000 8.000000
      vertex 5.000000 7.000000 8.000000
      vertex 5.000000 7.000000 9.000000
    endloop
  endfacet
  facet normal 0 0 0
    outer loop
      vertex 6.000000 7.000000 8.000000
      vertex 5.000000 7.000000 9.000000
      vertex 6.000000 7.000000 9.000000
    endloop
  endfacet
  facet normal 0 0 0
    outer loop
      vertex 6.000000 6.000000 8.000000
      vertex 6.000000 7.000000 8.000000
      vertex 6.000000 7.000000 9.000000
    endloop
  endfacet
  facet normal 0 0 0
    outer loop
      vertex 6.000000 6.000000 8.000000
      vertex 6.000000 7.000000 9.000000
      vertex 6.000000 6.000000 9.000000
    endloop
  endfacet
  facet normal 0 0 0
    outer loop
      vertex 5.000000 7.000000 8.000000
      vertex 5.000000 6.000000 8.000000
      vertex 5.000000 6.000000 9.000000
    endloop
  endfacet
  facet normal 0 0 0
    outer loop
      vertex 5.000000 7.000000 8.000000
      vertex 5.000000 6.000000 9.000000
      vertex 5.000000 7.000000 9.000000
    endloop
  endfacet
  facet normal 0 0 0
    outer loop
      vertex 5.000000 7.000000 6.000000
      vertex 6.000000 8.000000 6.000000
      vertex 6.000000 7.000000 6.000000
    endloop
  endfacet
  facet normal 0 0 0
    outer loop
      vertex 5.000000 7.000000 6.000000
      vertex 5.000000 8.000000 6.000000
      vertex 6.000000 8.000000 6.000000
    endloop
  endfacet
  facet normal 0 0 0
    outer loop
      vertex 5.000000 7.000000 7.000000
      vertex 6.000000 7.000000 7.000000
      vertex 6.000000 8.000000 7.000000
    endloop
  endfacet
  facet normal 0 0 0
    outer loop
      vertex 5.000000 7.000000 7.000000
      vertex 6.000000 8.000000 7.000000
      vertex 5.000000 8.000000 7.000000
    endloop
  endfacet
  facet normal 0 0 0
    outer loop
      vertex 5.000000 7.000000 6.000000
      vertex 6.000000 7.000000 6.000000
      vertex 6.000000 7.000000 7.000000
    endloop
  endfacet
  facet normal 0 0 0
    outer loop
      vertex 5.000000 7.000000 6.000000
      vertex 6.000000 7.000000 7.000000
      vertex 5.000000 7.000000 7.000000
    endloop
  endfacet
  facet normal 0 0 0
    outer loop
      vertex 6.000000 8.000000 6.000000
      vertex 5.000000 8.000000 6.000000
      vertex 5.000000 8.000000 7.000000
    endloop
  endfacet
  facet normal 0 0 0
    outer loop
      vertex 6.000000 8.000000 6.000000
      vertex 5.000000 8.000000 7.000000
      vertex 6.000000 8.000000 7.000000
    endloop
  endfacet
  facet normal 0 0 0
    outer loop
      vertex 6.000000 7.000000 6.000000
      vertex 6.000000 8.000000 6.000000
      vertex 6.000000 8.000000 7.000000
    endloop
  endfacet
  facet normal 0 0 0
    outer loop
      vertex 6.000000 7.000000 6.000000
      vertex 6.000000 8.000000 7.000000
      vertex 6.000000 7.000000 7.000000
    endloop
  endfacet
  facet normal 0 0 0
    outer loop
      vertex 5.000000 8.000000 6.000000
      vertex 5.000000 7.000000 6.000000
      vertex 5.000000 7.000000 7.000000
    endloop
  endfacet
  facet normal 0 0 0
    outer loop
      vertex 5.000000 8.000000 6.000000
      vertex 5.000000 7.000000 7.000000
      vertex 5.000000 8.000000 7.000000
    endloop
  endfacet
  facet normal 0 0 0
    outer loop
      vertex 5.000000 7.000000 8.000000
      vertex 6.000000 8.000000 8.000000
      vertex 6.000000 7.000000 8.000000
    endloop
  endfacet
  facet normal 0 0 0
    outer loop
      vertex 5.000000 7.000000 8.000000
      vertex 5.000000 8.000000 8.000000
      vertex 6.000000 8.000000 8.000000
    endloop
  endfacet
  facet normal 0 0 0
    outer loop
      vertex 5.000000 7.000000 9.000000
      vertex 6.000000 7.000000 9.000000
      vertex 6.000000 8.000000 9.000000
    endloop
  endfacet
  facet normal 0 0 0
    outer loop
      vertex 5.000000 7.000000 9.000000
      vertex 6.000000 8.000000 9.000000
      vertex 5.000000 8.000000 9.000000
    endloop
  endfacet
  facet normal 0 0 0
    outer loop
      vertex 5.000000 7.000000 8.000000
      vertex 6.000000 7.000000 8.000000
      vertex 6.000000 7.000000 9.000000
    endloop
  endfacet
  facet normal 0 0 0
    outer loop
      vertex 5.000000 7.000000 8.000000
      vertex 6.000000 7.000000 9.000000
      vertex 5.000000 7.000000 9.000000
    endloop
  endfacet
  facet normal 0 0 0
    outer loop
      vertex 6.000000 8.000000 8.000000
      vertex 5.000000 8.000000 8.000000
      vertex 5.000000 8.000000 9.000000
    endloop
  endfacet
  facet normal 0 0 0
    outer loop
      vertex 6.000000 8.000000 8.000000
      vertex 5.000000 8.000000 9.000000
      vertex 6.000000 8.000000 9.000000
    endloop
  endfacet
  facet normal 0 0 0
    outer loop
      vertex 6.000000 7.000000 8.000000
      vertex 6.000000 8.000000 8.000000
      vertex 6.000000 8.000000 9.000000
    endloop
  endfacet
  facet normal 0 0 0
    outer loop
      vertex 6.000000 7.000000 8.000000
      vertex 6.000000 8.000000 9.000000
      vertex 6.000000 7.000000 9.000000
    endloop
  endfacet
  facet normal 0 0 0
    outer loop
      vertex 5.000000 8.000000 8.000000
      vertex 5.000000 7.000000 8.000000
      vertex 5.000000 7.000000 9.000000
    endloop
  endfacet
  facet normal 0 0 0
    outer loop
      vertex 5.000000 8.000000 8.000000
      vertex 5.000000 7.000000 9.000000
      vertex 5.000000 8.000000 9.000000
    endloop
  endfacet
  facet normal 0 0 0
    outer loop
      vertex 5.000000 8.000000 6.000000
      vertex 6.000000 9.000000 6.000000
      vertex 6.000000 8.000000 6.000000
    endloop
  endfacet
  facet normal 0 0 0
    outer loop
      vertex 5.000000 8.000000 6.000000
      vertex 5.000000 9.000000 6.000000
      vertex 6.000000 9.000000 6.000000
    endloop
  endfacet
  facet normal 0 0 0
    outer loop
      vertex 5.000000 8.000000 7.000000
      vertex 6.000000 8.000000 7.000000
      vertex 6.000000 9.000000 7.000000
    endloop
  endfacet
  facet normal 0 0 0
    outer loop
      vertex 5.000000 8.000000 7.000000
      vertex 6.000000 9.000000 7.000000
      vertex 5.000000 9.000000 7.000000
    endloop
  endfacet
  facet normal 0 0 0
    outer loop
      vertex 5.000000 8.000000 6.000000
      vertex 6.000000 8.000000 6.000000
      vertex 6.000000 8.000000 7.000000
    endloop
  endfacet
  facet normal 0 0 0
    outer loop
      vertex 5.000000 8.000000 6.000000
      vertex 6.000000 8.000000 7.000000
      vertex 5.000000 8.000000 7.000000
    endloop
  endfacet
  facet normal 0 0 0
    outer loop
      vertex 6.000000 9.000000 6.000000
      vertex 5.000000 9.000000 6.000000
      vertex 5.000000 9.000000 7.000000
    endloop
  endfacet
  facet normal 0 0 0
    outer loop
      vertex 6.000000 9.000000 6.000000
      vertex 5.000000 9.000000 7.000000
      vertex 6.000000 9.000000 7.000000
    endloop
  endfacet
  facet normal 0 0 0
    outer loop
      vertex 6.000000 8.000000 6.000000
      vertex 6.000000 9.000000 6.000000
      vertex 6.000000 9.000000 7.000000
    endloop
  endfacet
  facet normal 0 0 0
    outer loop
      vertex 6.000000 8.000000 6.000000
      vertex 6.000000 9.000000 7.000000
      vertex 6.000000 8.000000 7.000000
    endloop
  endfacet
  facet normal 0 0 0
    outer loop
      vertex 5.000000 9.000000 6.000000
      vertex 5.000000 8.000000 6.000000
      vertex 5.000000 8.000000 7.000000
    endloop
  endfacet
  facet normal 0 0 0
    outer loop
      vertex 5.000000 9.000000 6.000000
      vertex 5.000000 8.000000 7.000000
      vertex 5.000000 9.000000 7.000000
    endloop
  endfacet
  facet normal 0 0 0
    outer loop
      vertex 5.000000 8.000000 7.000000
      vertex 6.000000 9.000000 7.000000
      vertex 6.000000 8.000000 7.000000
    endloop
  endfacet
  facet normal 0 0 0
    outer loop
      vertex 5.000000 8.000000 7.000000
      vertex 5.000000 9.000000 7.000000
      vertex 6.000000 9.000000 7.000000
    endloop
  endfacet
  facet normal 0 0 0
    outer loop
      vertex 5.000000 8.000000 8.000000
      vertex 6.000000 8.000000 8.000000
      vertex 6.000000 9.000000 8.000000
    endloop
  endfacet
  facet normal 0 0 0
    outer loop
      vertex 5.000000 8.000000 8.000000
      vertex 6.000000 9.000000 8.000000
      vertex 5.000000 9.000000 8.000000
    endloop
  endfacet
  facet normal 0 0 0
    outer loop
      vertex 5.000000 8.000000 7.000000
      vertex 6.000000 8.000000 7.000000
      vertex 6.000000 8.000000 8.000000
    endloop
  endfacet
  facet normal 0 0 0
    outer loop
      vertex 5.000000 8.000000 7.000000
      vertex 6.000000 8.000000 8.000000
      vertex 5.000000 8.000000 8.000000
    endloop
  endfacet
  facet normal 0 0 0
    outer loop
      vertex 6.000000 9.000000 7.000000
      vertex 5.000000 9.000000 7.000000
      vertex 5.000000 9.000000 8.000000
    endloop
  endfacet
  facet normal 0 0 0
    outer loop
      vertex 6.000000 9.000000 7.000000
      vertex 5.000000 9.000000 8.000000
      vertex 6.000000 9.000000 8.000000
    endloop
  endfacet
  facet normal 0 0 0
    outer loop
      vertex 6.000000 8.000000 7.000000
      vertex 6.000000 9.000000 7.000000
      vertex 6.000000 9.000000 8.000000
    endloop
  endfacet
  facet normal 0 0 0
    outer loop
      vertex 6.000000 8.000000 7.000000
      vertex 6.000000 9.000000 8.000000
      vertex 6.000000 8.000000 8.000000
    endloop
  endfacet
  facet normal 0 0 0
    outer loop
      vertex 5.000000 9.000000 7.000000
      vertex 5.000000 8.000000 7.000000
      vertex 5.000000 8.000000 8.000000
    endloop
  endfacet
  facet normal 0 0 0
    outer loop
      vertex 5.000000 9.000000 7.000000
      vertex 5.000000 8.000000 8.000000
      vertex 5.000000 9.000000 8.000000
    endloop
  endfacet
  facet normal 0 0 0
    outer loop
      vertex 5.000000 8.000000 8.000000
      vertex 6.000000 9.000000 8.000000
      vertex 6.000000 8.000000 8.000000
    endloop
  endfacet
  facet normal 0 0 0
    outer loop
      vertex 5.000000 8.000000 8.000000
      vertex 5.000000 9.000000 8.000000
      vertex 6.000000 9.000000 8.000000
    endloop
  endfacet
  facet normal 0 0 0
    outer loop
      vertex 5.000000 8.000000 9.000000
      vertex 6.000000 8.000000 9.000000
      vertex 6.000000 9.000000 9.000000
    endloop
  endfacet
  facet normal 0 0 0
    outer loop
      vertex 5.000000 8.000000 9.000000
      vertex 6.000000 9.000000 9.000000
      vertex 5.000000 9.000000 9.000000
    endloop
  endfacet
  facet normal 0 0 0
    outer loop
      vertex 5.000000 8.000000 8.000000
      vertex 6.000000 8.000000 8.000000
      vertex 6.000000 8.000000 9.000000
    endloop
  endfacet
  facet normal 0 0 0
    outer loop
      vertex 5.000000 8.000000 8.000000
      vertex 6.000000 8.000000 9.000000
      vertex 5.000000 8.000000 9.000000
    endloop
  endfacet
  facet normal 0 0 0
    outer loop
      vertex 6.000000 9.000000 8.000000
      vertex 5.000000 9.000000 8.000000
      vertex 5.000000 9.000000 9.000000
    endloop
  endfacet
  facet normal 0 0 0
    outer loop
      vertex 6.000000 9.000000 8.000000
      vertex 5.000000 9.000000 9.000000
      vertex 6.000000 9.000000 9.000000
    endloop
  endfacet
  facet normal 0 0 0
    outer loop
      vertex 6.000000 8.000000 8.000000
      vertex 6.000000 9.000000 8.000000
      vertex 6.000000 9.000000 9.000000
    endloop
  endfacet
  facet normal 0 0 0
    outer loop
      vertex 6.000000 8.000000 8.000000
      vertex 6.000000 9.000000 9.000000
      vertex 6.000000 8.000000 9.000000
    endloop
  endfacet
  facet normal 0 0 0
    outer loop
      vertex 5.000000 9.000000 8.000000
      vertex 5.000000 8.000000 8.000000
      vertex 5.000000 8.000000 9.000000
    endloop
  endfacet
  facet normal 0 0 0
    outer loop
      vertex 5.000000 9.000000 8.000000
      vertex 5.000000 8.000000 9.000000
      vertex 5.000000 9.000000 9.000000
    endloop
  endfacet
  facet normal 0 0 0
    outer loop
      vertex 6.000000 0.000000 0.000000
      vertex 7.000000 1.000000 0.000000
      vertex 7.000000 0.000000 0.000000
    endloop
  endfacet
  facet normal 0 0 0
    outer loop
      vertex 6.000000 0.000000 0.000000
      vertex 6.000000 1.000000 0.000000
      vertex 7.000000 1.000000 0.000000
    endloop
  endfacet
  facet normal 0 0 0
    outer loop
      vertex 6.000000 0.000000 1.000000
      vertex 7.000000 0.000000 1.000000
      vertex 7.000000 1.000000 1.000000
    endloop
  endfacet
  facet normal 0 0 0
    outer loop
      vertex 6.000000 0.000000 1.000000
      vertex 7.000000 1.000000 1.000000
      vertex 6.000000 1.000000 1.000000
    endloop
  endfacet
  facet normal 0 0 0
    outer loop
      vertex 6.000000 0.000000 0.000000
      vertex 7.000000 0.000000 0.000000
      vertex 7.000000 0.000000 1.000000
    endloop
  endfacet
  facet normal 0 0 0
    outer loop
      vertex 6.000000 0.000000 0.000000
      vertex 7.000000 0.000000 1.000000
      vertex 6.000000 0.000000 1.000000
    endloop
  endfacet
  facet normal 0 0 0
    outer loop
      vertex 7.000000 1.000000 0.000000
      vertex 6.000000 1.000000 0.000000
      vertex 6.000000 1.000000 1.000000
    endloop
  endfacet
  facet normal 0 0 0
    outer loop
      vertex 7.000000 1.000000 0.000000
      vertex 6.000000 1.000000 1.000000
      vertex 7.000000 1.000000 1.000000
    endloop
  endfacet
  facet normal 0 0 0
    outer loop
      vertex 7.000000 0.000000 0.000000
      vertex 7.000000 1.000000 0.000000
      vertex 7.000000 1.000000 1.000000
    endloop
  endfacet
  facet normal 0 0 0
    outer loop
      vertex 7.000000 0.000000 0.000000
      vertex 7.000000 1.000000 1.000000
      vertex 7.000000 0.000000 1.000000
    endloop
  endfacet
  facet normal 0 0 0
    outer loop
      vertex 6.000000 1.000000 0.000000
      vertex 6.000000 0.000000 0.000000
      vertex 6.000000 0.000000 1.000000
    endloop
  endfacet
  facet normal 0 0 0
    outer loop
      vertex 6.000000 1.000000 0.000000
      vertex 6.000000 0.000000 1.000000
      vertex 6.000000 1.000000 1.000000
    endloop
  endfacet
  facet normal 0 0 0
    outer loop
      vertex 6.000000 0.000000 1.000000
      vertex 7.000000 1.000000 1.000000
      vertex 7.000000 0.000000 1.000000
    endloop
  endfacet
  facet normal 0 0 0
    outer loop
      vertex 6.000000 0.000000 1.000000
      vertex 6.000000 1.000000 1.000000
      vertex 7.000000 1.000000 1.000000
    endloop
  endfacet
  facet normal 0 0 0
    outer loop
      vertex 6.000000 0.000000 2.000000
      vertex 7.000000 0.000000 2.000000
      vertex 7.000000 1.000000 2.000000
    endloop
  endfacet
  facet normal 0 0 0
    outer loop
      vertex 6.000000 0.000000 2.000000
      vertex 7.000000 1.000000 2.000000
      vertex 6.000000 1.000000 2.000000
    endloop
  endfacet
  facet normal 0 0 0
    outer loop
      vertex 6.000000 0.000000 1.000000
      vertex 7.000000 0.000000 1.000000
      vertex 7.000000 0.000000 2.000000
    endloop
  endfacet
  facet normal 0 0 0
    outer loop
      vertex 6.000000 0.000000 1.000000
      vertex 7.000000 0.000000 2.000000
      vertex 6.000000 0.000000 2.000000
    endloop
  endfacet
  facet normal 0 0 0
    outer loop
      vertex 7.000000 1.000000 1.000000
      vertex 6.000000 1.000000 1.000000
      vertex 6.000000 1.000000 2.000000
    endloop
  endfacet
  facet normal 0 0 0
    outer loop
      vertex 7.000000 1.000000 1.000000
      vertex 6.000000 1.000000 2.000000
      vertex 7.000000 1.000000 2.000000
    endloop
  endfacet
  facet normal 0 0 0
    outer loop
      vertex 7.000000 0.000000 1.000000
      vertex 7.000000 1.000000 1.000000
      vertex 7.000000 1.000000 2.000000
    endloop
  endfacet
  facet normal 0 0 0
    outer loop
      vertex 7.000000 0.000000 1.000000
      vertex 7.000000 1.000000 2.000000
      vertex 7.000000 0.000000 2.000000
    endloop
  endfacet
  facet normal 0 0 0
    outer loop
      vertex 6.000000 1.000000 1.000000
      vertex 6.000000 0.000000 1.000000
      vertex 6.000000 0.000000 2.000000
    endloop
  endfacet
  facet normal 0 0 0
    outer loop
      vertex 6.000000 1.000000 1.000000
      vertex 6.000000 0.000000 2.000000
      vertex 6.000000 1.000000 2.000000
    endloop
  endfacet
  facet normal 0 0 0
    outer loop
      vertex 6.000000 0.000000 2.000000
      vertex 7.000000 1.000000 2.000000
      vertex 7.000000 0.000000 2.000000
    endloop
  endfacet
  facet normal 0 0 0
    outer loop
      vertex 6.000000 0.000000 2.000000
      vertex 6.000000 1.000000 2.000000
      vertex 7.000000 1.000000 2.000000
    endloop
  endfacet
  facet normal 0 0 0
    outer loop
      vertex 6.000000 0.000000 3.000000
      vertex 7.000000 0.000000 3.000000
      vertex 7.000000 1.000000 3.000000
    endloop
  endfacet
  facet normal 0 0 0
    outer loop
      vertex 6.000000 0.000000 3.000000
      vertex 7.000000 1.000000 3.000000
      vertex 6.000000 1.000000 3.000000
    endloop
  endfacet
  facet normal 0 0 0
    outer loop
      vertex 6.000000 0.000000 2.000000
      vertex 7.000000 0.000000 2.000000
      vertex 7.000000 0.000000 3.000000
    endloop
  endfacet
  facet normal 0 0 0
    outer loop
      vertex 6.000000 0.000000 2.000000
      vertex 7.000000 0.000000 3.000000
      vertex 6.000000 0.000000 3.000000
    endloop
  endfacet
  facet normal 0 0 0
    outer loop
      vertex 7.000000 1.000000 2.000000
      vertex 6.000000 1.000000 2.000000
      vertex 6.000000 1.000000 3.000000
    endloop
  endfacet
  facet normal 0 0 0
    outer loop
      vertex 7.000000 1.000000 2.000000
      vertex 6.000000 1.000000 3.000000
      vertex 7.000000 1.000000 3.000000
    endloop
  endfacet
  facet normal 0 0 0
    outer loop
      vertex 7.000000 0.000000 2.000000
      vertex 7.000000 1.000000 2.000000
      vertex 7.000000 1.000000 3.000000
    endloop
  endfacet
  facet normal 0 0 0
    outer loop
      vertex 7.000000 0.000000 2.000000
      vertex 7.000000 1.000000 3.000000
      vertex 7.000000 0.000000 3.000000
    endloop
  endfacet
  facet normal 0 0 0
    outer loop
      vertex 6.000000 1.000000 2.000000
      vertex 6.000000 0.000000 2.000000
      vertex 6.000000 0.000000 3.000000
    endloop
  endfacet
  facet normal 0 0 0
    outer loop
      vertex 6.000000 1.000000 2.000000
      vertex 6.000000 0.000000 3.000000
      vertex 6.000000 1.000000 3.000000
    endloop
  endfacet
  facet normal 0 0 0
    outer loop
      vertex 6.000000 1.000000 0.000000
      vertex 7.000000 2.000000 0.000000
      vertex 7.000000 1.000000 0.000000
    endloop
  endfacet
  facet normal 0 0 0
    outer loop
      vertex 6.000000 1.000000 0.000000
      vertex 6.000000 2.000000 0.000000
      vertex 7.000000 2.000000 0.000000
    endloop
  endfacet
  facet normal 0 0 0
    outer loop
      vertex 6.000000 1.000000 1.000000
      vertex 7.000000 1.000000 1.000000
      vertex 7.000000 2.000000 1.000000
    endloop
  endfacet
  facet normal 0 0 0
    outer loop
      vertex 6.000000 1.000000 1.000000
      vertex 7.000000 2.000000 1.000000
      vertex 6.000000 2.000000 1.000000
    endloop
  endfacet
  facet normal 0 0 0
    outer loop
      vertex 6.000000 1.000000 0.000000
      vertex 7.000000 1.000000 0.000000
      vertex 7.000000 1.000000 1.000000
    endloop
  endfacet
  facet normal 0 0 0
    outer loop
      vertex 6.000000 1.000000 0.000000
      vertex 7.000000 1.000000 1.000000
      vertex 6.000000 1.000000 1.000000
    endloop
  endfacet
  facet normal 0 0 0
    outer loop
      vertex 7.000000 2.000000 0.000000
      vertex 6.000000 2.000000 0.000000
      vertex 6.000000 2.000000 1.000000
    endloop
  endfacet
  facet normal 0 0 0
    outer loop
      vertex 7.000000 2.000000 0.000000
      vertex 6.000000 2.000000 1.000000
      vertex 7.000000 2.000000 1.000000
    endloop
  endfacet
  facet normal 0 0 0
    outer loop
      vertex 7.000000 1.000000 0.000000
      vertex 7.000000 2.000000 0.000000
      vertex 7.000000 2.000000 1.000000
    endloop
  endfacet
  facet normal 0 0 0
    outer loop
      vertex 7.000000 1.000000 0.000000
      vertex 7.000000 2.000000 1.000000
      vertex 7.000000 1.000000 1.000000
    endloop
  endfacet
  facet normal 0 0 0
    outer loop
      vertex 6.000000 2.000000 0.000000
      vertex 6.000000 1.000000 0.000000
      vertex 6.000000 1.000000 1.000000
    endloop
  endfacet
  facet normal 0 0 0
    outer loop
      vertex 6.000000 2.000000 0.000000
      vertex 6.000000 1.000000 1.000000
      vertex 6.000000 2.000000 1.000000
    endloop
  endfacet
  facet normal 0 0 0
    outer loop
      vertex 6.000000 1.000000 2.000000
      vertex 7.000000 2.000000 2.000000
      vertex 7.000000 1.000000 2.000000
    endloop
  endfacet
  facet normal 0 0 0
    outer loop
      vertex 6.000000 1.000000 2.000000
      vertex 6.000000 2.000000 2.000000
      vertex 7.000000 2.000000 2.000000
    endloop
  endfacet
  facet normal 0 0 0
    outer loop
      vertex 6.000000 1.000000 3.000000
      vertex 7.000000 1.000000 3.000000
      vertex 7.000000 2.000000 3.000000
    endloop
  endfacet
  facet normal 0 0 0
    outer loop
      vertex 6.000000 1.000000 3.000000
      vertex 7.000000 2.000000 3.000000
      vertex 6.000000 2.000000 3.000000
    endloop
  endfacet
  facet normal 0 0 0
    outer loop
      vertex 6.000000 1.000000 2.000000
      vertex 7.000000 1.000000 2.000000
      vertex 7.000000 1.000000 3.000000
    endloop
  endfacet
  facet normal 0 0 0
    outer loop
      vertex 6.000000 1.000000 2.000000
      vertex 7.000000 1.000000 3.000000
      vertex 6.000000 1.000000 3.000000
    endloop
  endfacet
  facet normal 0 0 0
    outer loop
      vertex 7.000000 2.000000 2.000000
      vertex 6.000000 2.000000 2.000000
      vertex 6.000000 2.000000 3.000000
    endloop
  endfacet
  facet normal 0 0 0
    outer loop
      vertex 7.000000 2.000000 2.000000
      vertex 6.000000 2.000000 3.000000
      vertex 7.000000 2.000000 3.000000
    endloop
  endfacet
  facet normal 0 0 0
    outer loop
      vertex 7.000000 1.000000 2.000000
      vertex 7.000000 2.000000 2.000000
      vertex 7.000000 2.000000 3.000000
    endloop
  endfacet
  facet normal 0 0 0
    outer loop
      vertex 7.000000 1.000000 2.000000
      vertex 7.000000 2.000000 3.000000
      vertex 7.000000 1.000000 3.000000
    endloop
  endfacet
  facet normal 0 0 0
    outer loop
      vertex 6.000000 2.000000 2.000000
      vertex 6.000000 1.000000 2.000000
      vertex 6.000000 1.000000 3.000000
    endloop
  endfacet
  facet normal 0 0 0
    outer loop
      vertex 6.000000 2.000000 2.000000
      vertex 6.000000 1.000000 3.000000
      vertex 6.000000 2.000000 3.000000
    endloop
  endfacet
  facet normal 0 0 0
    outer loop
      vertex 6.000000 2.000000 0.000000
      vertex 7.000000 3.000000 0.000000
      vertex 7.000000 2.000000 0.000000
    endloop
  endfacet
  facet normal 0 0 0
    outer loop
      vertex 6.000000 2.000000 0.000000
      vertex 6.000000 3.000000 0.000000
      vertex 7.000000 3.000000 0.000000
    endloop
  endfacet
  facet normal 0 0 0
    outer loop
      vertex 6.000000 2.000000 1.000000
      vertex 7.000000 2.000000 1.000000
      vertex 7.000000 3.000000 1.000000
    endloop
  endfacet
  facet normal 0 0 0
    outer loop
      vertex 6.000000 2.000000 1.000000
      vertex 7.000000 3.000000 1.000000
      vertex 6.000000 3.000000 1.000000
    endloop
  endfacet
  facet normal 0 0 0
    outer loop
      vertex 6.000000 2.000000 0.000000
      vertex 7.000000 2.000000 0.000000
      vertex 7.000000 2.000000 1.000000
    endloop
  endfacet
  facet normal 0 0 0
    outer loop
      vertex 6.000000 2.000000 0.000000
      vertex 7.000000 2.000000 1.000000
      vertex 6.000000 2.000000 1.000000
    endloop
  endfacet
  facet normal 0 0 0
    outer loop
      vertex 7.000000 3.000000 0.000000
      vertex 6.000000 3.000000 0.000000
      vertex 6.000000 3.000000 1.000000
    endloop
  endfacet
  facet normal 0 0 0
    outer loop
      vertex 7.000000 3.000000 0.000000
      vertex 6.000000 3.000000 1.000000
      vertex 7.000000 3.000000 1.000000
    endloop
  endfacet
  facet normal 0 0 0
    outer loop
      vertex 7.000000 2.000000 0.000000
      vertex 7.000000 3.000000 0.000000
      vertex 7.000000 3.000000 1.000000
    endloop
  endfacet
  facet normal 0 0 0
    outer loop
      vertex 7.000000 2.000000 0.000000
      vertex 7.000000 3.000000 1.000000
      vertex 7.000000 2.000000 1.000000
    endloop
  endfacet
  facet normal 0 0 0
    outer loop
      vertex 6.000000 3.000000 0.000000
      vertex 6.000000 2.000000 0.000000
      vertex 6.000000 2.000000 1.000000
    endloop
  endfacet
  facet normal 0 0 0
    outer loop
      vertex 6.000000 3.000000 0.000000
      vertex 6.000000 2.000000 1.000000
      vertex 6.000000 3.000000 1.000000
    endloop
  endfacet
  facet normal 0 0 0
    outer loop
      vertex 6.000000 2.000000 1.000000
      vertex 7.000000 3.000000 1.000000
      vertex 7.000000 2.000000 1.000000
    endloop
  endfacet
  facet normal 0 0 0
    outer loop
      vertex 6.000000 2.000000 1.000000
      vertex 6.000000 3.000000 1.000000
      vertex 7.000000 3.000000 1.000000
    endloop
  endfacet
  facet normal 0 0 0
    outer loop
      vertex 6.000000 2.000000 2.000000
      vertex 7.000000 2.000000 2.000000
      vertex 7.000000 3.000000 2.000000
    endloop
  endfacet
  facet normal 0 0 0
    outer loop
      vertex 6.000000 2.000000 2.000000
      vertex 7.000000 3.000000 2.000000
      vertex 6.000000 3.000000 2.000000
    endloop
  endfacet
  facet normal 0 0 0
    outer loop
      vertex 6.000000 2.000000 1.000000
      vertex 7.000000 2.000000 1.000000
      vertex 7.000000 2.000000 2.000000
    endloop
  endfacet
  facet normal 0 0 0
    outer loop
      vertex 6.000000 2.000000 1.000000
      vertex 7.000000 2.000000 2.000000
      vertex 6.000000 2.000000 2.000000
    endloop
  endfacet
  facet normal 0 0 0
    outer loop
      vertex 7.000000 3.000000 1.000000
      vertex 6.000000 3.000000 1.000000
      vertex 6.000000 3.000000 2.000000
    endloop
  endfacet
  facet normal 0 0 0
    outer loop
      vertex 7.000000 3.000000 1.000000
      vertex 6.000000 3.000000 2.000000
      vertex 7.000000 3.000000 2.000000
    endloop
  endfacet
  facet normal 0 0 0
    outer loop
      vertex 7.000000 2.000000 1.000000
      vertex 7.000000 3.000000 1.000000
      vertex 7.000000 3.000000 2.000000
    endloop
  endfacet
  facet normal 0 0 0
    outer loop
      vertex 7.000000 2.000000 1.000000
      vertex 7.000000 3.000000 2.000000
      vertex 7.000000 2.000000 2.000000
    endloop
  endfacet
  facet normal 0 0 0
    outer loop
      vertex 6.000000 3.000000 1.000000
      vertex 6.000000 2.000000 1.000000
      vertex 6.000000 2.000000 2.000000
    endloop
  endfacet
  facet normal 0 0 0
    outer loop
      vertex 6.000000 3.000000 1.000000
      vertex 6.000000 2.000000 2.000000
      vertex 6.000000 3.000000 2.000000
    endloop
  endfacet
  facet normal 0 0 0
    outer loop
      vertex 6.000000 2.000000 2.000000
      vertex 7.000000 3.000000 2.000000
      vertex 7.000000 2.000000 2.000000
    endloop
  endfacet
  facet normal 0 0 0
    outer loop
      vertex 6.000000 2.000000 2.000000
      vertex 6.000000 3.000000 2.000000
      vertex 7.000000 3.000000 2.000000
    endloop
  endfacet
  facet normal 0 0 0
    outer loop
      vertex 6.000000 2.000000 3.000000
      vertex 7.000000 2.000000 3.000000
      vertex 7.000000 3.000000 3.000000
    endloop
  endfacet
  facet normal 0 0 0
    outer loop
      vertex 6.000000 2.000000 3.000000
      vertex 7.000000 3.000000 3.000000
      vertex 6.000000 3.000000 3.000000
    endloop
  endfacet
  facet normal 0 0 0
    outer loop
      vertex 6.000000 2.000000 2.000000
      vertex 7.000000 2.000000 2.000000
      vertex 7.000000 2.000000 3.000000
    endloop
  endfacet
  facet normal 0 0 0
    outer loop
      vertex 6.000000 2.000000 2.000000
      vertex 7.000000 2.000000 3.000000
      vertex 6.000000 2.000000 3.000000
    endloop
  endfacet
  facet normal 0 0 0
    outer loop
      vertex 7.000000 3.000000 2.000000
      vertex 6.000000 3.000000 2.000000
      vertex 6.000000 3.000000 3.000000
    endloop
  endfacet
  facet normal 0 0 0
    outer loop
      vertex 7.000000 3.000000 2.000000
      vertex 6.000000 3.000000 3.000000
      vertex 7.000000 3.000000 3.000000
    endloop
  endfacet
  facet normal 0 0 0
    outer loop
      vertex 7.000000 2.000000 2.000000
      vertex 7.000000 3.000000 2.000000
      vertex 7.000000 3.000000 3.000000
    endloop
  endfacet
  facet normal 0 0 0
    outer loop
      vertex 7.000000 2.000000 2.000000
      vertex 7.000000 3.000000 3.000000
      vertex 7.000000 2.000000 3.000000
    endloop
  endfacet
  facet normal 0 0 0
    outer loop
      vertex 6.000000 3.000000 2.000000
      vertex 6.000000 2.000000 2.000000
      vertex 6.000000 2.000000 3.000000
    endloop
  endfacet
  facet normal 0 0 0
    outer loop
      vertex 6.000000 3.000000 2.000000
      vertex 6.000000 2.000000 3.000000
      vertex 6.000000 3.000000 3.000000
    endloop
  endfacet
  facet normal 0 0 0
    outer loop
      vertex 7.000000 0.000000 0.000000
      vertex 8.000000 1.000000 0.000000
      vertex 8.000000 0.000000 0.000000
    endloop
  endfacet
  facet normal 0 0 0
    outer loop
      vertex 7.000000 0.000000 0.000000
      vertex 7.000000 1.000000 0.000000
      vertex 8.000000 1.000000 0.000000
    endloop
  endfacet
  facet normal 0 0 0
    outer loop
      vertex 7.000000 0.000000 1.000000
      vertex 8.000000 0.000000 1.000000
      vertex 8.000000 1.000000 1.000000
    endloop
  endfacet
  facet normal 0 0 0
    outer loop
      vertex 7.000000 0.000000 1.000000
      vertex 8.000000 1.000000 1.000000
      vertex 7.000000 1.000000 1.000000
    endloop
  endfacet
  facet normal 0 0 0
    outer loop
      vertex 7.000000 0.000000 0.000000
      vertex 8.000000 0.000000 0.000000
      vertex 8.000000 0.000000 1.000000
    endloop
  endfacet
  facet normal 0 0 0
    outer loop
      vertex 7.000000 0.000000 0.000000
      vertex 8.000000 0.000000 1.000000
      vertex 7.000000 0.000000 1.000000
    endloop
  endfacet
  facet normal 0 0 0
    outer loop
      vertex 8.000000 1.000000 0.000000
      vertex 7.000000 1.000000 0.000000
      vertex 7.000000 1.000000 1.000000
    endloop
  endfacet
  facet normal 0 0 0
    outer loop
      vertex 8.000000 1.000000 0.000000
      vertex 7.000000 1.000000 1.000000
      vertex 8.000000 1.000000 1.000000
    endloop
  endfacet
  facet normal 0 0 0
    outer loop
      vertex 8.000000 0.000000 0.000000
      vertex 8.000000 1.000000 0.000000
      vertex 8.000000 1.000000 1.000000
    endloop
  endfacet
  facet normal 0 0 0
    outer loop
      vertex 8.000000 0.000000 0.000000
      vertex 8.000000 1.000000 1.000000
      vertex 8.000000 0.000000 1.000000
    endloop
  endfacet
  facet normal 0 0 0
    outer loop
      vertex 7.000000 1.000000 0.000000
      vertex 7.000000 0.000000 0.000000
      vertex 7.000000 0.000000 1.000000
    endloop
  endfacet
  facet normal 0 0 0
    outer loop
      vertex 7.000000 1.000000 0.000000
      vertex 7.000000 0.000000 1.000000
      vertex 7.000000 1.000000 1.000000
    endloop
  endfacet
  facet normal 0 0 0
    outer loop
      vertex 7.000000 0.000000 2.000000
      vertex 8.000000 1.000000 2.000000
      vertex 8.000000 0.000000 2.000000
    endloop
  endfacet
  facet normal 0 0 0
    outer loop
      vertex 7.000000 0.000000 2.000000
      vertex 7.000000 1.000000 2.000000
      vertex 8.000000 1.000000 2.000000
    endloop
  endfacet
  facet normal 0 0 0
    outer loop
      vertex 7.000000 0.000000 3.000000
      vertex 8.000000 0.000000 3.000000
      vertex 8.000000 1.000000 3.000000
    endloop
  endfacet
  facet normal 0 0 0
    outer loop
      vertex 7.000000 0.000000 3.000000
      vertex 8.000000 1.000000 3.000000
      vertex 7.000000 1.000000 3.000000
    endloop
  endfacet
  facet normal 0 0 0
    outer loop
      vertex 7.000000 0.000000 2.000000
      vertex 8.000000 0.000000 2.000000
      vertex 8.000000 0.000000 3.000000
    endloop
  endfacet
  facet normal 0 0 0
    outer loop
      vertex 7.000000 0.000000 2.000000
      vertex 8.000000 0.000000 3.000000
      vertex 7.000000 0.000000 3.000000
    endloop
  endfacet
  facet normal 0 0 0
    outer loop
      vertex 8.000000 1.000000 2.000000
      vertex 7.000000 1.000000 2.000000
      vertex 7.000000 1.000000 3.000000
    endloop
  endfacet
  facet normal 0 0 0
    outer loop
      vertex 8.000000 1.000000 2.000000
      vertex 7.000000 1.000000 3.000000
      vertex 8.000000 1.000000 3.000000
    endloop
  endfacet
  facet normal 0 0 0
    outer loop
      vertex 8.000000 0.000000 2.000000
      vertex 8.000000 1.000000 2.000000
      vertex 8.000000 1.000000 3.000000
    endloop
  endfacet
  facet normal 0 0 0
    outer loop
      vertex 8.000000 0.000000 2.000000
      vertex 8.000000 1.000000 3.000000
      vertex 8.000000 0.000000 3.000000
    endloop
  endfacet
  facet normal 0 0 0
    outer loop
      vertex 7.000000 1.000000 2.000000
      vertex 7.000000 0.000000 2.000000
      vertex 7.000000 0.000000 3.000000
    endloop
  endfacet
  facet normal 0 0 0
    outer loop
      vertex 7.000000 1.000000 2.000000
      vertex 7.000000 0.000000 3.000000
      vertex 7.000000 1.000000 3.000000
    endloop
  endfacet
  facet normal 0 0 0
    outer loop
      vertex 7.000000 2.000000 0.000000
      vertex 8.000000 3.000000 0.000000
      vertex 8.000000 2.000000 0.000000
    endloop
  endfacet
  facet normal 0 0 0
    outer loop
      vertex 7.000000 2.000000 0.000000
      vertex 7.000000 3.000000 0.000000
      vertex 8.000000 3.000000 0.000000
    endloop
  endfacet
  facet normal 0 0 0
    outer loop
      vertex 7.000000 2.000000 1.000000
      vertex 8.000000 2.000000 1.000000
      vertex 8.000000 3.000000 1.000000
    endloop
  endfacet
  facet normal 0 0 0
    outer loop
      vertex 7.000000 2.000000 1.000000
      vertex 8.000000 3.000000 1.000000
      vertex 7.000000 3.000000 1.000000
    endloop
  endfacet
  facet normal 0 0 0
    outer loop
      vertex 7.000000 2.000000 0.000000
      vertex 8.000000 2.000000 0.000000
      vertex 8.000000 2.000000 1.000000
    endloop
  endfacet
  facet normal 0 0 0
    outer loop
      vertex 7.000000 2.000000 0.000000
      vertex 8.000000 2.000000 1.000000
      vertex 7.000000 2.000000 1.000000
    endloop
  endfacet
  facet normal 0 0 0
    outer loop
      vertex 8.000000 3.000000 0.000000
      vertex 7.000000 3.000000 0.000000
      vertex 7.000000 3.000000 1.000000
    endloop
  endfacet
  facet normal 0 0 0
    outer loop
      vertex 8.000000 3.000000 0.000000
      vertex 7.000000 3.000000 1.000000
      vertex 8.000000 3.000000 1.000000
    endloop
  endfacet
  facet normal 0 0 0
    outer loop
      vertex 8.000000 2.000000 0.000000
      vertex 8.000000 3.000000 0.000000
      vertex 8.000000 3.000000 1.000000
    endloop
  endfacet
  facet normal 0 0 0
    outer loop
      vertex 8.000000 2.000000 0.000000
      vertex 8.000000 3.000000 1.000000
      vertex 8.000000 2.000000 1.000000
    endloop
  endfacet
  facet normal 0 0 0
    outer loop
      vertex 7.000000 3.000000 0.000000
      vertex 7.000000 2.000000 0.000000
      vertex 7.000000 2.000000 1.000000
    endloop
  endfacet
  facet normal 0 0 0
    outer loop
      vertex 7.000000 3.000000 0.000000
      vertex 7.000000 2.000000 1.000000
      vertex 7.000000 3.000000 1.000000
    endloop
  endfacet
  facet normal 0 0 0
    outer loop
      vertex 7.000000 2.000000 2.000000
      vertex 8.000000 3.000000 2.000000
      vertex 8.000000 2.000000 2.000000
    endloop
  endfacet
  facet normal 0 0 0
    outer loop
      vertex 7.000000 2.000000 2.000000
      vertex 7.000000 3.000000 2.000000
      vertex 8.000000 3.000000 2.000000
    endloop
  endfacet
  facet normal 0 0 0
    outer loop
      vertex 7.000000 2.000000 3.000000
      vertex 8.000000 2.000000 3.000000
      vertex 8.000000 3.000000 3.000000
    endloop
  endfacet
  facet normal 0 0 0
    outer loop
      vertex 7.000000 2.000000 3.000000
      vertex 8.000000 3.000000 3.000000
      vertex 7.000000 3.000000 3.000000
    endloop
  endfacet
  facet normal 0 0 0
    outer loop
      vertex 7.000000 2.000000 2.000000
      vertex 8.000000 2.000000 2.000000
      vertex 8.000000 2.000000 3.000000
    endloop
  endfacet
  facet normal 0 0 0
    outer loop
      vertex 7.000000 2.000000 2.000000
      vertex 8.000000 2.000000 3.000000
      vertex 7.000000 2.000000 3.000000
    endloop
  endfacet
  facet normal 0 0 0
    outer loop
      vertex 8.000000 3.000000 2.000000
      vertex 7.000000 3.000000 2.000000
      vertex 7.000000 3.000000 3.000000
    endloop
  endfacet
  facet normal 0 0 0
    outer loop
      vertex 8.000000 3.000000 2.000000
      vertex 7.000000 3.000000 3.000000
      vertex 8.000000 3.000000 3.000000
    endloop
  endfacet
  facet normal 0 0 0
    outer loop
      vertex 8.000000 2.000000 2.000000
      vertex 8.000000 3.000000 2.000000
      vertex 8.000000 3.000000 3.000000
    endloop
  endfacet
  facet normal 0 0 0
    outer loop
      vertex 8.000000 2.000000 2.000000
      vertex 8.000000 3.000000 3.000000
      vertex 8.000000 2.000000 3.000000
    endloop
  endfacet
  facet normal 0 0 0
    outer loop
      vertex 7.000000 3.000000 2.000000
      vertex 7.000000 2.000000 2.000000
      vertex 7.000000 2.000000 3.000000
    endloop
  endfacet
  facet normal 0 0 0
    outer loop
      vertex 7.000000 3.000000 2.000000
      vertex 7.000000 2.000000 3.000000
      vertex 7.000000 3.000000 3.000000
    endloop
  endfacet
  facet normal 0 0 0
    outer loop
      vertex 8.000000 0.000000 0.000000
      vertex 9.000000 1.000000 0.000000
      vertex 9.000000 0.000000 0.000000
    endloop
  endfacet
  facet normal 0 0 0
    outer loop
      vertex 8.000000 0.000000 0.000000
      vertex 8.000000 1.000000 0.000000
      vertex 9.000000 1.000000 0.000000
    endloop
  endfacet
  facet normal 0 0 0
    outer loop
      vertex 8.000000 0.000000 1.000000
      vertex 9.000000 0.000000 1.000000
      vertex 9.000000 1.000000 1.000000
    endloop
  endfacet
  facet normal 0 0 0
    outer loop
      vertex 8.000000 0.000000 1.000000
      vertex 9.000000 1.000000 1.000000
      vertex 8.000000 1.000000 1.000000
    endloop
  endfacet
  facet normal 0 0 0
    outer loop
      vertex 8.000000 0.000000 0.000000
      vertex 9.000000 0.000000 0.000000
      vertex 9.000000 0.000000 1.000000
    endloop
  endfacet
  facet normal 0 0 0
    outer loop
      vertex 8.000000 0.000000 0.000000
      vertex 9.000000 0.000000 1.000000
      vertex 8.000000 0.000000 1.000000
    endloop
  endfacet
  facet normal 0 0 0
    outer loop
      vertex 9.000000 1.000000 0.000000
      vertex 8.000000 1.000000 0.000000
      vertex 8.000000 1.000000 1.000000
    endloop
  endfacet
  facet normal 0 0 0
    outer loop
      vertex 9.000000 1.000000 0.000000
      vertex 8.000000 1.000000 1.000000
      vertex 9.000000 1.000000 1.000000
    endloop
  endfacet
  facet normal 0 0 0
    outer loop
      vertex 9.000000 0.000000 0.000000
      vertex 9.000000 1.000000 0.000000
      vertex 9.000000 1.000000 1.000000
    endloop
  endfacet
  facet normal 0 0 0
    outer loop
      vertex 9.000000 0.000000 0.000000
      vertex 9.000000 1.000000 1.000000
      vertex 9.000000 0.000000 1.000000
    endloop
  endfacet
  facet normal 0 0 0
    outer loop
      vertex 8.000000 1.000000 0.000000
      vertex 8.000000 0.000000 0.000000
      vertex 8.000000 0.000000 1.000000
    endloop
  endfacet
  facet normal 0 0 0
    outer loop
      vertex 8.000000 1.000000 0.000000
      vertex 8.000000 0.000000 1.000000
      vertex 8.000000 1.000000 1.000000
    endloop
  endfacet
  facet normal 0 0 0
    outer loop
      vertex 8.000000 0.000000 1.000000
      vertex 9.000000 1.000000 1.000000
      vertex 9.000000 0.000000 1.000000
    endloop
  endfacet
  facet normal 0 0 0
    outer loop
      vertex 8.000000 0.000000 1.000000
      vertex 8.000000 1.000000 1.000000
      vertex 9.000000 1.000000 1.000000
    endloop
  endfacet
  facet normal 0 0 0
    outer loop
      vertex 8.000000 0.000000 2.000000
      vertex 9.000000 0.000000 2.000000
      vertex 9.000000 1.000000 2.000000
    endloop
  endfacet
  facet normal 0 0 0
    outer loop
      vertex 8.000000 0.000000 2.000000
      vertex 9.000000 1.000000 2.000000
      vertex 8.000000 1.000000 2.000000
    endloop
  endfacet
  facet normal 0 0 0
    outer loop
      vertex 8.000000 0.000000 1.000000
      vertex 9.000000 0.000000 1.000000
      vertex 9.000000 0.000000 2.000000
    endloop
  endfacet
  facet normal 0 0 0
    outer loop
      vertex 8.000000 0.000000 1.000000
      vertex 9.000000 0.000000 2.000000
      vertex 8.000000 0.000000 2.000000
    endloop
  endfacet
  facet normal 0 0 0
    outer loop
      vertex 9.000000 1.000000 1.000000
      vertex 8.000000 1.000000 1.000000
      vertex 8.000000 1.000000 2.000000
    endloop
  endfacet
  facet normal 0 0 0
    outer loop
      vertex 9.000000 1.000000 1.000000
      vertex 8.000000 1.000000 2.000000
      vertex 9.000000 1.000000 2.000000
    endloop
  endfacet
  facet normal 0 0 0
    outer loop
      vertex 9.000000 0.000000 1.000000
      vertex 9.000000 1.000000 1.000000
      vertex 9.000000 1.000000 2.000000
    endloop
  endfacet
  facet normal 0 0 0
    outer loop
      vertex 9.000000 0.000000 1.000000
      vertex 9.000000 1.000000 2.000000
      vertex 9.000000 0.000000 2.000000
    endloop
  endfacet
  facet normal 0 0 0
    outer loop
      vertex 8.000000 1.000000 1.000000
      vertex 8.000000 0.000000 1.000000
      vertex 8.000000 0.000000 2.000000
    endloop
  endfacet
  facet normal 0 0 0
    outer loop
      vertex 8.000000 1.000000 1.000000
      vertex 8.000000 0.000000 2.000000
      vertex 8.000000 1.000000 2.000000
    endloop
  endfacet
  facet normal 0 0 0
    outer loop
      vertex 8.000000 0.000000 2.000000
      vertex 9.000000 1.000000 2.000000
      vertex 9.000000 0.000000 2.000000
    endloop
  endfacet
  facet normal 0 0 0
    outer loop
      vertex 8.000000 0.000000 2.000000
      vertex 8.000000 1.000000 2.000000
      vertex 9.000000 1.000000 2.000000
    endloop
  endfacet
  facet normal 0 0 0
    outer loop
      vertex 8.000000 0.000000 3.000000
      vertex 9.000000 0.000000 3.000000
      vertex 9.000000 1.000000 3.000000
    endloop
  endfacet
  facet normal 0 0 0
    outer loop
      vertex 8.000000 0.000000 3.000000
      vertex 9.000000 1.000000 3.000000
      vertex 8.000000 1.000000 3.000000
    endloop
  endfacet
  facet normal 0 0 0
    outer loop
      vertex 8.000000 0.000000 2.000000
      vertex 9.000000 0.000000 2.000000
      vertex 9.000000 0.000000 3.000000
    endloop
  endfacet
  facet normal 0 0 0
    outer loop
      vertex 8.000000 0.000000 2.000000
      vertex 9.000000 0.000000 3.000000
      vertex 8.000000 0.000000 3.000000
    endloop
  endfacet
  facet normal 0 0 0
    outer loop
      vertex 9.000000 1.000000 2.000000
      vertex 8.000000 1.000000 2.000000
      vertex 8.000000 1.000000 3.000000
    endloop
  endfacet
  facet normal 0 0 0
    outer loop
      vertex 9.000000 1.000000 2.000000
      vertex 8.000000 1.000000 3.000000
      vertex 9.000000 1.000000 3.000000
    endloop
  endfacet
  facet normal 0 0 0
    outer loop
      vertex 9.000000 0.000000 2.000000
      vertex 9.000000 1.000000 2.000000
      vertex 9.000000 1.000000 3.000000
    endloop
  endfacet
  facet normal 0 0 0
    outer loop
      vertex 9.000000 0.000000 2.000000
      vertex 9.000000 1.000000 3.000000
      vertex 9.000000 0.000000 3.000000
    endloop
  endfacet
  facet normal 0 0 0
    outer loop
      vertex 8.000000 1.000000 2.000000
      vertex 8.000000 0.000000 2.000000
      vertex 8.000000 0.000000 3.000000
    endloop
  endfacet
  facet normal 0 0 0
    outer loop
      vertex 8.000000 1.000000 2.000000
      vertex 8.000000 0.000000 3.000000
      vertex 8.000000 1.000000 3.000000
    endloop
  endfacet
  facet normal 0 0 0
    outer loop
      vertex 8.000000 1.000000 0.000000
      vertex 9.000000 2.000000 0.000000
      vertex 9.000000 1.000000 0.000000
    endloop
  endfacet
  facet normal 0 0 0
    outer loop
      vertex 8.000000 1.000000 0.000000
      vertex 8.000000 2.000000 0.000000
      vertex 9.000000 2.000000 0.000000
    endloop
  endfacet
  facet normal 0 0 0
    outer loop
      vertex 8.000000 1.000000 1.000000
      vertex 9.000000 1.000000 1.000000
      vertex 9.000000 2.000000 1.000000
    endloop
  endfacet
  facet normal 0 0 0
    outer loop
      vertex 8.000000 1.000000 1.000000
      vertex 9.000000 2.000000 1.000000
      vertex 8.000000 2.000000 1.000000
    endloop
  endfacet
  facet normal 0 0 0
    outer loop
      vertex 8.000000 1.000000 0.000000
      vertex 9.000000 1.000000 0.000000
      vertex 9.000000 1.000000 1.000000
    endloop
  endfacet
  facet normal 0 0 0
    outer loop
      vertex 8.000000 1.000000 0.000000
      vertex 9.000000 1.000000 1.000000
      vertex 8.000000 1.000000 1.000000
    endloop
  endfacet
  facet normal 0 0 0
    outer loop
      vertex 9.000000 2.000000 0.000000
      vertex 8.000000 2.000000 0.000000
      vertex 8.000000 2.000000 1.000000
    endloop
  endfacet
  facet normal 0 0 0
    outer loop
      vertex 9.000000 2.000000 0.000000
      vertex 8.000000 2.000000 1.000000
      vertex 9.000000 2.000000 1.000000
    endloop
  endfacet
  facet normal 0 0 0
    outer loop
      vertex 9.000000 1.000000 0.000000
      vertex 9.000000 2.000000 0.000000
      vertex 9.000000 2.000000 1.000000
    endloop
  endfacet
  facet normal 0 0 0
    outer loop
      vertex 9.000000 1.000000 0.000000
      vertex 9.000000 2.000000 1.000000
      vertex 9.000000 1.000000 1.000000
    endloop
  endfacet
  facet normal 0 0 0
    outer loop
      vertex 8.000000 2.000000 0.000000
      vertex 8.000000 1.000000 0.000000
      vertex 8.000000 1.000000 1.000000
    endloop
  endfacet
  facet normal 0 0 0
    outer loop
      vertex 8.000000 2.000000 0.000000
      vertex 8.000000 1.000000 1.000000
      vertex 8.000000 2.000000 1.000000
    endloop
  endfacet
  facet normal 0 0 0
    outer loop
      vertex 8.000000 1.000000 2.000000
      vertex 9.000000 2.000000 2.000000
      vertex 9.000000 1.000000 2.000000
    endloop
  endfacet
  facet normal 0 0 0
    outer loop
      vertex 8.000000 1.000000 2.000000
      vertex 8.000000 2.000000 2.000000
      vertex 9.000000 2.000000 2.000000
    endloop
  endfacet
  facet normal 0 0 0
    outer loop
      vertex 8.000000 1.000000 3.000000
      vertex 9.000000 1.000000 3.000000
      vertex 9.000000 2.000000 3.000000
    endloop
  endfacet
  facet normal 0 0 0
    outer loop
      vertex 8.000000 1.000000 3.000000
      vertex 9.000000 2.000000 3.000000
      vertex 8.000000 2.000000 3.000000
    endloop
  endfacet
  facet normal 0 0 0
    outer loop
      vertex 8.000000 1.000000 2.000000
      vertex 9.000000 1.000000 2.000000
      vertex 9.000000 1.000000 3.000000
    endloop
  endfacet
  facet normal 0 0 0
    outer loop
      vertex 8.000000 1.000000 2.000000
      vertex 9.000000 1.000000 3.000000
      vertex 8.000000 1.000000 3.000000
    endloop
  endfacet
  facet normal 0 0 0
    outer loop
      vertex 9.000000 2.000000 2.000000
      vertex 8.000000 2.000000 2.000000
      vertex 8.000000 2.000000 3.000000
    endloop
  endfacet
  facet normal 0 0 0
    outer loop
      vertex 9.000000 2.000000 2.000000
      vertex 8.000000 2.000000 3.000000
      vertex 9.000000 2.000000 3.000000
    endloop
  endfacet
  facet normal 0 0 0
    outer loop
      vertex 9.000000 1.000000 2.000000
      vertex 9.000000 2.000000 2.000000
      vertex 9.000000 2.000000 3.000000
    endloop
  endfacet
  facet normal 0 0 0
    outer loop
      vertex 9.000000 1.000000 2.000000
      vertex 9.000000 2.000000 3.000000
      vertex 9.000000 1.000000 3.000000
    endloop
  endfacet
  facet normal 0 0 0
    outer loop
      vertex 8.000000 2.000000 2.000000
      vertex 8.000000 1.000000 2.000000
      vertex 8.000000 1.000000 3.000000
    endloop
  endfacet
  facet normal 0 0 0
    outer loop
      vertex 8.000000 2.000000 2.000000
      vertex 8.000000 1.000000 3.000000
      vertex 8.000000 2.000000 3.000000
    endloop
  endfacet
  facet normal 0 0 0
    outer loop
      vertex 8.000000 2.000000 0.000000
      vertex 9.000000 3.000000 0.000000
      vertex 9.000000 2.000000 0.000000
    endloop
  endfacet
  facet normal 0 0 0
    outer loop
      vertex 8.000000 2.000000 0.000000
      vertex 8.000000 3.000000 0.000000
      vertex 9.000000 3.000000 0.000000
    endloop
  endfacet
  facet normal 0 0 0
    outer loop
      vertex 8.000000 2.000000 1.000000
      vertex 9.000000 2.000000 1.000000
      vertex 9.000000 3.000000 1.000000
    endloop
  endfacet
  facet normal 0 0 0
    outer loop
      vertex 8.000000 2.000000 1.000000
      vertex 9.000000 3.000000 1.000000
      vertex 8.000000 3.000000 1.000000
    endloop
  endfacet
  facet normal 0 0 0
    outer loop
      vertex 8.000000 2.000000 0.000000
      vertex 9.000000 2.000000 0.000000
      vertex 9.000000 2.000000 1.000000
    endloop
  endfacet
  facet normal 0 0 0
    outer loop
      vertex 8.000000 2.000000 0.000000
      vertex 9.000000 2.000000 1.000000
      vertex 8.000000 2.000000 1.000000
    endloop
  endfacet
  facet normal 0 0 0
    outer loop
      vertex 9.000000 3.000000 0.000000
      vertex 8.000000 3.000000 0.000000
      vertex 8.000000 3.000000 1.000000
    endloop
  endfacet
  facet normal 0 0 0
    outer loop
      vertex 9.000000 3.000000 0.000000
      vertex 8.000000 3.000000 1.000000
      vertex 9.000000 3.000000 1.000000
    endloop
  endfacet
  facet normal 0 0 0
    outer loop
      vertex 9.000000 2.000000 0.000000
      vertex 9.000000 3.000000 0.000000
      vertex 9.000000 3.000000 1.000000
    endloop
  endfacet
  facet normal 0 0 0
    outer loop
      vertex 9.000000 2.000000 0.000000
      vertex 9.000000 3.000000 1.000000
      vertex 9.000000 2.000000 1.000000
    endloop
  endfacet
  facet normal 0 0 0
    outer loop
      vertex 8.000000 3.000000 0.000000
      vertex 8.000000 2.000000 0.000000
      vertex 8.000000 2.000000 1.000000
    endloop
  endfacet
  facet normal 0 0 0
    outer loop
      vertex 8.000000 3.000000 0.000000
      vertex 8.000000 2.000000 1.000000
      vertex 8.000000 3.000000 1.000000
    endloop
  endfacet
  facet normal 0 0 0
    outer loop
      vertex 8.000000 2.000000 1.000000
      vertex 9.000000 3.000000 1.000000
      vertex 9.000000 2.000000 1.000000
    endloop
  endfacet
  facet normal 0 0 0
    outer loop
      vertex 8.000000 2.000000 1.000000
      vertex 8.000000 3.000000 1.000000
      vertex 9.000000 3.000000 1.000000
    endloop
  endfacet
  facet normal 0 0 0
    outer loop
      vertex 8.000000 2.000000 2.000000
      vertex 9.000000 2.000000 2.000000
      vertex 9.000000 3.000000 2.000000
    endloop
  endfacet
  facet normal 0 0 0
    outer loop
      vertex 8.000000 2.000000 2.000000
      vertex 9.000000 3.000000 2.000000
      vertex 8.000000 3.000000 2.000000
    endloop
  endfacet
  facet normal 0 0 0
    outer loop
      vertex 8.000000 2.000000 1.000000
      vertex 9.000000 2.000000 1.000000
      vertex 9.000000 2.000000 2.000000
    endloop
  endfacet
  facet normal 0 0 0
    outer loop
      vertex 8.000000 2.000000 1.000000
      vertex 9.000000 2.000000 2.000000
      vertex 8.000000 2.000000 2.000000
    endloop
  endfacet
  facet normal 0 0 0
    outer loop
      vertex 9.000000 3.000000 1.000000
      vertex 8.000000 3.000000 1.000000
      vertex 8.000000 3.000000 2.000000
    endloop
  endfacet
  facet normal 0 0 0
    outer loop
      vertex 9.000000 3.000000 1.000000
      vertex 8.000000 3.000000 2.000000
      vertex 9.000000 3.000000 2.000000
    endloop
  endfacet
  facet normal 0 0 0
    outer loop
      vertex 9.000000 2.000000 1.000000
      vertex 9.000000 3.000000 1.000000
      vertex 9.000000 3.000000 2.000000
    endloop
  endfacet
  facet normal 0 0 0
    outer loop
      vertex 9.000000 2.000000 1.000000
      vertex 9.000000 3.000000 2.000000
      vertex 9.000000 2.000000 2.000000
    endloop
  endfacet
  facet normal 0 0 0
    outer loop
      vertex 8.000000 3.000000 1.000000
      vertex 8.000000 2.000000 1.000000
      vertex 8.000000 2.000000 2.000000
    endloop
  endfacet
  facet normal 0 0 0
    outer loop
      vertex 8.000000 3.000000 1.000000
      vertex 8.000000 2.000000 2.000000
      vertex 8.000000 3.000000 2.000000
    endloop
  endfacet
  facet normal 0 0 0
    outer loop
      vertex 8.000000 2.000000 2.000000
      vertex 9.000000 3.000000 2.000000
      vertex 9.000000 2.000000 2.000000
    endloop
  endfacet
  facet normal 0 0 0
    outer loop
      vertex 8.000000 2.000000 2.000000
      vertex 8.000000 3.000000 2.000000
      vertex 9.000000 3.000000 2.000000
    endloop
  endfacet
  facet normal 0 0 0
    outer loop
      vertex 8.000000 2.000000 3.000000
      vertex 9.000000 2.000000 3.000000
      vertex 9.000000 3.000000 3.000000
    endloop
  endfacet
  facet normal 0 0 0
    outer loop
      vertex 8.000000 2.000000 3.000000
      vertex 9.000000 3.000000 3.000000
      vertex 8.000000 3.000000 3.000000
    endloop
  endfacet
  facet normal 0 0 0
    outer loop
      vertex 8.000000 2.000000 2.000000
      vertex 9.000000 2.000000 2.000000
      vertex 9.000000 2.000000 3.000000
    endloop
  endfacet
  facet normal 0 0 0
    outer loop
      vertex 8.000000 2.000000 2.000000
      vertex 9.000000 2.000000 3.000000
      vertex 8.000000 2.000000 3.000000
    endloop
  endfacet
  facet normal 0 0 0
    outer loop
      vertex 9.000000 3.000000 2.000000
      vertex 8.000000 3.000000 2.000000
      vertex 8.000000 3.000000 3.000000
    endloop
  endfacet
  facet normal 0 0 0
    outer loop
      vertex 9.000000 3.000000 2.000000
      vertex 8.000000 3.000000 3.000000
      vertex 9.000000 3.000000 3.000000
    endloop
  endfacet
  facet normal 0 0 0
    outer loop
      vertex 9.000000 2.000000 2.000000
      vertex 9.000000 3.000000 2.000000
      vertex 9.000000 3.000000 3.000000
    endloop
  endfacet
  facet normal 0 0 0
    outer loop
      vertex 9.000000 2.000000 2.000000
      vertex 9.000000 3.000000 3.000000
      vertex 9.000000 2.000000 3.000000
    endloop
  endfacet
  facet normal 0 0 0
    outer loop
      vertex 8.000000 3.000000 2.000000
      vertex 8.000000 2.000000 2.000000
      vertex 8.000000 2.000000 3.000000
    endloop
  endfacet
  facet normal 0 0 0
    outer loop
      vertex 8.000000 3.000000 2.000000
      vertex 8.000000 2.000000 3.000000
      vertex 8.000000 3.000000 3.000000
    endloop
  endfacet
  facet normal 0 0 0
    outer loop
      vertex 6.000000 0.000000 3.000000
      vertex 7.000000 1.000000 3.000000
      vertex 7.000000 0.000000 3.000000
    endloop
  endfacet
  facet normal 0 0 0
    outer loop
      vertex 6.000000 0.000000 3.000000
      vertex 6.000000 1.000000 3.000000
      vertex 7.000000 1.000000 3.000000
    endloop
  endfacet
  facet normal 0 0 0
    outer loop
      vertex 6.000000 0.000000 4.000000
      vertex 7.000000 0.000000 4.000000
      vertex 7.000000 1.000000 4.000000
    endloop
  endfacet
  facet normal 0 0 0
    outer loop
      vertex 6.000000 0.000000 4.000000
      vertex 7.000000 1.000000 4.000000
      vertex 6.000000 1.000000 4.000000
    endloop
  endfacet
  facet normal 0 0 0
    outer loop
      vertex 6.000000 0.000000 3.000000
      vertex 7.000000 0.000000 3.000000
      vertex 7.000000 0.000000 4.000000
    endloop
  endfacet
  facet normal 0 0 0
    outer loop
      vertex 6.000000 0.000000 3.000000
      vertex 7.000000 0.000000 4.000000
      vertex 6.000000 0.000000 4.000000
    endloop
  endfacet
  facet normal 0 0 0
    outer loop
      vertex 7.000000 1.000000 3.000000
      vertex 6.000000 1.000000 3.000000
      vertex 6.000000 1.000000 4.000000
    endloop
  endfacet
  facet normal 0 0 0
    outer loop
      vertex 7.000000 1.000000 3.000000
      vertex 6.000000 1.000000 4.000000
      vertex 7.000000 1.000000 4.000000
    endloop
  endfacet
  facet normal 0 0 0
    outer loop
      vertex 7.000000 0.000000 3.000000
      vertex 7.000000 1.000000 3.000000
      vertex 7.000000 1.000000 4.000000
    endloop
  endfacet
  facet normal 0 0 0
    outer loop
      vertex 7.000000 0.000000 3.000000
      vertex 7.000000 1.000000 4.000000
      vertex 7.000000 0.000000 4.000000
    endloop
  endfacet
  facet normal 0 0 0
    outer loop
      vertex 6.000000 1.000000 3.000000
      vertex 6.000000 0.000000 3.000000
      vertex 6.000000 0.000000 4.000000
    endloop
  endfacet
  facet normal 0 0 0
    outer loop
      vertex 6.000000 1.000000 3.000000
      vertex 6.000000 0.000000 4.000000
      vertex 6.000000 1.000000 4.000000
    endloop
  endfacet
  facet normal 0 0 0
    outer loop
      vertex 6.000000 0.000000 4.000000
      vertex 7.000000 1.000000 4.000000
      vertex 7.000000 0.000000 4.000000
    endloop
  endfacet
  facet normal 0 0 0
    outer loop
      vertex 6.000000 0.000000 4.000000
      vertex 6.000000 1.000000 4.000000
      vertex 7.000000 1.000000 4.000000
    endloop
  endfacet
  facet normal 0 0 0
    outer loop
      vertex 6.000000 0.000000 5.000000
      vertex 7.000000 0.000000 5.000000
      vertex 7.000000 1.000000 5.000000
    endloop
  endfacet
  facet normal 0 0 0
    outer loop
      vertex 6.000000 0.000000 5.000000
      vertex 7.000000 1.000000 5.000000
      vertex 6.000000 1.000000 5.000000
    endloop
  endfacet
  facet normal 0 0 0
    outer loop
      vertex 6.000000 0.000000 4.000000
      vertex 7.000000 0.000000 4.000000
      vertex 7.000000 0.000000 5.000000
    endloop
  endfacet
  facet normal 0 0 0
    outer loop
      vertex 6.000000 0.000000 4.000000
      vertex 7.000000 0.000000 5.000000
      vertex 6.000000 0.000000 5.000000
    endloop
  endfacet
  facet normal 0 0 0
    outer loop
      vertex 7.000000 1.000000 4.000000
      vertex 6.000000 1.000000 4.000000
      vertex 6.000000 1.000000 5.000000
    endloop
  endfacet
  facet normal 0 0 0
    outer loop
      vertex 7.000000 1.000000 4.000000
      vertex 6.000000 1.000000 5.000000
      vertex 7.000000 1.000000 5.000000
    endloop
  endfacet
  facet normal 0 0 0
    outer loop
      vertex 7.000000 0.000000 4.000000
      vertex 7.000000 1.000000 4.000000
      vertex 7.000000 1.000000 5.000000
    endloop
  endfacet
  facet normal 0 0 0
    outer loop
      vertex 7.000000 0.000000 4.000000
      vertex 7.000000 1.000000 5.000000
      vertex 7.000000 0.000000 5.000000
    endloop
  endfacet
  facet normal 0 0 0
    outer loop
      vertex 6.000000 1.000000 4.000000
      vertex 6.000000 0.000000 4.000000
      vertex 6.000000 0.000000 5.000000
    endloop
  endfacet
  facet normal 0 0 0
    outer loop
      vertex 6.000000 1.000000 4.000000
      vertex 6.000000 0.000000 5.000000
      vertex 6.000000 1.000000 5.000000
    endloop
  endfacet
  facet normal 0 0 0
    outer loop
      vertex 6.000000 0.000000 5.000000
      vertex 7.000000 1.000000 5.000000
      vertex 7.000000 0.000000 5.000000
    endloop
  endfacet
  facet normal 0 0 0
    outer loop
      vertex 6.000000 0.000000 5.000000
      vertex 6.000000 1.000000 5.000000
      vertex 7.000000 1.000000 5.000000
    endloop
  endfacet
  facet normal 0 0 0
    outer loop
      vertex 6.000000 0.000000 6.000000
      vertex 7.000000 0.000000 6.000000
      vertex 7.000000 1.000000 6.000000
    endloop
  endfacet
  facet normal 0 0 0
    outer loop
      vertex 6.000000 0.000000 6.000000
      vertex 7.000000 1.000000 6.000000
      vertex 6.000000 1.000000 6.000000
    endloop
  endfacet
  facet normal 0 0 0
    outer loop
      vertex 6.000000 0.000000 5.000000
      vertex 7.000000 0.000000 5.000000
      vertex 7.000000 0.000000 6.000000
    endloop
  endfacet
  facet normal 0 0 0
    outer loop
      vertex 6.000000 0.000000 5.000000
      vertex 7.000000 0.000000 6.000000
      vertex 6.000000 0.000000 6.000000
    endloop
  endfacet
  facet normal 0 0 0
    outer loop
      vertex 7.000000 1.000000 5.000000
      vertex 6.000000 1.000000 5.000000
      vertex 6.000000 1.000000 6.000000
    endloop
  endfacet
  facet normal 0 0 0
    outer loop
      vertex 7.000000 1.000000 5.000000
      vertex 6.000000 1.000000 6.000000
      vertex 7.000000 1.000000 6.000000
    endloop
  endfacet
  facet normal 0 0 0
    outer loop
      vertex 7.000000 0.000000 5.000000
      vertex 7.000000 1.000000 5.000000
      vertex 7.000000 1.000000 6.000000
    endloop
  endfacet
  facet normal 0 0 0
    outer loop
      vertex 7.000000 0.000000 5.000000
      vertex 7.000000 1.000000 6.000000
      vertex 7.000000 0.000000 6.000000
    endloop
  endfacet
  facet normal 0 0 0
    outer loop
      vertex 6.000000 1.000000 5.000000
      vertex 6.000000 0.000000 5.000000
      vertex 6.000000 0.000000 6.000000
    endloop
  endfacet
  facet normal 0 0 0
    outer loop
      vertex 6.000000 1.000000 5.000000
      vertex 6.000000 0.000000 6.000000
      vertex 6.000000 1.000000 6.000000
    endloop
  endfacet
  facet normal 0 0 0
    outer loop
      vertex 6.000000 1.000000 3.000000
      vertex 7.000000 2.000000 3.000000
      vertex 7.000000 1.000000 3.000000
    endloop
  endfacet
  facet normal 0 0 0
    outer loop
      vertex 6.000000 1.000000 3.000000
      vertex 6.000000 2.000000 3.000000
      vertex 7.000000 2.000000 3.000000
    endloop
  endfacet
  facet normal 0 0 0
    outer loop
      vertex 6.000000 1.000000 4.000000
      vertex 7.000000 1.000000 4.000000
      vertex 7.000000 2.000000 4.000000
    endloop
  endfacet
  facet normal 0 0 0
    outer loop
      vertex 6.000000 1.000000 4.000000
      vertex 7.000000 2.000000 4.000000
      vertex 6.000000 2.000000 4.000000
    endloop
  endfacet
  facet normal 0 0 0
    outer loop
      vertex 6.000000 1.000000 3.000000
      vertex 7.000000 1.000000 3.000000
      vertex 7.000000 1.000000 4.000000
    endloop
  endfacet
  facet normal 0 0 0
    outer loop
      vertex 6.000000 1.000000 3.000000
      vertex 7.000000 1.000000 4.000000
      vertex 6.000000 1.000000 4.000000
    endloop
  endfacet
  facet normal 0 0 0
    outer loop
      vertex 7.000000 2.000000 3.000000
      vertex 6.000000 2.000000 3.000000
      vertex 6.000000 2.000000 4.000000
    endloop
  endfacet
  facet normal 0 0 0
    outer loop
      vertex 7.000000 2.000000 3.000000
      vertex 6.000000 2.000000 4.000000
      vertex 7.000000 2.000000 4.000000
    endloop
  endfacet
  facet normal 0 0 0
    outer loop
      vertex 7.000000 1.000000 3.000000
      vertex 7.000000 2.000000 3.000000
      vertex 7.000000 2.000000 4.000000
    endloop
  endfacet
  facet normal 0 0 0
    outer loop
      vertex 7.000000 1.000000 3.000000
      vertex 7.000000 2.000000 4.000000
      vertex 7.000000 1.000000 4.000000
    endloop
  endfacet
  facet normal 0 0 0
    outer loop
      vertex 6.000000 2.000000 3.000000
      vertex 6.000000 1.000000 3.000000
      vertex 6.000000 1.000000 4.000000
    endloop
  endfacet
  facet normal 0 0 0
    outer loop
      vertex 6.000000 2.000000 3.000000
      vertex 6.000000 1.000000 4.000000
      vertex 6.000000 2.000000 4.000000
    endloop
  endfacet
  facet normal 0 0 0
    outer loop
      vertex 6.000000 1.000000 5.000000
      vertex 7.000000 2.000000 5.000000
      vertex 7.000000 1.000000 5.000000
    endloop
  endfacet
  facet normal 0 0 0
    outer loop
      vertex 6.000000 1.000000 5.000000
      vertex 6.000000 2.000000 5.000000
      vertex 7.000000 2.000000 5.000000
    endloop
  endfacet
  facet normal 0 0 0
    outer loop
      vertex 6.000000 1.000000 6.000000
      vertex 7.000000 1.000000 6.000000
      vertex 7.000000 2.000000 6.000000
    endloop
  endfacet
  facet normal 0 0 0
    outer loop
      vertex 6.000000 1.000000 6.000000
      vertex 7.000000 2.000000 6.000000
      vertex 6.000000 2.000000 6.000000
    endloop
  endfacet
  facet normal 0 0 0
    outer loop
      vertex 6.000000 1.000000 5.000000
      vertex 7.000000 1.000000 5.000000
      vertex 7.000000 1.000000 6.000000
    endloop
  endfacet
  facet normal 0 0 0
    outer loop
      vertex 6.000000 1.000000 5.000000
      vertex 7.000000 1.000000 6.000000
      vertex 6.000000 1.000000 6.000000
    endloop
  endfacet
  facet normal 0 0 0
    outer loop
      vertex 7.000000 2.000000 5.000000
      vertex 6.000000 2.000000 5.000000
      vertex 6.000000 2.000000 6.000000
    endloop
  endfacet
  facet normal 0 0 0
    outer loop
      vertex 7.000000 2.000000 5.000000
      vertex 6.000000 2.000000 6.000000
      vertex 7.000000 2.000000 6.000000
    endloop
  endfacet
  facet normal 0 0 0
    outer loop
      vertex 7.000000 1.000000 5.000000
      vertex 7.000000 2.000000 5.000000
      vertex 7.000000 2.000000 6.000000
    endloop
  endfacet
  facet normal 0 0 0
    outer loop
      vertex 7.000000 1.000000 5.000000
      vertex 7.000000 2.000000 6.000000
      vertex 7.000000 1.000000 6.000000
    endloop
  endfacet
  facet normal 0 0 0
    outer loop
      vertex 6.000000 2.000000 5.000000
      vertex 6.000000 1.000000 5.000000
      vertex 6.000000 1.000000 6.000000
    endloop
  endfacet
  facet normal 0 0 0
    outer loop
      vertex 6.000000 2.000000 5.000000
      vertex 6.000000 1.000000 6.000000
      vertex 6.000000 2.000000 6.000000
    endloop
  endfacet
  facet normal 0 0 0
    outer loop
      vertex 6.000000 2.000000 3.000000
      vertex 7.000000 3.000000 3.000000
      vertex 7.000000 2.000000 3.000000
    endloop
  endfacet
  facet normal 0 0 0
    outer loop
      vertex 6.000000 2.000000 3.000000
      vertex 6.000000 3.000000 3.000000
      vertex 7.000000 3.000000 3.000000
    endloop
  endfacet
  facet normal 0 0 0
    outer loop
      vertex 6.000000 2.000000 4.000000
      vertex 7.000000 2.000000 4.000000
      vertex 7.000000 3.000000 4.000000
    endloop
  endfacet
  facet normal 0 0 0
    outer loop
      vertex 6.000000 2.000000 4.000000
      vertex 7.000000 3.000000 4.000000
      vertex 6.000000 3.000000 4.000000
    endloop
  endfacet
  facet normal 0 0 0
    outer loop
      vertex 6.000000 2.000000 3.000000
      vertex 7.000000 2.000000 3.000000
      vertex 7.000000 2.000000 4.000000
    endloop
  endfacet
  facet normal 0 0 0
    outer loop
      vertex 6.000000 2.000000 3.000000
      vertex 7.000000 2.000000 4.000000
      vertex 6.000000 2.000000 4.000000
    endloop
  endfacet
  facet normal 0 0 0
    outer loop
      vertex 7.000000 3.000000 3.000000
      vertex 6.000000 3.000000 3.000000
      vertex 6.000000 3.000000 4.000000
    endloop
  endfacet
  facet normal 0 0 0
    outer loop
      vertex 7.000000 3.000000 3.000000
      vertex 6.000000 3.000000 4.000000
      vertex 7.000000 3.000000 4.000000
    endloop
  endfacet
  facet normal 0 0 0
    outer loop
      vertex 7.000000 2.000000 3.000000
      vertex 7.000000 3.000000 3.000000
      vertex 7.000000 3.000000 4.000000
    endloop
  endfacet
  facet normal 0 0 0
    outer loop
      vertex 7.000000 2.000000 3.000000
      vertex 7.000000 3.000000 4.000000
      vertex 7.000000 2.000000 4.000000
    endloop
  endfacet
  facet normal 0 0 0
    outer loop
      vertex 6.000000 3.000000 3.000000
      vertex 6.000000 2.000000 3.000000
      vertex 6.000000 2.000000 4.000000
    endloop
  endfacet
  facet normal 0 0 0
    outer loop
      vertex 6.000000 3.000000 3.000000
      vertex 6.000000 2.000000 4.000000
      vertex 6.000000 3.000000 4.000000
    endloop
  endfacet
  facet normal 0 0 0
    outer loop
      vertex 6.000000 2.000000 4.000000
      vertex 7.000000 3.000000 4.000000
      vertex 7.000000 2.000000 4.000000
    endloop
  endfacet
  facet normal 0 0 0
    outer loop
      vertex 6.000000 2.000000 4.000000
      vertex 6.000000 3.000000 4.000000
      vertex 7.000000 3.000000 4.000000
    endloop
  endfacet
  facet normal 0 0 0
    outer loop
      vertex 6.000000 2.000000 5.000000
      vertex 7.000000 2.000000 5.000000
      vertex 7.000000 3.000000 5.000000
    endloop
  endfacet
  facet normal 0 0 0
    outer loop
      vertex 6.000000 2.000000 5.000000
      vertex 7.000000 3.000000 5.000000
      vertex 6.000000 3.000000 5.000000
    endloop
  endfacet
  facet normal 0 0 0
    outer loop
      vertex 6.000000 2.000000 4.000000
      vertex 7.000000 2.000000 4.000000
      vertex 7.000000 2.000000 5.000000
    endloop
  endfacet
  facet normal 0 0 0
    outer loop
      vertex 6.000000 2.000000 4.000000
      vertex 7.000000 2.000000 5.000000
      vertex 6.000000 2.000000 5.000000
    endloop
  endfacet
  facet normal 0 0 0
    outer loop
      vertex 7.000000 3.000000 4.000000
      vertex 6.000000 3.000000 4.000000
      vertex 6.000000 3.000000 5.000000
    endloop
  endfacet
  facet normal 0 0 0
    outer loop
      vertex 7.000000 3.000000 4.000000
      vertex 6.000000 3.000000 5.000000
      vertex 7.000000 3.000000 5.000000
    endloop
  endfacet
  facet normal 0 0 0
    outer loop
      vertex 7.000000 2.000000 4.000000
      vertex 7.000000 3.000000 4.000000
      vertex 7.000000 3.000000 5.000000
    endloop
  endfacet
  facet normal 0 0 0
    outer loop
      vertex 7.000000 2.000000 4.000000
      vertex 7.000000 3.000000 5.000000
      vertex 7.000000 2.000000 5.000000
    endloop
  endfacet
  facet normal 0 0 0
    outer loop
      vertex 6.000000 3.000000 4.000000
      vertex 6.000000 2.000000 4.000000
      vertex 6.000000 2.000000 5.000000
    endloop
  endfacet
  facet normal 0 0 0
    outer loop
      vertex 6.000000 3.000000 4.000000
      vertex 6.000000 2.000000 5.000000
      vertex 6.000000 3.000000 5.000000
    endloop
  endfacet
  facet normal 0 0 0
    outer loop
      vertex 6.000000 2.000000 5.000000
      vertex 7.000000 3.000000 5.000000
      vertex 7.000000 2.000000 5.000000
    endloop
  endfacet
  facet normal 0 0 0
    outer loop
      vertex 6.000000 2.000000 5.000000
      vertex 6.000000 3.000000 5.000000
      vertex 7.000000 3.000000 5.000000
    endloop
  endfacet
  facet normal 0 0 0
    outer loop
      vertex 6.000000 2.000000 6.000000
      vertex 7.000000 2.000000 6.000000
      vertex 7.000000 3.000000 6.000000
    endloop
  endfacet
  facet normal 0 0 0
    outer loop
      vertex 6.000000 2.000000 6.000000
      vertex 7.000000 3.000000 6.000000
      vertex 6.000000 3.000000 6.000000
    endloop
  endfacet
  facet normal 0 0 0
    outer loop
      vertex 6.000000 2.000000 5.000000
      vertex 7.000000 2.000000 5.000000
      vertex 7.000000 2.000000 6.000000
    endloop
  endfacet
  facet normal 0 0 0
    outer loop
      vertex 6.000000 2.000000 5.000000
      vertex 7.000000 2.000000 6.000000
      vertex 6.000000 2.000000 6.000000
    endloop
  endfacet
  facet normal 0 0 0
    outer loop
      vertex 7.000000 3.000000 5.000000
      vertex 6.000000 3.000000 5.000000
      vertex 6.000000 3.000000 6.000000
    endloop
  endfacet
  facet normal 0 0 0
    outer loop
      vertex 7.000000 3.000000 5.000000
      vertex 6.000000 3.000000 6.000000
      vertex 7.000000 3.000000 6.000000
    endloop
  endfacet
  facet normal 0 0 0
    outer loop
      vertex 7.000000 2.000000 5.000000
      vertex 7.000000 3.000000 5.000000
      vertex 7.000000 3.000000 6.000000
    endloop
  endfacet
  facet normal 0 0 0
    outer loop
      vertex 7.000000 2.000000 5.000000
      vertex 7.000000 3.000000 6.000000
      vertex 7.000000 2.000000 6.000000
    endloop
  endfacet
  facet normal 0 0 0
    outer loop
      vertex 6.000000 3.000000 5.000000
      vertex 6.000000 2.000000 5.000000
      vertex 6.000000 2.000000 6.000000
    endloop
  endfacet
  facet normal 0 0 0
    outer loop
      vertex 6.000000 3.000000 5.000000
      vertex 6.000000 2.000000 6.000000
      vertex 6.000000 3.000000 6.000000
    endloop
  endfacet
  facet normal 0 0 0
    outer loop
      vertex 7.000000 0.000000 3.000000
      vertex 8.000000 1.000000 3.000000
      vertex 8.000000 0.000000 3.000000
    endloop
  endfacet
  facet normal 0 0 0
    outer loop
      vertex 7.000000 0.000000 3.000000
      vertex 7.000000 1.000000 3.000000
      vertex 8.000000 1.000000 3.000000
    endloop
  endfacet
  facet normal 0 0 0
    outer loop
      vertex 7.000000 0.000000 4.000000
      vertex 8.000000 0.000000 4.000000
      vertex 8.000000 1.000000 4.000000
    endloop
  endfacet
  facet normal 0 0 0
    outer loop
      vertex 7.000000 0.000000 4.000000
      vertex 8.000000 1.000000 4.000000
      vertex 7.000000 1.000000 4.000000
    endloop
  endfacet
  facet normal 0 0 0
    outer loop
      vertex 7.000000 0.000000 3.000000
      vertex 8.000000 0.000000 3.000000
      vertex 8.000000 0.000000 4.000000
    endloop
  endfacet
  facet normal 0 0 0
    outer loop
      vertex 7.000000 0.000000 3.000000
      vertex 8.000000 0.000000 4.000000
      vertex 7.000000 0.000000 4.000000
    endloop
  endfacet
  facet normal 0 0 0
    outer loop
      vertex 8.000000 1.000000 3.000000
      vertex 7.000000 1.000000 3.000000
      vertex 7.000000 1.000000 4.000000
    endloop
  endfacet
  facet normal 0 0 0
    outer loop
      vertex 8.000000 1.000000 3.000000
      vertex 7.000000 1.000000 4.000000
      vertex 8.000000 1.000000 4.000000
    endloop
  endfacet
  facet normal 0 0 0
    outer loop
      vertex 8.000000 0.000000 3.000000
      vertex 8.000000 1.000000 3.000000
      vertex 8.000000 1.000000 4.000000
    endloop
  endfacet
  facet normal 0 0 0
    outer loop
      vertex 8.000000 0.000000 3.000000
      vertex 8.000000 1.000000 4.000000
      vertex 8.000000 0.000000 4.000000
    endloop
  endfacet
  facet normal 0 0 0
    outer loop
      vertex 7.000000 1.000000 3.000000
      vertex 7.000000 0.000000 3.000000
      vertex 7.000000 0.000000 4.000000
    endloop
  endfacet
  facet normal 0 0 0
    outer loop
      vertex 7.000000 1.000000 3.000000
      vertex 7.000000 0.000000 4.000000
      vertex 7.000000 1.000000 4.000000
    endloop
  endfacet
  facet normal 0 0 0
    outer loop
      vertex 7.000000 0.000000 5.000000
      vertex 8.000000 1.000000 5.000000
      vertex 8.000000 0.000000 5.000000
    endloop
  endfacet
  facet normal 0 0 0
    outer loop
      vertex 7.000000 0.000000 5.000000
      vertex 7.000000 1.000000 5.000000
      vertex 8.000000 1.000000 5.000000
    endloop
  endfacet
  facet normal 0 0 0
    outer loop
      vertex 7.000000 0.000000 6.000000
      vertex 8.000000 0.000000 6.000000
      vertex 8.000000 1.000000 6.000000
    endloop
  endfacet
  facet normal 0 0 0
    outer loop
      vertex 7.000000 0.000000 6.000000
      vertex 8.000000 1.000000 6.000000
      vertex 7.000000 1.000000 6.000000
    endloop
  endfacet
  facet normal 0 0 0
    outer loop
      vertex 7.000000 0.000000 5.000000
      vertex 8.000000 0.000000 5.000000
      vertex 8.000000 0.000000 6.000000
    endloop
  endfacet
  facet normal 0 0 0
    outer loop
      vertex 7.000000 0.000000 5.000000
      vertex 8.000000 0.000000 6.000000
      vertex 7.000000 0.000000 6.000000
    endloop
  endfacet
  facet normal 0 0 0
    outer loop
      vertex 8.000000 1.000000 5.000000
      vertex 7.000000 1.000000 5.000000
      vertex 7.000000 1.000000 6.000000
    endloop
  endfacet
  facet normal 0 0 0
    outer loop
      vertex 8.000000 1.000000 5.000000
      vertex 7.000000 1.000000 6.000000
      vertex 8.000000 1.000000 6.000000
    endloop
  endfacet
  facet normal 0 0 0
    outer loop
      vertex 8.000000 0.000000 5.000000
      vertex 8.000000 1.000000 5.000000
      vertex 8.000000 1.000000 6.000000
    endloop
  endfacet
  facet normal 0 0 0
    outer loop
      vertex 8.000000 0.000000 5.000000
      vertex 8.000000 1.000000 6.000000
      vertex 8.000000 0.000000 6.000000
    endloop
  endfacet
  facet normal 0 0 0
    outer loop
      vertex 7.000000 1.000000 5.000000
      vertex 7.000000 0.000000 5.000000
      vertex 7.000000 0.000000 6.000000
    endloop
  endfacet
  facet normal 0 0 0
    outer loop
      vertex 7.000000 1.000000 5.000000
      vertex 7.000000 0.000000 6.000000
      vertex 7.000000 1.000000 6.000000
    endloop
  endfacet
  facet normal 0 0 0
    outer loop
      vertex 7.000000 2.000000 3.000000
      vertex 8.000000 3.000000 3.000000
      vertex 8.000000 2.000000 3.000000
    endloop
  endfacet
  facet normal 0 0 0
    outer loop
      vertex 7.000000 2.000000 3.000000
      vertex 7.000000 3.000000 3.000000
      vertex 8.000000 3.000000 3.000000
    endloop
  endfacet
  facet normal 0 0 0
    outer loop
      vertex 7.000000 2.000000 4.000000
      vertex 8.000000 2.000000 4.000000
      vertex 8.000000 3.000000 4.000000
    endloop
  endfacet
  facet normal 0 0 0
    outer loop
      vertex 7.000000 2.000000 4.000000
      vertex 8.000000 3.000000 4.000000
      vertex 7.000000 3.000000 4.000000
    endloop
  endfacet
  facet normal 0 0 0
    outer loop
      vertex 7.000000 2.000000 3.000000
      vertex 8.000000 2.000000 3.000000
      vertex 8.000000 2.000000 4.000000
    endloop
  endfacet
  facet normal 0 0 0
    outer loop
      vertex 7.000000 2.000000 3.000000
      vertex 8.000000 2.000000 4.000000
      vertex 7.000000 2.000000 4.000000
    endloop
  endfacet
  facet normal 0 0 0
    outer loop
      vertex 8.000000 3.000000 3.000000
      vertex 7.000000 3.000000 3.000000
      vertex 7.000000 3.000000 4.000000
    endloop
  endfacet
  facet normal 0 0 0
    outer loop
      vertex 8.000000 3.000000 3.000000
      vertex 7.000000 3.000000 4.000000
      vertex 8.000000 3.000000 4.000000
    endloop
  endfacet
  facet normal 0 0 0
    outer loop
      vertex 8.000000 2.000000 3.000000
      vertex 8.000000 3.000000 3.000000
      vertex 8.000000 3.000000 4.000000
    endloop
  endfacet
  facet normal 0 0 0
    outer loop
      vertex 8.000000 2.000000 3.000000
      vertex 8.000000 3.000000 4.000000
      vertex 8.000000 2.000000 4.000000
    endloop
  endfacet
  facet normal 0 0 0
    outer loop
      vertex 7.000000 3.000000 3.000000
      vertex 7.000000 2.000000 3.000000
      vertex 7.000000 2.000000 4.000000
    endloop
  endfacet
  facet normal 0 0 0
    outer loop
      vertex 7.000000 3.000000 3.000000
      vertex 7.000000 2.000000 4.000000
      vertex 7.000000 3.000000 4.000000
    endloop
  endfacet
  facet normal 0 0 0
    outer loop
      vertex 7.000000 2.000000 5.000000
      vertex 8.000000 3.000000 5.000000
      vertex 8.000000 2.000000 5.000000
    endloop
  endfacet
  facet normal 0 0 0
    outer loop
      vertex 7.000000 2.000000 5.000000
      vertex 7.000000 3.000000 5.000000
      vertex 8.000000 3.000000 5.000000
    endloop
  endfacet
  facet normal 0 0 0
    outer loop
      vertex 7.000000 2.000000 6.000000
      vertex 8.000000 2.000000 6.000000
      vertex 8.000000 3.000000 6.000000
    endloop
  endfacet
  facet normal 0 0 0
    outer loop
      vertex 7.000000 2.000000 6.000000
      vertex 8.000000 3.000000 6.000000
      vertex 7.000000 3.000000 6.000000
    endloop
  endfacet
  facet normal 0 0 0
    outer loop
      vertex 7.000000 2.000000 5.000000
      vertex 8.000000 2.000000 5.000000
      vertex 8.000000 2.000000 6.000000
    endloop
  endfacet
  facet normal 0 0 0
    outer loop
      vertex 7.000000 2.000000 5.000000
      vertex 8.000000 2.000000 6.000000
      vertex 7.000000 2.000000 6.000000
    endloop
  endfacet
  facet normal 0 0 0
    outer loop
      vertex 8.000000 3.000000 5.000000
      vertex 7.000000 3.000000 5.000000
      vertex 7.000000 3.000000 6.000000
    endloop
  endfacet
  facet normal 0 0 0
    outer loop
      vertex 8.000000 3.000000 5.000000
      vertex 7.000000 3.000000 6.000000
      vertex 8.000000 3.000000 6.000000
    endloop
  endfacet
  facet normal 0 0 0
    outer loop
      vertex 8.000000 2.000000 5.000000
      vertex 8.000000 3.000000 5.000000
      vertex 8.000000 3.000000 6.000000
    endloop
  endfacet
  facet normal 0 0 0
    outer loop
      vertex 8.000000 2.000000 5.000000
      vertex 8.000000 3.000000 6.000000
      vertex 8.000000 2.000000 6.000000
    endloop
  endfacet
  facet normal 0 0 0
    outer loop
      vertex 7.000000 3.000000 5.000000
      vertex 7.000000 2.000000 5.000000
      vertex 7.000000 2.000000 6.000000
    endloop
  endfacet
  facet normal 0 0 0
    outer loop
      vertex 7.000000 3.000000 5.000000
      vertex 7.000000 2.000000 6.000000
      vertex 7.000000 3.000000 6.000000
    endloop
  endfacet
  facet normal 0 0 0
    outer loop
      vertex 8.000000 0.000000 3.000000
      vertex 9.000000 1.000000 3.000000
      vertex 9.000000 0.000000 3.000000
    endloop
  endfacet
  facet normal 0 0 0
    outer loop
      vertex 8.000000 0.000000 3.000000
      vertex 8.000000 1.000000 3.000000
      vertex 9.000000 1.000000 3.000000
    endloop
  endfacet
  facet normal 0 0 0
    outer loop
      vertex 8.000000 0.000000 4.000000
      vertex 9.000000 0.000000 4.000000
      vertex 9.000000 1.000000 4.000000
    endloop
  endfacet
  facet normal 0 0 0
    outer loop
      vertex 8.000000 0.000000 4.000000
      vertex 9.000000 1.000000 4.000000
      vertex 8.000000 1.000000 4.000000
    endloop
  endfacet
  facet normal 0 0 0
    outer loop
      vertex 8.000000 0.000000 3.000000
      vertex 9.000000 0.000000 3.000000
      vertex 9.000000 0.000000 4.000000
    endloop
  endfacet
  facet normal 0 0 0
    outer loop
      vertex 8.000000 0.000000 3.000000
      vertex 9.000000 0.000000 4.000000
      vertex 8.000000 0.000000 4.000000
    endloop
  endfacet
  facet normal 0 0 0
    outer loop
      vertex 9.000000 1.000000 3.000000
      vertex 8.000000 1.000000 3.000000
      vertex 8.000000 1.000000 4.000000
    endloop
  endfacet
  facet normal 0 0 0
    outer loop
      vertex 9.000000 1.000000 3.000000
      vertex 8.000000 1.000000 4.000000
      vertex 9.000000 1.000000 4.000000
    endloop
  endfacet
  facet normal 0 0 0
    outer loop
      vertex 9.000000 0.000000 3.000000
      vertex 9.000000 1.000000 3.000000
      vertex 9.000000 1.000000 4.000000
    endloop
  endfacet
  facet normal 0 0 0
    outer loop
      vertex 9.000000 0.000000 3.000000
      vertex 9.000000 1.000000 4.000000
      vertex 9.000000 0.000000 4.000000
    endloop
  endfacet
  facet normal 0 0 0
    outer loop
      vertex 8.000000 1.000000 3.000000
      vertex 8.000000 0.000000 3.000000
      vertex 8.000000 0.000000 4.000000
    endloop
  endfacet
  facet normal 0 0 0
    outer loop
      vertex 8.000000 1.000000 3.000000
      vertex 8.000000 0.000000 4.000000
      vertex 8.000000 1.000000 4.000000
    endloop
  endfacet
  facet normal 0 0 0
    outer loop
      vertex 8.000000 0.000000 4.000000
      vertex 9.000000 1.000000 4.000000
      vertex 9.000000 0.000000 4.000000
    endloop
  endfacet
  facet normal 0 0 0
    outer loop
      vertex 8.000000 0.000000 4.000000
      vertex 8.000000 1.000000 4.000000
      vertex 9.000000 1.000000 4.000000
    endloop
  endfacet
  facet normal 0 0 0
    outer loop
      vertex 8.000000 0.000000 5.000000
      vertex 9.000000 0.000000 5.000000
      vertex 9.000000 1.000000 5.000000
    endloop
  endfacet
  facet normal 0 0 0
    outer loop
      vertex 8.000000 0.000000 5.000000
      vertex 9.000000 1.000000 5.000000
      vertex 8.000000 1.000000 5.000000
    endloop
  endfacet
  facet normal 0 0 0
    outer loop
      vertex 8.000000 0.000000 4.000000
      vertex 9.000000 0.000000 4.000000
      vertex 9.000000 0.000000 5.000000
    endloop
  endfacet
  facet normal 0 0 0
    outer loop
      vertex 8.000000 0.000000 4.000000
      vertex 9.000000 0.000000 5.000000
      vertex 8.000000 0.000000 5.000000
    endloop
  endfacet
  facet normal 0 0 0
    outer loop
      vertex 9.000000 1.000000 4.000000
      vertex 8.000000 1.000000 4.000000
      vertex 8.000000 1.000000 5.000000
    endloop
  endfacet
  facet normal 0 0 0
    outer loop
      vertex 9.000000 1.000000 4.000000
      vertex 8.000000 1.000000 5.000000
      vertex 9.000000 1.000000 5.000000
    endloop
  endfacet
  facet normal 0 0 0
    outer loop
      vertex 9.000000 0.000000 4.000000
      vertex 9.000000 1.000000 4.000000
      vertex 9.000000 1.000000 5.000000
    endloop
  endfacet
  facet normal 0 0 0
    outer loop
      vertex 9.000000 0.000000 4.000000
      vertex 9.000000 1.000000 5.000000
      vertex 9.000000 0.000000 5.000000
    endloop
  endfacet
  facet normal 0 0 0
    outer loop
      vertex 8.000000 1.000000 4.000000
      vertex 8.000000 0.000000 4.000000
      vertex 8.000000 0.000000 5.000000
    endloop
  endfacet
  facet normal 0 0 0
    outer loop
      vertex 8.000000 1.000000 4.000000
      vertex 8.000000 0.000000 5.000000
      vertex 8.000000 1.000000 5.000000
    endloop
  endfacet
  facet normal 0 0 0
    outer loop
      vertex 8.000000 0.000000 5.000000
      vertex 9.000000 1.000000 5.000000
      vertex 9.000000 0.000000 5.000000
    endloop
  endfacet
  facet normal 0 0 0
    outer loop
      vertex 8.000000 0.000000 5.000000
      vertex 8.000000 1.000000 5.000000
      vertex 9.000000 1.000000 5.000000
    endloop
  endfacet
  facet normal 0 0 0
    outer loop
      vertex 8.000000 0.000000 6.000000
      vertex 9.000000 0.000000 6.000000
      vertex 9.000000 1.000000 6.000000
    endloop
  endfacet
  facet normal 0 0 0
    outer loop
      vertex 8.000000 0.000000 6.000000
      vertex 9.000000 1.000000 6.000000
      vertex 8.000000 1.000000 6.000000
    endloop
  endfacet
  facet normal 0 0 0
    outer loop
      vertex 8.000000 0.000000 5.000000
      vertex 9.000000 0.000000 5.000000
      vertex 9.000000 0.000000 6.000000
    endloop
  endfacet
  facet normal 0 0 0
    outer loop
      vertex 8.000000 0.000000 5.000000
      vertex 9.000000 0.000000 6.000000
      vertex 8.000000 0.000000 6.000000
    endloop
  endfacet
  facet normal 0 0 0
    outer loop
      vertex 9.000000 1.000000 5.000000
      vertex 8.000000 1.000000 5.000000
      vertex 8.000000 1.000000 6.000000
    endloop
  endfacet
  facet normal 0 0 0
    outer loop
      vertex 9.000000 1.000000 5.000000
      vertex 8.000000 1.000000 6.000000
      vertex 9.000000 1.000000 6.000000
    endloop
  endfacet
  facet normal 0 0 0
    outer loop
      vertex 9.000000 0.000000 5.000000
      vertex 9.000000 1.000000 5.000000
      vertex 9.000000 1.000000 6.000000
    endloop
  endfacet
  facet normal 0 0 0
    outer loop
      vertex 9.000000 0.000000 5.000000
      vertex 9.000000 1.000000 6.000000
      vertex 9.000000 0.000000 6.000000
    endloop
  endfacet
  facet normal 0 0 0
    outer loop
      vertex 8.000000 1.000000 5.000000
      vertex 8.000000 0.000000 5.000000
      vertex 8.000000 0.000000 6.000000
    endloop
  endfacet
  facet normal 0 0 0
    outer loop
      vertex 8.000000 1.000000 5.000000
      vertex 8.000000 0.000000 6.000000
      vertex 8.000000 1.000000 6.000000
    endloop
  endfacet
  facet normal 0 0 0
    outer loop
      vertex 8.000000 1.000000 3.000000
      vertex 9.000000 2.000000 3.000000
      vertex 9.000000 1.000000 3.000000
    endloop
  endfacet
  facet normal 0 0 0
    outer loop
      vertex 8.000000 1.000000 3.000000
      vertex 8.000000 2.000000 3.000000
      vertex 9.000000 2.000000 3.000000
    endloop
  endfacet
  facet normal 0 0 0
    outer loop
      vertex 8.000000 1.000000 4.000000
      vertex 9.000000 1.000000 4.000000
      vertex 9.000000 2.000000 4.000000
    endloop
  endfacet
  facet normal 0 0 0
    outer loop
      vertex 8.000000 1.000000 4.000000
      vertex 9.000000 2.000000 4.000000
      vertex 8.000000 2.000000 4.000000
    endloop
  endfacet
  facet normal 0 0 0
    outer loop
      vertex 8.000000 1.000000 3.000000
      vertex 9.000000 1.000000 3.000000
      vertex 9.000000 1.000000 4.000000
    endloop
  endfacet
  facet normal 0 0 0
    outer loop
      vertex 8.000000 1.000000 3.000000
      vertex 9.000000 1.000000 4.000000
      vertex 8.000000 1.000000 4.000000
    endloop
  endfacet
  facet normal 0 0 0
    outer loop
      vertex 9.000000 2.000000 3.000000
      vertex 8.000000 2.000000 3.000000
      vertex 8.000000 2.000000 4.000000
    endloop
  endfacet
  facet normal 0 0 0
    outer loop
      vertex 9.000000 2.000000 3.000000
      vertex 8.000000 2.000000 4.000000
      vertex 9.000000 2.000000 4.000000
    endloop
  endfacet
  facet normal 0 0 0
    outer loop
      vertex 9.000000 1.000000 3.000000
      vertex 9.000000 2.000000 3.000000
      vertex 9.000000 2.000000 4.000000
    endloop
  endfacet
  facet normal 0 0 0
    outer loop
      vertex 9.000000 1.000000 3.000000
      vertex 9.000000 2.000000 4.000000
      vertex 9.000000 1.000000 4.000000
    endloop
  endfacet
  facet normal 0 0 0
    outer loop
      vertex 8.000000 2.000000 3.000000
      vertex 8.000000 1.000000 3.000000
      vertex 8.000000 1.000000 4.000000
    endloop
  endfacet
  facet normal 0 0 0
    outer loop
      vertex 8.000000 2.000000 3.000000
      vertex 8.000000 1.000000 4.000000
      vertex 8.000000 2.000000 4.000000
    endloop
  endfacet
  facet normal 0 0 0
    outer loop
      vertex 8.000000 1.000000 5.000000
      vertex 9.000000 2.000000 5.000000
      vertex 9.000000 1.000000 5.000000
    endloop
  endfacet
  facet normal 0 0 0
    outer loop
      vertex 8.000000 1.000000 5.000000
      vertex 8.000000 2.000000 5.000000
      vertex 9.000000 2.000000 5.000000
    endloop
  endfacet
  facet normal 0 0 0
    outer loop
      vertex 8.000000 1.000000 6.000000
      vertex 9.000000 1.000000 6.000000
      vertex 9.000000 2.000000 6.000000
    endloop
  endfacet
  facet normal 0 0 0
    outer loop
      vertex 8.000000 1.000000 6.000000
      vertex 9.000000 2.000000 6.000000
      vertex 8.000000 2.000000 6.000000
    endloop
  endfacet
  facet normal 0 0 0
    outer loop
      vertex 8.000000 1.000000 5.000000
      vertex 9.000000 1.000000 5.000000
      vertex 9.000000 1.000000 6.000000
    endloop
  endfacet
  facet normal 0 0 0
    outer loop
      vertex 8.000000 1.000000 5.000000
      vertex 9.000000 1.000000 6.000000
      vertex 8.000000 1.000000 6.000000
    endloop
  endfacet
  facet normal 0 0 0
    outer loop
      vertex 9.000000 2.000000 5.000000
      vertex 8.000000 2.000000 5.000000
      vertex 8.000000 2.000000 6.000000
    endloop
  endfacet
  facet normal 0 0 0
    outer loop
      vertex 9.000000 2.000000 5.000000
      vertex 8.000000 2.000000 6.000000
      vertex 9.000000 2.000000 6.000000
    endloop
  endfacet
  facet normal 0 0 0
    outer loop
      vertex 9.000000 1.000000 5.000000
      vertex 9.000000 2.000000 5.000000
      vertex 9.000000 2.000000 6.000000
    endloop
  endfacet
  facet normal 0 0 0
    outer loop
      vertex 9.000000 1.000000 5.000000
      vertex 9.000000 2.000000 6.000000
      vertex 9.000000 1.000000 6.000000
    endloop
  endfacet
  facet normal 0 0 0
    outer loop
      vertex 8.000000 2.000000 5.000000
      vertex 8.000000 1.000000 5.000000
      vertex 8.000000 1.000000 6.000000
    endloop
  endfacet
  facet normal 0 0 0
    outer loop
      vertex 8.000000 2.000000 5.000000
      vertex 8.000000 1.000000 6.000000
      vertex 8.000000 2.000000 6.000000
    endloop
  endfacet
  facet normal 0 0 0
    outer loop
      vertex 8.000000 2.000000 3.000000
      vertex 9.000000 3.000000 3.000000
      vertex 9.000000 2.000000 3.000000
    endloop
  endfacet
  facet normal 0 0 0
    outer loop
      vertex 8.000000 2.000000 3.000000
      vertex 8.000000 3.000000 3.000000
      vertex 9.000000 3.000000 3.000000
    endloop
  endfacet
  facet normal 0 0 0
    outer loop
      vertex 8.000000 2.000000 4.000000
      vertex 9.000000 2.000000 4.000000
      vertex 9.000000 3.000000 4.000000
    endloop
  endfacet
  facet normal 0 0 0
    outer loop
      vertex 8.000000 2.000000 4.000000
      vertex 9.000000 3.000000 4.000000
      vertex 8.000000 3.000000 4.000000
    endloop
  endfacet
  facet normal 0 0 0
    outer loop
      vertex 8.000000 2.000000 3.000000
      vertex 9.000000 2.000000 3.000000
      vertex 9.000000 2.000000 4.000000
    endloop
  endfacet
  facet normal 0 0 0
    outer loop
      vertex 8.000000 2.000000 3.000000
      vertex 9.000000 2.000000 4.000000
      vertex 8.000000 2.000000 4.000000
    endloop
  endfacet
  facet normal 0 0 0
    outer loop
      vertex 9.000000 3.000000 3.000000
      vertex 8.000000 3.000000 3.000000
      vertex 8.000000 3.000000 4.000000
    endloop
  endfacet
  facet normal 0 0 0
    outer loop
      vertex 9.000000 3.000000 3.000000
      vertex 8.000000 3.000000 4.000000
      vertex 9.000000 3.000000 4.000000
    endloop
  endfacet
  facet normal 0 0 0
    outer loop
      vertex 9.000000 2.000000 3.000000
      vertex 9.000000 3.000000 3.000000
      vertex 9.000000 3.000000 4.000000
    endloop
  endfacet
  facet normal 0 0 0
    outer loop
      vertex 9.000000 2.000000 3.000000
      vertex 9.000000 3.000000 4.000000
      vertex 9.000000 2.000000 4.000000
    endloop
  endfacet
  facet normal 0 0 0
    outer loop
      vertex 8.000000 3.000000 3.000000
      vertex 8.000000 2.000000 3.000000
      vertex 8.000000 2.000000 4.000000
    endloop
  endfacet
  facet normal 0 0 0
    outer loop
      vertex 8.000000 3.000000 3.000000
      vertex 8.000000 2.000000 4.000000
      vertex 8.000000 3.000000 4.000000
    endloop
  endfacet
  facet normal 0 0 0
    outer loop
      vertex 8.000000 2.000000 4.000000
      vertex 9.000000 3.000000 4.000000
      vertex 9.000000 2.000000 4.000000
    endloop
  endfacet
  facet normal 0 0 0
    outer loop
      vertex 8.000000 2.000000 4.000000
      vertex 8.000000 3.000000 4.000000
      vertex 9.000000 3.000000 4.000000
    endloop
  endfacet
  facet normal 0 0 0
    outer loop
      vertex 8.000000 2.000000 5.000000
      vertex 9.000000 2.000000 5.000000
      vertex 9.000000 3.000000 5.000000
    endloop
  endfacet
  facet normal 0 0 0
    outer loop
      vertex 8.000000 2.000000 5.000000
      vertex 9.000000 3.000000 5.000000
      vertex 8.000000 3.000000 5.000000
    endloop
  endfacet
  facet normal 0 0 0
    outer loop
      vertex 8.000000 2.000000 4.000000
      vertex 9.000000 2.000000 4.000000
      vertex 9.000000 2.000000 5.000000
    endloop
  endfacet
  facet normal 0 0 0
    outer loop
      vertex 8.000000 2.000000 4.000000
      vertex 9.000000 2.000000 5.000000
      vertex 8.000000 2.000000 5.000000
    endloop
  endfacet
  facet normal 0 0 0
    outer loop
      vertex 9.000000 3.000000 4.000000
      vertex 8.000000 3.000000 4.000000
      vertex 8.000000 3.000000 5.000000
    endloop
  endfacet
  facet normal 0 0 0
    outer loop
      vertex 9.000000 3.000000 4.000000
      vertex 8.000000 3.000000 5.000000
      vertex 9.000000 3.000000 5.000000
    endloop
  endfacet
  facet normal 0 0 0
    outer loop
      vertex 9.000000 2.000000 4.000000
      vertex 9.000000 3.000000 4.000000
      vertex 9.000000 3.000000 5.000000
    endloop
  endfacet
  facet normal 0 0 0
    outer loop
      vertex 9.000000 2.000000 4.000000
      vertex 9.000000 3.000000 5.000000
      vertex 9.000000 2.000000 5.000000
    endloop
  endfacet
  facet normal 0 0 0
    outer loop
      vertex 8.000000 3.000000 4.000000
      vertex 8.000000 2.000000 4.000000
      vertex 8.000000 2.000000 5.000000
    endloop
  endfacet
  facet normal 0 0 0
    outer loop
      vertex 8.000000 3.000000 4.000000
      vertex 8.000000 2.000000 5.000000
      vertex 8.000000 3.000000 5.000000
    endloop
  endfacet
  facet normal 0 0 0
    outer loop
      vertex 8.000000 2.000000 5.000000
      vertex 9.000000 3.000000 5.000000
      vertex 9.000000 2.000000 5.000000
    endloop
  endfacet
  facet normal 0 0 0
    outer loop
      vertex 8.000000 2.000000 5.000000
      vertex 8.000000 3.000000 5.000000
      vertex 9.000000 3.000000 5.000000
    endloop
  endfacet
  facet normal 0 0 0
    outer loop
      vertex 8.000000 2.000000 6.000000
      vertex 9.000000 2.000000 6.000000
      vertex 9.000000 3.000000 6.000000
    endloop
  endfacet
  facet normal 0 0 0
    outer loop
      vertex 8.000000 2.000000 6.000000
      vertex 9.000000 3.000000 6.000000
      vertex 8.000000 3.000000 6.000000
    endloop
  endfacet
  facet normal 0 0 0
    outer loop
      vertex 8.000000 2.000000 5.000000
      vertex 9.000000 2.000000 5.000000
      vertex 9.000000 2.000000 6.000000
    endloop
  endfacet
  facet normal 0 0 0
    outer loop
      vertex 8.000000 2.000000 5.000000
      vertex 9.000000 2.000000 6.000000
      vertex 8.000000 2.000000 6.000000
    endloop
  endfacet
  facet normal 0 0 0
    outer loop
      vertex 9.000000 3.000000 5.000000
      vertex 8.000000 3.000000 5.000000
      vertex 8.000000 3.000000 6.000000
    endloop
  endfacet
  facet normal 0 0 0
    outer loop
      vertex 9.000000 3.000000 5.000000
      vertex 8.000000 3.000000 6.000000
      vertex 9.000000 3.000000 6.000000
    endloop
  endfacet
  facet normal 0 0 0
    outer loop
      vertex 9.000000 2.000000 5.000000
      vertex 9.000000 3.000000 5.000000
      vertex 9.000000 3.000000 6.000000
    endloop
  endfacet
  facet normal 0 0 0
    outer loop
      vertex 9.000000 2.000000 5.000000
      vertex 9.000000 3.000000 6.000000
      vertex 9.000000 2.000000 6.000000
    endloop
  endfacet
  facet normal 0 0 0
    outer loop
      vertex 8.000000 3.000000 5.000000
      vertex 8.000000 2.000000 5.000000
      vertex 8.000000 2.000000 6.000000
    endloop
  endfacet
  facet normal 0 0 0
    outer loop
      vertex 8.000000 3.000000 5.000000
      vertex 8.000000 2.000000 6.000000
      vertex 8.000000 3.000000 6.000000
    endloop
  endfacet
  facet normal 0 0 0
    outer loop
      vertex 6.000000 0.000000 6.000000
      vertex 7.000000 1.000000 6.000000
      vertex 7.000000 0.000000 6.000000
    endloop
  endfacet
  facet normal 0 0 0
    outer loop
      vertex 6.000000 0.000000 6.000000
      vertex 6.000000 1.000000 6.000000
      vertex 7.000000 1.000000 6.000000
    endloop
  endfacet
  facet normal 0 0 0
    outer loop
      vertex 6.000000 0.000000 7.000000
      vertex 7.000000 0.000000 7.000000
      vertex 7.000000 1.000000 7.000000
    endloop
  endfacet
  facet normal 0 0 0
    outer loop
      vertex 6.000000 0.000000 7.000000
      vertex 7.000000 1.000000 7.000000
      vertex 6.000000 1.000000 7.000000
    endloop
  endfacet
  facet normal 0 0 0
    outer loop
      vertex 6.000000 0.000000 6.000000
      vertex 7.000000 0.000000 6.000000
      vertex 7.000000 0.000000 7.000000
    endloop
  endfacet
  facet normal 0 0 0
    outer loop
      vertex 6.000000 0.000000 6.000000
      vertex 7.000000 0.000000 7.000000
      vertex 6.000000 0.000000 7.000000
    endloop
  endfacet
  facet normal 0 0 0
    outer loop
      vertex 7.000000 1.000000 6.000000
      vertex 6.000000 1.000000 6.000000
      vertex 6.000000 1.000000 7.000000
    endloop
  endfacet
  facet normal 0 0 0
    outer loop
      vertex 7.000000 1.000000 6.000000
      vertex 6.000000 1.000000 7.000000
      vertex 7.000000 1.000000 7.000000
    endloop
  endfacet
  facet normal 0 0 0
    outer loop
      vertex 7.000000 0.000000 6.000000
      vertex 7.000000 1.000000 6.000000
      vertex 7.000000 1.000000 7.000000
    endloop
  endfacet
  facet normal 0 0 0
    outer loop
      vertex 7.000000 0.000000 6.000000
      vertex 7.000000 1.000000 7.000000
      vertex 7.000000 0.000000 7.000000
    endloop
  endfacet
  facet normal 0 0 0
    outer loop
      vertex 6.000000 1.000000 6.000000
      vertex 6.000000 0.000000 6.000000
      vertex 6.000000 0.000000 7.000000
    endloop
  endfacet
  facet normal 0 0 0
    outer loop
      vertex 6.000000 1.000000 6.000000
      vertex 6.000000 0.000000 7.000000
      vertex 6.000000 1.000000 7.000000
    endloop
  endfacet
  facet normal 0 0 0
    outer loop
      vertex 6.000000 0.000000 7.000000
      vertex 7.000000 1.000000 7.000000
      vertex 7.000000 0.000000 7.000000
    endloop
  endfacet
  facet normal 0 0 0
    outer loop
      vertex 6.000000 0.000000 7.000000
      vertex 6.000000 1.000000 7.000000
      vertex 7.000000 1.000000 7.000000
    endloop
  endfacet
  facet normal 0 0 0
    outer loop
      vertex 6.000000 0.000000 8.000000
      vertex 7.000000 0.000000 8.000000
      vertex 7.000000 1.000000 8.000000
    endloop
  endfacet
  facet normal 0 0 0
    outer loop
      vertex 6.000000 0.000000 8.000000
      vertex 7.000000 1.000000 8.000000
      vertex 6.000000 1.000000 8.000000
    endloop
  endfacet
  facet normal 0 0 0
    outer loop
      vertex 6.000000 0.000000 7.000000
      vertex 7.000000 0.000000 7.000000
      vertex 7.000000 0.000000 8.000000
    endloop
  endfacet
  facet normal 0 0 0
    outer loop
      vertex 6.000000 0.000000 7.000000
      vertex 7.000000 0.000000 8.000000
      vertex 6.000000 0.000000 8.000000
    endloop
  endfacet
  facet normal 0 0 0
    outer loop
      vertex 7.000000 1.000000 7.000000
      vertex 6.000000 1.000000 7.000000
      vertex 6.000000 1.000000 8.000000
    endloop
  endfacet
  facet normal 0 0 0
    outer loop
      vertex 7.000000 1.000000 7.000000
      vertex 6.000000 1.000000 8.000000
      vertex 7.000000 1.000000 8.000000
    endloop
  endfacet
  facet normal 0 0 0
    outer loop
      vertex 7.000000 0.000000 7.000000
      vertex 7.000000 1.000000 7.000000
      vertex 7.000000 1.000000 8.000000
    endloop
  endfacet
  facet normal 0 0 0
    outer loop
      vertex 7.000000 0.000000 7.000000
      vertex 7.000000 1.000000 8.000000
      vertex 7.000000 0.000000 8.000000
    endloop
  endfacet
  facet normal 0 0 0
    outer loop
      vertex 6.000000 1.000000 7.000000
      vertex 6.000000 0.000000 7.000000
      vertex 6.000000 0.000000 8.000000
    endloop
  endfacet
  facet normal 0 0 0
    outer loop
      vertex 6.000000 1.000000 7.000000
      vertex 6.000000 0.000000 8.000000
      vertex 6.000000 1.000000 8.000000
    endloop
  endfacet
  facet normal 0 0 0
    outer loop
      vertex 6.000000 0.000000 8.000000
      vertex 7.000000 1.000000 8.000000
      vertex 7.000000 0.000000 8.000000
    endloop
  endfacet
  facet normal 0 0 0
    outer loop
      vertex 6.000000 0.000000 8.000000
      vertex 6.000000 1.000000 8.000000
      vertex 7.000000 1.000000 8.000000
    endloop
  endfacet
  facet normal 0 0 0
    outer loop
      vertex 6.000000 0.000000 9.000000
      vertex 7.000000 0.000000 9.000000
      vertex 7.000000 1.000000 9.000000
    endloop
  endfacet
  facet normal 0 0 0
    outer loop
      vertex 6.000000 0.000000 9.000000
      vertex 7.000000 1.000000 9.000000
      vertex 6.000000 1.000000 9.000000
    endloop
  endfacet
  facet normal 0 0 0
    outer loop
      vertex 6.000000 0.000000 8.000000
      vertex 7.000000 0.000000 8.000000
      vertex 7.000000 0.000000 9.000000
    endloop
  endfacet
  facet normal 0 0 0
    outer loop
      vertex 6.000000 0.000000 8.000000
      vertex 7.000000 0.000000 9.000000
      vertex 6.000000 0.000000 9.000000
    endloop
  endfacet
  facet normal 0 0 0
    outer loop
      vertex 7.000000 1.000000 8.000000
      vertex 6.000000 1.000000 8.000000
      vertex 6.000000 1.000000 9.000000
    endloop
  endfacet
  facet normal 0 0 0
    outer loop
      vertex 7.000000 1.000000 8.000000
      vertex 6.000000 1.000000 9.000000
      vertex 7.000000 1.000000 9.000000
    endloop
  endfacet
  facet normal 0 0 0
    outer loop
      vertex 7.000000 0.000000 8.000000
      vertex 7.000000 1.000000 8.000000
      vertex 7.000000 1.000000 9.000000
    endloop
  endfacet
  facet normal 0 0 0
    outer loop
      vertex 7.000000 0.000000 8.000000
      vertex 7.000000 1.000000 9.000000
      vertex 7.000000 0.000000 9.000000
    endloop
  endfacet
  facet normal 0 0 0
    outer loop
      vertex 6.000000 1.000000 8.000000
      vertex 6.000000 0.000000 8.000000
      vertex 6.000000 0.000000 9.000000
    endloop
  endfacet
  facet normal 0 0 0
    outer loop
      vertex 6.000000 1.000000 8.000000
      vertex 6.000000 0.000000 9.000000
      vertex 6.000000 1.000000 9.000000
    endloop
  endfacet
  facet normal 0 0 0
    outer loop
      vertex 6.000000 1.000000 6.000000
      vertex 7.000000 2.000000 6.000000
      vertex 7.000000 1.000000 6.000000
    endloop
  endfacet
  facet normal 0 0 0
    outer loop
      vertex 6.000000 1.000000 6.000000
      vertex 6.000000 2.000000 6.000000
      vertex 7.000000 2.000000 6.000000
    endloop
  endfacet
  facet normal 0 0 0
    outer loop
      vertex 6.000000 1.000000 7.000000
      vertex 7.000000 1.000000 7.000000
      vertex 7.000000 2.000000 7.000000
    endloop
  endfacet
  facet normal 0 0 0
    outer loop
      vertex 6.000000 1.000000 7.000000
      vertex 7.000000 2.000000 7.000000
      vertex 6.000000 2.000000 7.000000
    endloop
  endfacet
  facet normal 0 0 0
    outer loop
      vertex 6.000000 1.000000 6.000000
      vertex 7.000000 1.000000 6.000000
      vertex 7.000000 1.000000 7.000000
    endloop
  endfacet
  facet normal 0 0 0
    outer loop
      vertex 6.000000 1.000000 6.000000
      vertex 7.000000 1.000000 7.000000
      vertex 6.000000 1.000000 7.000000
    endloop
  endfacet
  facet normal 0 0 0
    outer loop
      vertex 7.000000 2.000000 6.000000
      vertex 6.000000 2.000000 6.000000
      vertex 6.000000 2.000000 7.000000
    endloop
  endfacet
  facet normal 0 0 0
    outer loop
      vertex 7.000000 2.000000 6.000000
      vertex 6.000000 2.000000 7.000000
      vertex 7.000000 2.000000 7.000000
    endloop
  endfacet
  facet normal 0 0 0
    outer loop
      vertex 7.000000 1.000000 6.000000
      vertex 7.000000 2.000000 6.000000
      vertex 7.000000 2.000000 7.000000
    endloop
  endfacet
  facet normal 0 0 0
    outer loop
      vertex 7.000000 1.000000 6.000000
      vertex 7.000000 2.000000 7.000000
      vertex 7.000000 1.000000 7.000000
    endloop
  endfacet
  facet normal 0 0 0
    outer loop
      vertex 6.000000 2.000000 6.000000
      vertex 6.000000 1.000000 6.000000
      vertex 6.000000 1.000000 7.000000
    endloop
  endfacet
  facet normal 0 0 0
    outer loop
      vertex 6.000000 2.000000 6.000000
      vertex 6.000000 1.000000 7.000000
      vertex 6.000000 2.000000 7.000000
    endloop
  endfacet
  facet normal 0 0 0
    outer loop
      vertex 6.000000 1.000000 8.000000
      vertex 7.000000 2.000000 8.000000
      vertex 7.000000 1.000000 8.000000
    endloop
  endfacet
  facet normal 0 0 0
    outer loop
      vertex 6.000000 1.000000 8.000000
      vertex 6.000000 2.000000 8.000000
      vertex 7.000000 2.000000 8.000000
    endloop
  endfacet
  facet normal 0 0 0
    outer loop
      vertex 6.000000 1.000000 9.000000
      vertex 7.000000 1.000000 9.000000
      vertex 7.000000 2.000000 9.000000
    endloop
  endfacet
  facet normal 0 0 0
    outer loop
      vertex 6.000000 1.000000 9.000000
      vertex 7.000000 2.000000 9.000000
      vertex 6.000000 2.000000 9.000000
    endloop
  endfacet
  facet normal 0 0 0
    outer loop
      vertex 6.000000 1.000000 8.000000
      vertex 7.000000 1.000000 8.000000
      vertex 7.000000 1.000000 9.000000
    endloop
  endfacet
  facet normal 0 0 0
    outer loop
      vertex 6.000000 1.000000 8.000000
      vertex 7.000000 1.000000 9.000000
      vertex 6.000000 1.000000 9.000000
    endloop
  endfacet
  facet normal 0 0 0
    outer loop
      vertex 7.000000 2.000000 8.000000
      vertex 6.000000 2.000000 8.000000
      vertex 6.000000 2.000000 9.000000
    endloop
  endfacet
  facet normal 0 0 0
    outer loop
      vertex 7.000000 2.000000 8.000000
      vertex 6.000000 2.000000 9.000000
      vertex 7.000000 2.000000 9.000000
    endloop
  endfacet
  facet normal 0 0 0
    outer loop
      vertex 7.000000 1.000000 8.000000
      vertex 7.000000 2.000000 8.000000
      vertex 7.000000 2.000000 9.000000
    endloop
  endfacet
  facet normal 0 0 0
    outer loop
      vertex 7.000000 1.000000 8.000000
      vertex 7.000000 2.000000 9.000000
      vertex 7.000000 1.000000 9.000000
    endloop
  endfacet
  facet normal 0 0 0
    outer loop
      vertex 6.000000 2.000000 8.000000
      vertex 6.000000 1.000000 8.000000
      vertex 6.000000 1.000000 9.000000
    endloop
  endfacet
  facet normal 0 0 0
    outer loop
      vertex 6.000000 2.000000 8.000000
      vertex 6.000000 1.000000 9.000000
      vertex 6.000000 2.000000 9.000000
    endloop
  endfacet
  facet normal 0 0 0
    outer loop
      vertex 6.000000 2.000000 6.000000
      vertex 7.000000 3.000000 6.000000
      vertex 7.000000 2.000000 6.000000
    endloop
  endfacet
  facet normal 0 0 0
    outer loop
      vertex 6.000000 2.000000 6.000000
      vertex 6.000000 3.000000 6.000000
      vertex 7.000000 3.000000 6.000000
    endloop
  endfacet
  facet normal 0 0 0
    outer loop
      vertex 6.000000 2.000000 7.000000
      vertex 7.000000 2.000000 7.000000
      vertex 7.000000 3.000000 7.000000
    endloop
  endfacet
  facet normal 0 0 0
    outer loop
      vertex 6.000000 2.000000 7.000000
      vertex 7.000000 3.000000 7.000000
      vertex 6.000000 3.000000 7.000000
    endloop
  endfacet
  facet normal 0 0 0
    outer loop
      vertex 6.000000 2.000000 6.000000
      vertex 7.000000 2.000000 6.000000
      vertex 7.000000 2.000000 7.000000
    endloop
  endfacet
  facet normal 0 0 0
    outer loop
      vertex 6.000000 2.000000 6.000000
      vertex 7.000000 2.000000 7.000000
      vertex 6.000000 2.000000 7.000000
    endloop
  endfacet
  facet normal 0 0 0
    outer loop
      vertex 7.000000 3.000000 6.000000
      vertex 6.000000 3.000000 6.000000
      vertex 6.000000 3.000000 7.000000
    endloop
  endfacet
  facet normal 0 0 0
    outer loop
      vertex 7.000000 3.000000 6.000000
      vertex 6.000000 3.000000 7.000000
      vertex 7.000000 3.000000 7.000000
    endloop
  endfacet
  facet normal 0 0 0
    outer loop
      vertex 7.000000 2.000000 6.000000
      vertex 7.000000 3.000000 6.000000
      vertex 7.000000 3.000000 7.000000
    endloop
  endfacet
  facet normal 0 0 0
    outer loop
      vertex 7.000000 2.000000 6.000000
      vertex 7.000000 3.000000 7.000000
      vertex 7.000000 2.000000 7.000000
    endloop
  endfacet
  facet normal 0 0 0
    outer loop
      vertex 6.000000 3.000000 6.000000
      vertex 6.000000 2.000000 6.000000
      vertex 6.000000 2.000000 7.000000
    endloop
  endfacet
  facet normal 0 0 0
    outer loop
      vertex 6.000000 3.000000 6.000000
      vertex 6.000000 2.000000 7.000000
      vertex 6.000000 3.000000 7.000000
    endloop
  endfacet
  facet normal 0 0 0
    outer loop
      vertex 6.000000 2.000000 7.000000
      vertex 7.000000 3.000000 7.000000
      vertex 7.000000 2.000000 7.000000
    endloop
  endfacet
  facet normal 0 0 0
    outer loop
      vertex 6.000000 2.000000 7.000000
      vertex 6.000000 3.000000 7.000000
      vertex 7.000000 3.000000 7.000000
    endloop
  endfacet
  facet normal 0 0 0
    outer loop
      vertex 6.000000 2.000000 8.000000
      vertex 7.000000 2.000000 8.000000
      vertex 7.000000 3.000000 8.000000
    endloop
  endfacet
  facet normal 0 0 0
    outer loop
      vertex 6.000000 2.000000 8.000000
      vertex 7.000000 3.000000 8.000000
      vertex 6.000000 3.000000 8.000000
    endloop
  endfacet
  facet normal 0 0 0
    outer loop
      vertex 6.000000 2.000000 7.000000
      vertex 7.000000 2.000000 7.000000
      vertex 7.000000 2.000000 8.000000
    endloop
  endfacet
  facet normal 0 0 0
    outer loop
      vertex 6.000000 2.000000 7.000000
      vertex 7.000000 2.000000 8.000000
      vertex 6.000000 2.000000 8.000000
    endloop
  endfacet
  facet normal 0 0 0
    outer loop
      vertex 7.000000 3.000000 7.000000
      vertex 6.000000 3.000000 7.000000
      vertex 6.000000 3.000000 8.000000
    endloop
  endfacet
  facet normal 0 0 0
    outer loop
      vertex 7.000000 3.000000 7.000000
      vertex 6.000000 3.000000 8.000000
      vertex 7.000000 3.000000 8.000000
    endloop
  endfacet
  facet normal 0 0 0
    outer loop
      vertex 7.000000 2.000000 7.000000
      vertex 7.000000 3.000000 7.000000
      vertex 7.000000 3.000000 8.000000
    endloop
  endfacet
  facet normal 0 0 0
    outer loop
      vertex 7.000000 2.000000 7.000000
      vertex 7.000000 3.000000 8.000000
      vertex 7.000000 2.000000 8.000000
    endloop
  endfacet
  facet normal 0 0 0
    outer loop
      vertex 6.000000 3.000000 7.000000
      vertex 6.000000 2.000000 7.000000
      vertex 6.000000 2.000000 8.000000
    endloop
  endfacet
  facet normal 0 0 0
    outer loop
      vertex 6.000000 3.000000 7.000000
      vertex 6.000000 2.000000 8.000000
      vertex 6.000000 3.000000 8.000000
    endloop
  endfacet
  facet normal 0 0 0
    outer loop
      vertex 6.000000 2.000000 8.000000
      vertex 7.000000 3.000000 8.000000
      vertex 7.000000 2.000000 8.000000
    endloop
  endfacet
  facet normal 0 0 0
    outer loop
      vertex 6.000000 2.000000 8.000000
      vertex 6.000000 3.000000 8.000000
      vertex 7.000000 3.000000 8.000000
    endloop
  endfacet
  facet normal 0 0 0
    outer loop
      vertex 6.000000 2.000000 9.000000
      vertex 7.000000 2.000000 9.000000
      vertex 7.000000 3.000000 9.000000
    endloop
  endfacet
  facet normal 0 0 0
    outer loop
      vertex 6.000000 2.000000 9.000000
      vertex 7.000000 3.000000 9.000000
      vertex 6.000000 3.000000 9.000000
    endloop
  endfacet
  facet normal 0 0 0
    outer loop
      vertex 6.000000 2.000000 8.000000
      vertex 7.000000 2.000000 8.000000
      vertex 7.000000 2.000000 9.000000
    endloop
  endfacet
  facet normal 0 0 0
    outer loop
      vertex 6.000000 2.000000 8.000000
      vertex 7.000000 2.000000 9.000000
      vertex 6.000000 2.000000 9.000000
    endloop
  endfacet
  facet normal 0 0 0
    outer loop
      vertex 7.000000 3.000000 8.000000
      vertex 6.000000 3.000000 8.000000
      vertex 6.000000 3.000000 9.000000
    endloop
  endfacet
  facet normal 0 0 0
    outer loop
      vertex 7.000000 3.000000 8.000000
      vertex 6.000000 3.000000 9.000000
      vertex 7.000000 3.000000 9.000000
    endloop
  endfacet
  facet normal 0 0 0
    outer loop
      vertex 7.000000 2.000000 8.000000
      vertex 7.000000 3.000000 8.000000
      vertex 7.000000 3.000000 9.000000
    endloop
  endfacet
  facet normal 0 0 0
    outer loop
      vertex 7.000000 2.000000 8.000000
      vertex 7.000000 3.000000 9.000000
      vertex 7.000000 2.000000 9.000000
    endloop
  endfacet
  facet normal 0 0 0
    outer loop
      vertex 6.000000 3.000000 8.000000
      vertex 6.000000 2.000000 8.000000
      vertex 6.000000 2.000000 9.000000
    endloop
  endfacet
  facet normal 0 0 0
    outer loop
      vertex 6.000000 3.000000 8.000000
      vertex 6.000000 2.000000 9.000000
      vertex 6.000000 3.000000 9.000000
    endloop
  endfacet
  facet normal 0 0 0
    outer loop
      vertex 7.000000 0.000000 6.000000
      vertex 8.000000 1.000000 6.000000
      vertex 8.000000 0.000000 6.000000
    endloop
  endfacet
  facet normal 0 0 0
    outer loop
      vertex 7.000000 0.000000 6.000000
      vertex 7.000000 1.000000 6.000000
      vertex 8.000000 1.000000 6.000000
    endloop
  endfacet
  facet normal 0 0 0
    outer loop
      vertex 7.000000 0.000000 7.000000
      vertex 8.000000 0.000000 7.000000
      vertex 8.000000 1.000000 7.000000
    endloop
  endfacet
  facet normal 0 0 0
    outer loop
      vertex 7.000000 0.000000 7.000000
      vertex 8.000000 1.000000 7.000000
      vertex 7.000000 1.000000 7.000000
    endloop
  endfacet
  facet normal 0 0 0
    outer loop
      vertex 7.000000 0.000000 6.000000
      vertex 8.000000 0.000000 6.000000
      vertex 8.000000 0.000000 7.000000
    endloop
  endfacet
  facet normal 0 0 0
    outer loop
      vertex 7.000000 0.000000 6.000000
      vertex 8.000000 0.000000 7.000000
      vertex 7.000000 0.000000 7.000000
    endloop
  endfacet
  facet normal 0 0 0
    outer loop
      vertex 8.000000 1.000000 6.000000
      vertex 7.000000 1.000000 6.000000
      vertex 7.000000 1.000000 7.000000
    endloop
  endfacet
  facet normal 0 0 0
    outer loop
      vertex 8.000000 1.000000 6.000000
      vertex 7.000000 1.000000 7.000000
      vertex 8.000000 1.000000 7.000000
    endloop
  endfacet
  facet normal 0 0 0
    outer loop
      vertex 8.000000 0.000000 6.000000
      vertex 8.000000 1.000000 6.000000
      vertex 8.000000 1.000000 7.000000
    endloop
  endfacet
  facet normal 0 0 0
    outer loop
      vertex 8.000000 0.000000 6.000000
      vertex 8.000000 1.000000 7.000000
      vertex 8.000000 0.000000 7.000000
    endloop
  endfacet
  facet normal 0 0 0
    outer loop
      vertex 7.000000 1.000000 6.000000
      vertex 7.000000 0.000000 6.000000
      vertex 7.000000 0.000000 7.000000
    endloop
  endfacet
  facet normal 0 0 0
    outer loop
      vertex 7.000000 1.000000 6.000000
      vertex 7.000000 0.000000 7.000000
      vertex 7.000000 1.000000 7.000000
    endloop
  endfacet
  facet normal 0 0 0
    outer loop
      vertex 7.000000 0.000000 8.000000
      vertex 8.000000 1.000000 8.000000
      vertex 8.000000 0.000000 8.000000
    endloop
  endfacet
  facet normal 0 0 0
    outer loop
      vertex 7.000000 0.000000 8.000000
      vertex 7.000000 1.000000 8.000000
      vertex 8.000000 1.000000 8.000000
    endloop
  endfacet
  facet normal 0 0 0
    outer loop
      vertex 7.000000 0.000000 9.000000
      vertex 8.000000 0.000000 9.000000
      vertex 8.000000 1.000000 9.000000
    endloop
  endfacet
  facet normal 0 0 0
    outer loop
      vertex 7.000000 0.000000 9.000000
      vertex 8.000000 1.000000 9.000000
      vertex 7.000000 1.000000 9.000000
    endloop
  endfacet
  facet normal 0 0 0
    outer loop
      vertex 7.000000 0.000000 8.000000
      vertex 8.000000 0.000000 8.000000
      vertex 8.000000 0.000000 9.000000
    endloop
  endfacet
  facet normal 0 0 0
    outer loop
      vertex 7.000000 0.000000 8.000000
      vertex 8.000000 0.000000 9.000000
      vertex 7.000000 0.000000 9.000000
    endloop
  endfacet
  facet normal 0 0 0
    outer loop
      vertex 8.000000 1.000000 8.000000
      vertex 7.000000 1.000000 8.000000
      vertex 7.000000 1.000000 9.000000
    endloop
  endfacet
  facet normal 0 0 0
    outer loop
      vertex 8.000000 1.000000 8.000000
      vertex 7.000000 1.000000 9.000000
      vertex 8.000000 1.000000 9.000000
    endloop
  endfacet
  facet normal 0 0 0
    outer loop
      vertex 8.000000 0.000000 8.000000
      vertex 8.000000 1.000000 8.000000
      vertex 8.000000 1.000000 9.000000
    endloop
  endfacet
  facet normal 0 0 0
    outer loop
      vertex 8.000000 0.000000 8.000000
      vertex 8.000000 1.000000 9.000000
      vertex 8.000000 0.000000 9.000000
    endloop
  endfacet
  facet normal 0 0 0
    outer loop
      vertex 7.000000 1.000000 8.000000
      vertex 7.000000 0.000000 8.000000
      vertex 7.000000 0.000000 9.000000
    endloop
  endfacet
  facet normal 0 0 0
    outer loop
      vertex 7.000000 1.000000 8.000000
      vertex 7.000000 0.000000 9.000000
      vertex 7.000000 1.000000 9.000000
    endloop
  endfacet
  facet normal 0 0 0
    outer loop
      vertex 7.000000 2.000000 6.000000
      vertex 8.000000 3.000000 6.000000
      vertex 8.000000 2.000000 6.000000
    endloop
  endfacet
  facet normal 0 0 0
    outer loop
      vertex 7.000000 2.000000 6.000000
      vertex 7.000000 3.000000 6.000000
      vertex 8.000000 3.000000 6.000000
    endloop
  endfacet
  facet normal 0 0 0
    outer loop
      vertex 7.000000 2.000000 7.000000
      vertex 8.000000 2.000000 7.000000
      vertex 8.000000 3.000000 7.000000
    endloop
  endfacet
  facet normal 0 0 0
    outer loop
      vertex 7.000000 2.000000 7.000000
      vertex 8.000000 3.000000 7.000000
      vertex 7.000000 3.000000 7.000000
    endloop
  endfacet
  facet normal 0 0 0
    outer loop
      vertex 7.000000 2.000000 6.000000
      vertex 8.000000 2.000000 6.000000
      vertex 8.000000 2.000000 7.000000
    endloop
  endfacet
  facet normal 0 0 0
    outer loop
      vertex 7.000000 2.000000 6.000000
      vertex 8.000000 2.000000 7.000000
      vertex 7.000000 2.000000 7.000000
    endloop
  endfacet
  facet normal 0 0 0
    outer loop
      vertex 8.000000 3.000000 6.000000
      vertex 7.000000 3.000000 6.000000
      vertex 7.000000 3.000000 7.000000
    endloop
  endfacet
  facet normal 0 0 0
    outer loop
      vertex 8.000000 3.000000 6.000000
      vertex 7.000000 3.000000 7.000000
      vertex 8.000000 3.000000 7.000000
    endloop
  endfacet
  facet normal 0 0 0
    outer loop
      vertex 8.000000 2.000000 6.000000
      vertex 8.000000 3.000000 6.000000
      vertex 8.000000 3.000000 7.000000
    endloop
  endfacet
  facet normal 0 0 0
    outer loop
      vertex 8.000000 2.000000 6.000000
      vertex 8.000000 3.000000 7.000000
      vertex 8.000000 2.000000 7.000000
    endloop
  endfacet
  facet normal 0 0 0
    outer loop
      vertex 7.000000 3.000000 6.000000
      vertex 7.000000 2.000000 6.000000
      vertex 7.000000 2.000000 7.000000
    endloop
  endfacet
  facet normal 0 0 0
    outer loop
      vertex 7.000000 3.000000 6.000000
      vertex 7.000000 2.000000 7.000000
      vertex 7.000000 3.000000 7.000000
    endloop
  endfacet
  facet normal 0 0 0
    outer loop
      vertex 7.000000 2.000000 8.000000
      vertex 8.000000 3.000000 8.000000
      vertex 8.000000 2.000000 8.000000
    endloop
  endfacet
  facet normal 0 0 0
    outer loop
      vertex 7.000000 2.000000 8.000000
      vertex 7.000000 3.000000 8.000000
      vertex 8.000000 3.000000 8.000000
    endloop
  endfacet
  facet normal 0 0 0
    outer loop
      vertex 7.000000 2.000000 9.000000
      vertex 8.000000 2.000000 9.000000
      vertex 8.000000 3.000000 9.000000
    endloop
  endfacet
  facet normal 0 0 0
    outer loop
      vertex 7.000000 2.000000 9.000000
      vertex 8.000000 3.000000 9.000000
      vertex 7.000000 3.000000 9.000000
    endloop
  endfacet
  facet normal 0 0 0
    outer loop
      vertex 7.000000 2.000000 8.000000
      vertex 8.000000 2.000000 8.000000
      vertex 8.000000 2.000000 9.000000
    endloop
  endfacet
  facet normal 0 0 0
    outer loop
      vertex 7.000000 2.000000 8.000000
      vertex 8.000000 2.000000 9.000000
      vertex 7.000000 2.000000 9.000000
    endloop
  endfacet
  facet normal 0 0 0
    outer loop
      vertex 8.000000 3.000000 8.000000
      vertex 7.000000 3.000000 8.000000
      vertex 7.000000 3.000000 9.000000
    endloop
  endfacet
  facet normal 0 0 0
    outer loop
      vertex 8.000000 3.000000 8.000000
      vertex 7.000000 3.000000 9.000000
      vertex 8.000000 3.000000 9.000000
    endloop
  endfacet
  facet normal 0 0 0
    outer loop
      vertex 8.000000 2.000000 8.000000
      vertex 8.000000 3.000000 8.000000
      vertex 8.000000 3.000000 9.000000
    endloop
  endfacet
  facet normal 0 0 0
    outer loop
      vertex 8.000000 2.000000 8.000000
      vertex 8.000000 3.000000 9.000000
      vertex 8.000000 2.000000 9.000000
    endloop
  endfacet
  facet normal 0 0 0
    outer loop
      vertex 7.000000 3.000000 8.000000
      vertex 7.000000 2.000000 8.000000
      vertex 7.000000 2.000000 9.000000
    endloop
  endfacet
  facet normal 0 0 0
    outer loop
      vertex 7.000000 3.000000 8.000000
      vertex 7.000000 2.000000 9.000000
      vertex 7.000000 3.000000 9.000000
    endloop
  endfacet
  facet normal 0 0 0
    outer loop
      vertex 8.000000 0.000000 6.000000
      vertex 9.000000 1.000000 6.000000
      vertex 9.000000 0.000000 6.000000
    endloop
  endfacet
  facet normal 0 0 0
    outer loop
      vertex 8.000000 0.000000 6.000000
      vertex 8.000000 1.000000 6.000000
      vertex 9.000000 1.000000 6.000000
    endloop
  endfacet
  facet normal 0 0 0
    outer loop
      vertex 8.000000 0.000000 7.000000
      vertex 9.000000 0.000000 7.000000
      vertex 9.000000 1.000000 7.000000
    endloop
  endfacet
  facet normal 0 0 0
    outer loop
      vertex 8.000000 0.000000 7.000000
      vertex 9.000000 1.000000 7.000000
      vertex 8.000000 1.000000 7.000000
    endloop
  endfacet
  facet normal 0 0 0
    outer loop
      vertex 8.000000 0.000000 6.000000
      vertex 9.000000 0.000000 6.000000
      vertex 9.000000 0.000000 7.000000
    endloop
  endfacet
  facet normal 0 0 0
    outer loop
      vertex 8.000000 0.000000 6.000000
      vertex 9.000000 0.000000 7.000000
      vertex 8.000000 0.000000 7.000000
    endloop
  endfacet
  facet normal 0 0 0
    outer loop
      vertex 9.000000 1.000000 6.000000
      vertex 8.000000 1.000000 6.000000
      vertex 8.000000 1.000000 7.000000
    endloop
  endfacet
  facet normal 0 0 0
    outer loop
      vertex 9.000000 1.000000 6.000000
      vertex 8.000000 1.000000 7.000000
      vertex 9.000000 1.000000 7.000000
    endloop
  endfacet
  facet normal 0 0 0
    outer loop
      vertex 9.000000 0.000000 6.000000
      vertex 9.000000 1.000000 6.000000
      vertex 9.000000 1.000000 7.000000
    endloop
  endfacet
  facet normal 0 0 0
    outer loop
      vertex 9.000000 0.000000 6.000000
      vertex 9.000000 1.000000 7.000000
      vertex 9.000000 0.000000 7.000000
    endloop
  endfacet
  facet normal 0 0 0
    outer loop
      vertex 8.000000 1.000000 6.000000
      vertex 8.000000 0.000000 6.000000
      vertex 8.000000 0.000000 7.000000
    endloop
  endfacet
  facet normal 0 0 0
    outer loop
      vertex 8.000000 1.000000 6.000000
      vertex 8.000000 0.000000 7.000000
      vertex 8.000000 1.000000 7.000000
    endloop
  endfacet
  facet normal 0 0 0
    outer loop
      vertex 8.000000 0.000000 7.000000
      vertex 9.000000 1.000000 7.000000
      vertex 9.000000 0.000000 7.000000
    endloop
  endfacet
  facet normal 0 0 0
    outer loop
      vertex 8.000000 0.000000 7.000000
      vertex 8.000000 1.000000 7.000000
      vertex 9.000000 1.000000 7.000000
    endloop
  endfacet
  facet normal 0 0 0
    outer loop
      vertex 8.000000 0.000000 8.000000
      vertex 9.000000 0.000000 8.000000
      vertex 9.000000 1.000000 8.000000
    endloop
  endfacet
  facet normal 0 0 0
    outer loop
      vertex 8.000000 0.000000 8.000000
      vertex 9.000000 1.000000 8.000000
      vertex 8.000000 1.000000 8.000000
    endloop
  endfacet
  facet normal 0 0 0
    outer loop
      vertex 8.000000 0.000000 7.000000
      vertex 9.000000 0.000000 7.000000
      vertex 9.000000 0.000000 8.000000
    endloop
  endfacet
  facet normal 0 0 0
    outer loop
      vertex 8.000000 0.000000 7.000000
      vertex 9.000000 0.000000 8.000000
      vertex 8.000000 0.000000 8.000000
    endloop
  endfacet
  facet normal 0 0 0
    outer loop
      vertex 9.000000 1.000000 7.000000
      vertex 8.000000 1.000000 7.000000
      vertex 8.000000 1.000000 8.000000
    endloop
  endfacet
  facet normal 0 0 0
    outer loop
      vertex 9.000000 1.000000 7.000000
      vertex 8.000000 1.000000 8.000000
      vertex 9.000000 1.000000 8.000000
    endloop
  endfacet
  facet normal 0 0 0
    outer loop
      vertex 9.000000 0.000000 7.000000
      vertex 9.000000 1.000000 7.000000
      vertex 9.000000 1.000000 8.000000
    endloop
  endfacet
  facet normal 0 0 0
    outer loop
      vertex 9.000000 0.000000 7.000000
      vertex 9.000000 1.000000 8.000000
      vertex 9.000000 0.000000 8.000000
    endloop
  endfacet
  facet normal 0 0 0
    outer loop
      vertex 8.000000 1.000000 7.000000
      vertex 8.000000 0.000000 7.000000
      vertex 8.000000 0.000000 8.000000
    endloop
  endfacet
  facet normal 0 0 0
    outer loop
      vertex 8.000000 1.000000 7.000000
      vertex 8.000000 0.000000 8.000000
      vertex 8.000000 1.000000 8.000000
    endloop
  endfacet
  facet normal 0 0 0
    outer loop
      vertex 8.000000 0.000000 8.000000
      vertex 9.000000 1.000000 8.000000
      vertex 9.000000 0.000000 8.000000
    endloop
  endfacet
  facet normal 0 0 0
    outer loop
      vertex 8.000000 0.000000 8.000000
      vertex 8.000000 1.000000 8.000000
      vertex 9.000000 1.000000 8.000000
    endloop
  endfacet
  facet normal 0 0 0
    outer loop
      vertex 8.000000 0.000000 9.000000
      vertex 9.000000 0.000000 9.000000
      vertex 9.000000 1.000000 9.000000
    endloop
  endfacet
  facet normal 0 0 0
    outer loop
      vertex 8.000000 0.000000 9.000000
      vertex 9.000000 1.000000 9.000000
      vertex 8.000000 1.000000 9.000000
    endloop
  endfacet
  facet normal 0 0 0
    outer loop
      vertex 8.000000 0.000000 8.000000
      vertex 9.000000 0.000000 8.000000
      vertex 9.000000 0.000000 9.000000
    endloop
  endfacet
  facet normal 0 0 0
    outer loop
      vertex 8.000000 0.000000 8.000000
      vertex 9.000000 0.000000 9.000000
      vertex 8.000000 0.000000 9.000000
    endloop
  endfacet
  facet normal 0 0 0
    outer loop
      vertex 9.000000 1.000000 8.000000
      vertex 8.000000 1.000000 8.000000
      vertex 8.000000 1.000000 9.000000
    endloop
  endfacet
  facet normal 0 0 0
    outer loop
      vertex 9.000000 1.000000 8.000000
      vertex 8.000000 1.000000 9.000000
      vertex 9.000000 1.000000 9.000000
    endloop
  endfacet
  facet normal 0 0 0
    outer loop
      vertex 9.000000 0.000000 8.000000
      vertex 9.000000 1.000000 8.000000
      vertex 9.000000 1.000000 9.000000
    endloop
  endfacet
  facet normal 0 0 0
    outer loop
      vertex 9.000000 0.000000 8.000000
      vertex 9.000000 1.000000 9.000000
      vertex 9.000000 0.000000 9.000000
    endloop
  endfacet
  facet normal 0 0 0
    outer loop
      vertex 8.000000 1.000000 8.000000
      vertex 8.000000 0.000000 8.000000
      vertex 8.000000 0.000000 9.000000
    endloop
  endfacet
  facet normal 0 0 0
    outer loop
      vertex 8.000000 1.000000 8.000000
      vertex 8.000000 0.000000 9.000000
      vertex 8.000000 1.000000 9.000000
    endloop
  endfacet
  facet normal 0 0 0
    outer loop
      vertex 8.000000 1.000000 6.000000
      vertex 9.000000 2.000000 6.000000
      vertex 9.000000 1.000000 6.000000
    endloop
  endfacet
  facet normal 0 0 0
    outer loop
      vertex 8.000000 1.000000 6.000000
      vertex 8.000000 2.000000 6.000000
      vertex 9.000000 2.000000 6.000000
    endloop
  endfacet
  facet normal 0 0 0
    outer loop
      vertex 8.000000 1.000000 7.000000
      vertex 9.000000 1.000000 7.000000
      vertex 9.000000 2.000000 7.000000
    endloop
  endfacet
  facet normal 0 0 0
    outer loop
      vertex 8.000000 1.000000 7.000000
      vertex 9.000000 2.000000 7.000000
      vertex 8.000000 2.000000 7.000000
    endloop
  endfacet
  facet normal 0 0 0
    outer loop
      vertex 8.000000 1.000000 6.000000
      vertex 9.000000 1.000000 6.000000
      vertex 9.000000 1.000000 7.000000
    endloop
  endfacet
  facet normal 0 0 0
    outer loop
      vertex 8.000000 1.000000 6.000000
      vertex 9.000000 1.000000 7.000000
      vertex 8.000000 1.000000 7.000000
    endloop
  endfacet
  facet normal 0 0 0
    outer loop
      vertex 9.000000 2.000000 6.000000
      vertex 8.000000 2.000000 6.000000
      vertex 8.000000 2.000000 7.000000
    endloop
  endfacet
  facet normal 0 0 0
    outer loop
      vertex 9.000000 2.000000 6.000000
      vertex 8.000000 2.000000 7.000000
      vertex 9.000000 2.000000 7.000000
    endloop
  endfacet
  facet normal 0 0 0
    outer loop
      vertex 9.000000 1.000000 6.000000
      vertex 9.000000 2.000000 6.000000
      vertex 9.000000 2.000000 7.000000
    endloop
  endfacet
  facet normal 0 0 0
    outer loop
      vertex 9.000000 1.000000 6.000000
      vertex 9.000000 2.000000 7.000000
      vertex 9.000000 1.000000 7.000000
    endloop
  endfacet
  facet normal 0 0 0
    outer loop
      vertex 8.000000 2.000000 6.000000
      vertex 8.000000 1.000000 6.000000
      vertex 8.000000 1.000000 7.000000
    endloop
  endfacet
  facet normal 0 0 0
    outer loop
      vertex 8.000000 2.000000 6.000000
      vertex 8.000000 1.000000 7.000000
      vertex 8.000000 2.000000 7.000000
    endloop
  endfacet
  facet normal 0 0 0
    outer loop
      vertex 8.000000 1.000000 8.000000
      vertex 9.000000 2.000000 8.000000
      vertex 9.000000 1.000000 8.000000
    endloop
  endfacet
  facet normal 0 0 0
    outer loop
      vertex 8.000000 1.000000 8.000000
      vertex 8.000000 2.000000 8.000000
      vertex 9.000000 2.000000 8.000000
    endloop
  endfacet
  facet normal 0 0 0
    outer loop
      vertex 8.000000 1.000000 9.000000
      vertex 9.000000 1.000000 9.000000
      vertex 9.000000 2.000000 9.000000
    endloop
  endfacet
  facet normal 0 0 0
    outer loop
      vertex 8.000000 1.000000 9.000000
      vertex 9.000000 2.000000 9.000000
      vertex 8.000000 2.000000 9.000000
    endloop
  endfacet
  facet normal 0 0 0
    outer loop
      vertex 8.000000 1.000000 8.000000
      vertex 9.000000 1.000000 8.000000
      vertex 9.000000 1.000000 9.000000
    endloop
  endfacet
  facet normal 0 0 0
    outer loop
      vertex 8.000000 1.000000 8.000000
      vertex 9.000000 1.000000 9.000000
      vertex 8.000000 1.000000 9.000000
    endloop
  endfacet
  facet normal 0 0 0
    outer loop
      vertex 9.000000 2.000000 8.000000
      vertex 8.000000 2.000000 8.000000
      vertex 8.000000 2.000000 9.000000
    endloop
  endfacet
  facet normal 0 0 0
    outer loop
      vertex 9.000000 2.000000 8.000000
      vertex 8.000000 2.000000 9.000000
      vertex 9.000000 2.000000 9.000000
    endloop
  endfacet
  facet normal 0 0 0
    outer loop
      vertex 9.000000 1.000000 8.000000
      vertex 9.000000 2.000000 8.000000
      vertex 9.000000 2.000000 9.000000
    endloop
  endfacet
  facet normal 0 0 0
    outer loop
      vertex 9.000000 1.000000 8.000000
      vertex 9.000000 2.000000 9.000000
      vertex 9.000000 1.000000 9.000000
    endloop
  endfacet
  facet normal 0 0 0
    outer loop
      vertex 8.000000 2.000000 8.000000
      vertex 8.000000 1.000000 8.000000
      vertex 8.000000 1.000000 9.000000
    endloop
  endfacet
  facet normal 0 0 0
    outer loop
      vertex 8.000000 2.000000 8.000000
      vertex 8.000000 1.000000 9.000000
      vertex 8.000000 2.000000 9.000000
    endloop
  endfacet
  facet normal 0 0 0
    outer loop
      vertex 8.000000 2.000000 6.000000
      vertex 9.000000 3.000000 6.000000
      vertex 9.000000 2.000000 6.000000
    endloop
  endfacet
  facet normal 0 0 0
    outer loop
      vertex 8.000000 2.000000 6.000000
      vertex 8.000000 3.000000 6.000000
      vertex 9.000000 3.000000 6.000000
    endloop
  endfacet
  facet normal 0 0 0
    outer loop
      vertex 8.000000 2.000000 7.000000
      vertex 9.000000 2.000000 7.000000
      vertex 9.000000 3.000000 7.000000
    endloop
  endfacet
  facet normal 0 0 0
    outer loop
      vertex 8.000000 2.000000 7.000000
      vertex 9.000000 3.000000 7.000000
      vertex 8.000000 3.000000 7.000000
    endloop
  endfacet
  facet normal 0 0 0
    outer loop
      vertex 8.000000 2.000000 6.000000
      vertex 9.000000 2.000000 6.000000
      vertex 9.000000 2.000000 7.000000
    endloop
  endfacet
  facet normal 0 0 0
    outer loop
      vertex 8.000000 2.000000 6.000000
      vertex 9.000000 2.000000 7.000000
      vertex 8.000000 2.000000 7.000000
    endloop
  endfacet
  facet normal 0 0 0
    outer loop
      vertex 9.000000 3.000000 6.000000
      vertex 8.000000 3.000000 6.000000
      vertex 8.000000 3.000000 7.000000
    endloop
  endfacet
  facet normal 0 0 0
    outer loop
      vertex 9.000000 3.000000 6.000000
      vertex 8.000000 3.000000 7.000000
      vertex 9.000000 3.000000 7.000000
    endloop
  endfacet
  facet normal 0 0 0
    outer loop
      vertex 9.000000 2.000000 6.000000
      vertex 9.000000 3.000000 6.000000
      vertex 9.000000 3.000000 7.000000
    endloop
  endfacet
  facet normal 0 0 0
    outer loop
      vertex 9.000000 2.000000 6.000000
      vertex 9.000000 3.000000 7.000000
      vertex 9.000000 2.000000 7.000000
    endloop
  endfacet
  facet normal 0 0 0
    outer loop
      vertex 8.000000 3.000000 6.000000
      vertex 8.000000 2.000000 6.000000
      vertex 8.000000 2.000000 7.000000
    endloop
  endfacet
  facet normal 0 0 0
    outer loop
      vertex 8.000000 3.000000 6.000000
      vertex 8.000000 2.000000 7.000000
      vertex 8.000000 3.000000 7.000000
    endloop
  endfacet
  facet normal 0 0 0
    outer loop
      vertex 8.000000 2.000000 7.000000
      vertex 9.000000 3.000000 7.000000
      vertex 9.000000 2.000000 7.000000
    endloop
  endfacet
  facet normal 0 0 0
    outer loop
      vertex 8.000000 2.000000 7.000000
      vertex 8.000000 3.000000 7.000000
      vertex 9.000000 3.000000 7.000000
    endloop
  endfacet
  facet normal 0 0 0
    outer loop
      vertex 8.000000 2.000000 8.000000
      vertex 9.000000 2.000000 8.000000
      vertex 9.000000 3.000000 8.000000
    endloop
  endfacet
  facet normal 0 0 0
    outer loop
      vertex 8.000000 2.000000 8.000000
      vertex 9.000000 3.000000 8.000000
      vertex 8.000000 3.000000 8.000000
    endloop
  endfacet
  facet normal 0 0 0
    outer loop
      vertex 8.000000 2.000000 7.000000
      vertex 9.000000 2.000000 7.000000
      vertex 9.000000 2.000000 8.000000
    endloop
  endfacet
  facet normal 0 0 0
    outer loop
      vertex 8.000000 2.000000 7.000000
      vertex 9.000000 2.000000 8.000000
      vertex 8.000000 2.000000 8.000000
    endloop
  endfacet
  facet normal 0 0 0
    outer loop
      vertex 9.000000 3.000000 7.000000
      vertex 8.000000 3.000000 7.000000
      vertex 8.000000 3.000000 8.000000
    endloop
  endfacet
  facet normal 0 0 0
    outer loop
      vertex 9.000000 3.000000 7.000000
      vertex 8.000000 3.000000 8.000000
      vertex 9.000000 3.000000 8.000000
    endloop
  endfacet
  facet normal 0 0 0
    outer loop
      vertex 9.000000 2.000000 7.000000
      vertex 9.000000 3.000000 7.000000
      vertex 9.000000 3.000000 8.000000
    endloop
  endfacet
  facet normal 0 0 0
    outer loop
      vertex 9.000000 2.000000 7.000000
      vertex 9.000000 3.000000 8.000000
      vertex 9.000000 2.000000 8.000000
    endloop
  endfacet
  facet normal 0 0 0
    outer loop
      vertex 8.000000 3.000000 7.000000
      vertex 8.000000 2.000000 7.000000
      vertex 8.000000 2.000000 8.000000
    endloop
  endfacet
  facet normal 0 0 0
    outer loop
      vertex 8.000000 3.000000 7.000000
      vertex 8.000000 2.000000 8.000000
      vertex 8.000000 3.000000 8.000000
    endloop
  endfacet
  facet normal 0 0 0
    outer loop
      vertex 8.000000 2.000000 8.000000
      vertex 9.000000 3.000000 8.000000
      vertex 9.000000 2.000000 8.000000
    endloop
  endfacet
  facet normal 0 0 0
    outer loop
      vertex 8.000000 2.000000 8.000000
      vertex 8.000000 3.000000 8.000000
      vertex 9.000000 3.000000 8.000000
    endloop
  endfacet
  facet normal 0 0 0
    outer loop
      vertex 8.000000 2.000000 9.000000
      vertex 9.000000 2.000000 9.000000
      vertex 9.000000 3.000000 9.000000
    endloop
  endfacet
  facet normal 0 0 0
    outer loop
      vertex 8.000000 2.000000 9.000000
      vertex 9.000000 3.000000 9.000000
      vertex 8.000000 3.000000 9.000000
    endloop
  endfacet
  facet normal 0 0 0
    outer loop
      vertex 8.000000 2.000000 8.000000
      vertex 9.000000 2.000000 8.000000
      vertex 9.000000 2.000000 9.000000
    endloop
  endfacet
  facet normal 0 0 0
    outer loop
      vertex 8.000000 2.000000 8.000000
      vertex 9.000000 2.000000 9.000000
      vertex 8.000000 2.000000 9.000000
    endloop
  endfacet
  facet normal 0 0 0
    outer loop
      vertex 9.000000 3.000000 8.000000
      vertex 8.000000 3.000000 8.000000
      vertex 8.000000 3.000000 9.000000
    endloop
  endfacet
  facet normal 0 0 0
    outer loop
      vertex 9.000000 3.000000 8.000000
      vertex 8.000000 3.000000 9.000000
      vertex 9.000000 3.000000 9.000000
    endloop
  endfacet
  facet normal 0 0 0
    outer loop
      vertex 9.000000 2.000000 8.000000
      vertex 9.000000 3.000000 8.000000
      vertex 9.000000 3.000000 9.000000
    endloop
  endfacet
  facet normal 0 0 0
    outer loop
      vertex 9.000000 2.000000 8.000000
      vertex 9.000000 3.000000 9.000000
      vertex 9.000000 2.000000 9.000000
    endloop
  endfacet
  facet normal 0 0 0
    outer loop
      vertex 8.000000 3.000000 8.000000
      vertex 8.000000 2.000000 8.000000
      vertex 8.000000 2.000000 9.000000
    endloop
  endfacet
  facet normal 0 0 0
    outer loop
      vertex 8.000000 3.000000 8.000000
      vertex 8.000000 2.000000 9.000000
      vertex 8.000000 3.000000 9.000000
    endloop
  endfacet
  facet normal 0 0 0
    outer loop
      vertex 6.000000 3.000000 0.000000
      vertex 7.000000 4.000000 0.000000
      vertex 7.000000 3.000000 0.000000
    endloop
  endfacet
  facet normal 0 0 0
    outer loop
      vertex 6.000000 3.000000 0.000000
      vertex 6.000000 4.000000 0.000000
      vertex 7.000000 4.000000 0.000000
    endloop
  endfacet
  facet normal 0 0 0
    outer loop
      vertex 6.000000 3.000000 1.000000
      vertex 7.000000 3.000000 1.000000
      vertex 7.000000 4.000000 1.000000
    endloop
  endfacet
  facet normal 0 0 0
    outer loop
      vertex 6.000000 3.000000 1.000000
      vertex 7.000000 4.000000 1.000000
      vertex 6.000000 4.000000 1.000000
    endloop
  endfacet
  facet normal 0 0 0
    outer loop
      vertex 6.000000 3.000000 0.000000
      vertex 7.000000 3.000000 0.000000
      vertex 7.000000 3.000000 1.000000
    endloop
  endfacet
  facet normal 0 0 0
    outer loop
      vertex 6.000000 3.000000 0.000000
      vertex 7.000000 3.000000 1.000000
      vertex 6.000000 3.000000 1.000000
    endloop
  endfacet
  facet normal 0 0 0
    outer loop
      vertex 7.000000 4.000000 0.000000
      vertex 6.000000 4.000000 0.000000
      vertex 6.000000 4.000000 1.000000
    endloop
  endfacet
  facet normal 0 0 0
    outer loop
      vertex 7.000000 4.000000 0.000000
      vertex 6.000000 4.000000 1.000000
      vertex 7.000000 4.000000 1.000000
    endloop
  endfacet
  facet normal 0 0 0
    outer loop
      vertex 7.000000 3.000000 0.000000
      vertex 7.000000 4.000000 0.000000
      vertex 7.000000 4.000000 1.000000
    endloop
  endfacet
  facet normal 0 0 0
    outer loop
      vertex 7.000000 3.000000 0.000000
      vertex 7.000000 4.000000 1.000000
      vertex 7.000000 3.000000 1.000000
    endloop
  endfacet
  facet normal 0 0 0
    outer loop
      vertex 6.000000 4.000000 0.000000
      vertex 6.000000 3.000000 0.000000
      vertex 6.000000 3.000000 1.000000
    endloop
  endfacet
  facet normal 0 0 0
    outer loop
      vertex 6.000000 4.000000 0.000000
      vertex 6.000000 3.000000 1.000000
      vertex 6.000000 4.000000 1.000000
    endloop
  endfacet
  facet normal 0 0 0
    outer loop
      vertex 6.000000 3.000000 1.000000
      vertex 7.000000 4.000000 1.000000
      vertex 7.000000 3.000000 1.000000
    endloop
  endfacet
  facet normal 0 0 0
    outer loop
      vertex 6.000000 3.000000 1.000000
      vertex 6.000000 4.000000 1.000000
      vertex 7.000000 4.000000 1.000000
    endloop
  endfacet
  facet normal 0 0 0
    outer loop
      vertex 6.000000 3.000000 2.000000
      vertex 7.000000 3.000000 2.000000
      vertex 7.000000 4.000000 2.000000
    endloop
  endfacet
  facet normal 0 0 0
    outer loop
      vertex 6.000000 3.000000 2.000000
      vertex 7.000000 4.000000 2.000000
      vertex 6.000000 4.000000 2.000000
    endloop
  endfacet
  facet normal 0 0 0
    outer loop
      vertex 6.000000 3.000000 1.000000
      vertex 7.000000 3.000000 1.000000
      vertex 7.000000 3.000000 2.000000
    endloop
  endfacet
  facet normal 0 0 0
    outer loop
      vertex 6.000000 3.000000 1.000000
      vertex 7.000000 3.000000 2.000000
      vertex 6.000000 3.000000 2.000000
    endloop
  endfacet
  facet normal 0 0 0
    outer loop
      vertex 7.000000 4.000000 1.000000
      vertex 6.000000 4.000000 1.000000
      vertex 6.000000 4.000000 2.000000
    endloop
  endfacet
  facet normal 0 0 0
    outer loop
      vertex 7.000000 4.000000 1.000000
      vertex 6.000000 4.000000 2.000000
      vertex 7.000000 4.000000 2.000000
    endloop
  endfacet
  facet normal 0 0 0
    outer loop
      vertex 7.000000 3.000000 1.000000
      vertex 7.000000 4.000000 1.000000
      vertex 7.000000 4.000000 2.000000
    endloop
  endfacet
  facet normal 0 0 0
    outer loop
      vertex 7.000000 3.000000 1.000000
      vertex 7.000000 4.000000 2.000000
      vertex 7.000000 3.000000 2.000000
    endloop
  endfacet
  facet normal 0 0 0
    outer loop
      vertex 6.000000 4.000000 1.000000
      vertex 6.000000 3.000000 1.000000
      vertex 6.000000 3.000000 2.000000
    endloop
  endfacet
  facet normal 0 0 0
    outer loop
      vertex 6.000000 4.000000 1.000000
      vertex 6.000000 3.000000 2.000000
      vertex 6.000000 4.000000 2.000000
    endloop
  endfacet
  facet normal 0 0 0
    outer loop
      vertex 6.000000 3.000000 2.000000
      vertex 7.000000 4.000000 2.000000
      vertex 7.000000 3.000000 2.000000
    endloop
  endfacet
  facet normal 0 0 0
    outer loop
      vertex 6.000000 3.000000 2.000000
      vertex 6.000000 4.000000 2.000000
      vertex 7.000000 4.000000 2.000000
    endloop
  endfacet
  facet normal 0 0 0
    outer loop
      vertex 6.000000 3.000000 3.000000
      vertex 7.000000 3.000000 3.000000
      vertex 7.000000 4.000000 3.000000
    endloop
  endfacet
  facet normal 0 0 0
    outer loop
      vertex 6.000000 3.000000 3.000000
      vertex 7.000000 4.000000 3.000000
      vertex 6.000000 4.000000 3.000000
    endloop
  endfacet
  facet normal 0 0 0
    outer loop
      vertex 6.000000 3.000000 2.000000
      vertex 7.000000 3.000000 2.000000
      vertex 7.000000 3.000000 3.000000
    endloop
  endfacet
  facet normal 0 0 0
    outer loop
      vertex 6.000000 3.000000 2.000000
      vertex 7.000000 3.000000 3.000000
      vertex 6.000000 3.000000 3.000000
    endloop
  endfacet
  facet normal 0 0 0
    outer loop
      vertex 7.000000 4.000000 2.000000
      vertex 6.000000 4.000000 2.000000
      vertex 6.000000 4.000000 3.000000
    endloop
  endfacet
  facet normal 0 0 0
    outer loop
      vertex 7.000000 4.000000 2.000000
      vertex 6.000000 4.000000 3.000000
      vertex 7.000000 4.000000 3.000000
    endloop
  endfacet
  facet normal 0 0 0
    outer loop
      vertex 7.000000 3.000000 2.000000
      vertex 7.000000 4.000000 2.000000
      vertex 7.000000 4.000000 3.000000
    endloop
  endfacet
  facet normal 0 0 0
    outer loop
      vertex 7.000000 3.000000 2.000000
      vertex 7.000000 4.000000 3.000000
      vertex 7.000000 3.000000 3.000000
    endloop
  endfacet
  facet normal 0 0 0
    outer loop
      vertex 6.000000 4.000000 2.000000
      vertex 6.000000 3.000000 2.000000
      vertex 6.000000 3.000000 3.000000
    endloop
  endfacet
  facet normal 0 0 0
    outer loop
      vertex 6.000000 4.000000 2.000000
      vertex 6.000000 3.000000 3.000000
      vertex 6.000000 4.000000 3.000000
    endloop
  endfacet
  facet normal 0 0 0
    outer loop
      vertex 6.000000 4.000000 0.000000
      vertex 7.000000 5.000000 0.000000
      vertex 7.000000 4.000000 0.000000
    endloop
  endfacet
  facet normal 0 0 0
    outer loop
      vertex 6.000000 4.000000 0.000000
      vertex 6.000000 5.000000 0.000000
      vertex 7.000000 5.000000 0.000000
    endloop
  endfacet
  facet normal 0 0 0
    outer loop
      vertex 6.000000 4.000000 1.000000
      vertex 7.000000 4.000000 1.000000
      vertex 7.000000 5.000000 1.000000
    endloop
  endfacet
  facet normal 0 0 0
    outer loop
      vertex 6.000000 4.000000 1.000000
      vertex 7.000000 5.000000 1.000000
      vertex 6.000000 5.000000 1.000000
    endloop
  endfacet
  facet normal 0 0 0
    outer loop
      vertex 6.000000 4.000000 0.000000
      vertex 7.000000 4.000000 0.000000
      vertex 7.000000 4.000000 1.000000
    endloop
  endfacet
  facet normal 0 0 0
    outer loop
      vertex 6.000000 4.000000 0.000000
      vertex 7.000000 4.000000 1.000000
      vertex 6.000000 4.000000 1.000000
    endloop
  endfacet
  facet normal 0 0 0
    outer loop
      vertex 7.000000 5.000000 0.000000
      vertex 6.000000 5.000000 0.000000
      vertex 6.000000 5.000000 1.000000
    endloop
  endfacet
  facet normal 0 0 0
    outer loop
      vertex 7.000000 5.000000 0.000000
      vertex 6.000000 5.000000 1.000000
      vertex 7.000000 5.000000 1.000000
    endloop
  endfacet
  facet normal 0 0 0
    outer loop
      vertex 7.000000 4.000000 0.000000
      vertex 7.000000 5.000000 0.000000
      vertex 7.000000 5.000000 1.000000
    endloop
  endfacet
  facet normal 0 0 0
    outer loop
      vertex 7.000000 4.000000 0.000000
      vertex 7.000000 5.000000 1.000000
      vertex 7.000000 4.000000 1.000000
    endloop
  endfacet
  facet normal 0 0 0
    outer loop
      vertex 6.000000 5.000000 0.000000
      vertex 6.000000 4.000000 0.000000
      vertex 6.000000 4.000000 1.000000
    endloop
  endfacet
  facet normal 0 0 0
    outer loop
      vertex 6.000000 5.000000 0.000000
      vertex 6.000000 4.000000 1.000000
      vertex 6.000000 5.000000 1.000000
    endloop
  endfacet
  facet normal 0 0 0
    outer loop
      vertex 6.000000 4.000000 2.000000
      vertex 7.000000 5.000000 2.000000
      vertex 7.000000 4.000000 2.000000
    endloop
  endfacet
  facet normal 0 0 0
    outer loop
      vertex 6.000000 4.000000 2.000000
      vertex 6.000000 5.000000 2.000000
      vertex 7.000000 5.000000 2.000000
    endloop
  endfacet
  facet normal 0 0 0
    outer loop
      vertex 6.000000 4.000000 3.000000
      vertex 7.000000 4.000000 3.000000
      vertex 7.000000 5.000000 3.000000
    endloop
  endfacet
  facet normal 0 0 0
    outer loop
      vertex 6.000000 4.000000 3.000000
      vertex 7.000000 5.000000 3.000000
      vertex 6.000000 5.000000 3.000000
    endloop
  endfacet
  facet normal 0 0 0
    outer loop
      vertex 6.000000 4.000000 2.000000
      vertex 7.000000 4.000000 2.000000
      vertex 7.000000 4.000000 3.000000
    endloop
  endfacet
  facet normal 0 0 0
    outer loop
      vertex 6.000000 4.000000 2.000000
      vertex 7.000000 4.000000 3.000000
      vertex 6.000000 4.000000 3.000000
    endloop
  endfacet
  facet normal 0 0 0
    outer loop
      vertex 7.000000 5.000000 2.000000
      vertex 6.000000 5.000000 2.000000
      vertex 6.000000 5.000000 3.000000
    endloop
  endfacet
  facet normal 0 0 0
    outer loop
      vertex 7.000000 5.000000 2.000000
      vertex 6.000000 5.000000 3.000000
      vertex 7.000000 5.000000 3.000000
    endloop
  endfacet
  facet normal 0 0 0
    outer loop
      vertex 7.000000 4.000000 2.000000
      vertex 7.000000 5.000000 2.000000
      vertex 7.000000 5.000000 3.000000
    endloop
  endfacet
  facet normal 0 0 0
    outer loop
      vertex 7.000000 4.000000 2.000000
      vertex 7.000000 5.000000 3.000000
      vertex 7.000000 4.000000 3.000000
    endloop
  endfacet
  facet normal 0 0 0
    outer loop
      vertex 6.000000 5.000000 2.000000
      vertex 6.000000 4.000000 2.000000
      vertex 6.000000 4.000000 3.000000
    endloop
  endfacet
  facet normal 0 0 0
    outer loop
      vertex 6.000000 5.000000 2.000000
      vertex 6.000000 4.000000 3.000000
      vertex 6.000000 5.000000 3.000000
    endloop
  endfacet
  facet normal 0 0 0
    outer loop
      vertex 6.000000 5.000000 0.000000
      vertex 7.000000 6.000000 0.000000
      vertex 7.000000 5.000000 0.000000
    endloop
  endfacet
  facet normal 0 0 0
    outer loop
      vertex 6.000000 5.000000 0.000000
      vertex 6.000000 6.000000 0.000000
      vertex 7.000000 6.000000 0.000000
    endloop
  endfacet
  facet normal 0 0 0
    outer loop
      vertex 6.000000 5.000000 1.000000
      vertex 7.000000 5.000000 1.000000
      vertex 7.000000 6.000000 1.000000
    endloop
  endfacet
  facet normal 0 0 0
    outer loop
      vertex 6.000000 5.000000 1.000000
      vertex 7.000000 6.000000 1.000000
      vertex 6.000000 6.000000 1.000000
    endloop
  endfacet
  facet normal 0 0 0
    outer loop
      vertex 6.000000 5.000000 0.000000
      vertex 7.000000 5.000000 0.000000
      vertex 7.000000 5.000000 1.000000
    endloop
  endfacet
  facet normal 0 0 0
    outer loop
      vertex 6.000000 5.000000 0.000000
      vertex 7.000000 5.000000 1.000000
      vertex 6.000000 5.000000 1.000000
    endloop
  endfacet
  facet normal 0 0 0
    outer loop
      vertex 7.000000 6.000000 0.000000
      vertex 6.000000 6.000000 0.000000
      vertex 6.000000 6.000000 1.000000
    endloop
  endfacet
  facet normal 0 0 0
    outer loop
      vertex 7.000000 6.000000 0.000000
      vertex 6.000000 6.000000 1.000000
      vertex 7.000000 6.000000 1.000000
    endloop
  endfacet
  facet normal 0 0 0
    outer loop
      vertex 7.000000 5.000000 0.000000
      vertex 7.000000 6.000000 0.000000
      vertex 7.000000 6.000000 1.000000
    endloop
  endfacet
  facet normal 0 0 0
    outer loop
      vertex 7.000000 5.000000 0.000000
      vertex 7.000000 6.000000 1.000000
      vertex 7.000000 5.000000 1.000000
    endloop
  endfacet
  facet normal 0 0 0
    outer loop
      vertex 6.000000 6.000000 0.000000
      vertex 6.000000 5.000000 0.000000
      vertex 6.000000 5.000000 1.000000
    endloop
  endfacet
  facet normal 0 0 0
    outer loop
      vertex 6.000000 6.000000 0.000000
      vertex 6.000000 5.000000 1.000000
      vertex 6.000000 6.000000 1.000000
    endloop
  endfacet
  facet normal 0 0 0
    outer loop
      vertex 6.000000 5.000000 1.000000
      vertex 7.000000 6.000000 1.000000
      vertex 7.000000 5.000000 1.000000
    endloop
  endfacet
  facet normal 0 0 0
    outer loop
      vertex 6.000000 5.000000 1.000000
      vertex 6.000000 6.000000 1.000000
      vertex 7.000000 6.000000 1.000000
    endloop
  endfacet
  facet normal 0 0 0
    outer loop
      vertex 6.000000 5.000000 2.000000
      vertex 7.000000 5.000000 2.000000
      vertex 7.000000 6.000000 2.000000
    endloop
  endfacet
  facet normal 0 0 0
    outer loop
      vertex 6.000000 5.000000 2.000000
      vertex 7.000000 6.000000 2.000000
      vertex 6.000000 6.000000 2.000000
    endloop
  endfacet
  facet normal 0 0 0
    outer loop
      vertex 6.000000 5.000000 1.000000
      vertex 7.000000 5.000000 1.000000
      vertex 7.000000 5.000000 2.000000
    endloop
  endfacet
  facet normal 0 0 0
    outer loop
      vertex 6.000000 5.000000 1.000000
      vertex 7.000000 5.000000 2.000000
      vertex 6.000000 5.000000 2.000000
    endloop
  endfacet
  facet normal 0 0 0
    outer loop
      vertex 7.000000 6.000000 1.000000
      vertex 6.000000 6.000000 1.000000
      vertex 6.000000 6.000000 2.000000
    endloop
  endfacet
  facet normal 0 0 0
    outer loop
      vertex 7.000000 6.000000 1.000000
      vertex 6.000000 6.000000 2.000000
      vertex 7.000000 6.000000 2.000000
    endloop
  endfacet
  facet normal 0 0 0
    outer loop
      vertex 7.000000 5.000000 1.000000
      vertex 7.000000 6.000000 1.000000
      vertex 7.000000 6.000000 2.000000
    endloop
  endfacet
  facet normal 0 0 0
    outer loop
      vertex 7.000000 5.000000 1.000000
      vertex 7.000000 6.000000 2.000000
      vertex 7.000000 5.000000 2.000000
    endloop
  endfacet
  facet normal 0 0 0
    outer loop
      vertex 6.000000 6.000000 1.000000
      vertex 6.000000 5.000000 1.000000
      vertex 6.000000 5.000000 2.000000
    endloop
  endfacet
  facet normal 0 0 0
    outer loop
      vertex 6.000000 6.000000 1.000000
      vertex 6.000000 5.000000 2.000000
      vertex 6.000000 6.000000 2.000000
    endloop
  endfacet
  facet normal 0 0 0
    outer loop
      vertex 6.000000 5.000000 2.000000
      vertex 7.000000 6.000000 2.000000
      vertex 7.000000 5.000000 2.000000
    endloop
  endfacet
  facet normal 0 0 0
    outer loop
      vertex 6.000000 5.000000 2.000000
      vertex 6.000000 6.000000 2.000000
      vertex 7.000000 6.000000 2.000000
    endloop
  endfacet
  facet normal 0 0 0
    outer loop
      vertex 6.000000 5.000000 3.000000
      vertex 7.000000 5.000000 3.000000
      vertex 7.000000 6.000000 3.000000
    endloop
  endfacet
  facet normal 0 0 0
    outer loop
      vertex 6.000000 5.000000 3.000000
      vertex 7.000000 6.000000 3.000000
      vertex 6.000000 6.000000 3.000000
    endloop
  endfacet
  facet normal 0 0 0
    outer loop
      vertex 6.000000 5.000000 2.000000
      vertex 7.000000 5.000000 2.000000
      vertex 7.000000 5.000000 3.000000
    endloop
  endfacet
  facet normal 0 0 0
    outer loop
      vertex 6.000000 5.000000 2.000000
      vertex 7.000000 5.000000 3.000000
      vertex 6.000000 5.000000 3.000000
    endloop
  endfacet
  facet normal 0 0 0
    outer loop
      vertex 7.000000 6.000000 2.000000
      vertex 6.000000 6.000000 2.000000
      vertex 6.000000 6.000000 3.000000
    endloop
  endfacet
  facet normal 0 0 0
    outer loop
      vertex 7.000000 6.000000 2.000000
      vertex 6.000000 6.000000 3.000000
      vertex 7.000000 6.000000 3.000000
    endloop
  endfacet
  facet normal 0 0 0
    outer loop
      vertex 7.000000 5.000000 2.000000
      vertex 7.000000 6.000000 2.000000
      vertex 7.000000 6.000000 3.000000
    endloop
  endfacet
  facet normal 0 0 0
    outer loop
      vertex 7.000000 5.000000 2.000000
      vertex 7.000000 6.000000 3.000000
      vertex 7.000000 5.000000 3.000000
    endloop
  endfacet
  facet normal 0 0 0
    outer loop
      vertex 6.000000 6.000000 2.000000
      vertex 6.000000 5.000000 2.000000
      vertex 6.000000 5.000000 3.000000
    endloop
  endfacet
  facet normal 0 0 0
    outer loop
      vertex 6.000000 6.000000 2.000000
      vertex 6.000000 5.000000 3.000000
      vertex 6.000000 6.000000 3.000000
    endloop
  endfacet
  facet normal 0 0 0
    outer loop
      vertex 7.000000 3.000000 0.000000
      vertex 8.000000 4.000000 0.000000
      vertex 8.000000 3.000000 0.000000
    endloop
  endfacet
  facet normal 0 0 0
    outer loop
      vertex 7.000000 3.000000 0.000000
      vertex 7.000000 4.000000 0.000000
      vertex 8.000000 4.000000 0.000000
    endloop
  endfacet
  facet normal 0 0 0
    outer loop
      vertex 7.000000 3.000000 1.000000
      vertex 8.000000 3.000000 1.000000
      vertex 8.000000 4.000000 1.000000
    endloop
  endfacet
  facet normal 0 0 0
    outer loop
      vertex 7.000000 3.000000 1.000000
      vertex 8.000000 4.000000 1.000000
      vertex 7.000000 4.000000 1.000000
    endloop
  endfacet
  facet normal 0 0 0
    outer loop
      vertex 7.000000 3.000000 0.000000
      vertex 8.000000 3.000000 0.000000
      vertex 8.000000 3.000000 1.000000
    endloop
  endfacet
  facet normal 0 0 0
    outer loop
      vertex 7.000000 3.000000 0.000000
      vertex 8.000000 3.000000 1.000000
      vertex 7.000000 3.000000 1.000000
    endloop
  endfacet
  facet normal 0 0 0
    outer loop
      vertex 8.000000 4.000000 0.000000
      vertex 7.000000 4.000000 0.000000
      vertex 7.000000 4.000000 1.000000
    endloop
  endfacet
  facet normal 0 0 0
    outer loop
      vertex 8.000000 4.000000 0.000000
      vertex 7.000000 4.000000 1.000000
      vertex 8.000000 4.000000 1.000000
    endloop
  endfacet
  facet normal 0 0 0
    outer loop
      vertex 8.000000 3.000000 0.000000
      vertex 8.000000 4.000000 0.000000
      vertex 8.000000 4.000000 1.000000
    endloop
  endfacet
  facet normal 0 0 0
    outer loop
      vertex 8.000000 3.000000 0.000000
      vertex 8.000000 4.000000 1.000000
      vertex 8.000000 3.000000 1.000000
    endloop
  endfacet
  facet normal 0 0 0
    outer loop
      vertex 7.000000 4.000000 0.000000
      vertex 7.000000 3.000000 0.000000
      vertex 7.000000 3.000000 1.000000
    endloop
  endfacet
  facet normal 0 0 0
    outer loop
      vertex 7.000000 4.000000 0.000000
      vertex 7.000000 3.000000 1.000000
      vertex 7.000000 4.000000 1.000000
    endloop
  endfacet
  facet normal 0 0 0
    outer loop
      vertex 7.000000 3.000000 2.000000
      vertex 8.000000 4.000000 2.000000
      vertex 8.000000 3.000000 2.000000
    endloop
  endfacet
  facet normal 0 0 0
    outer loop
      vertex 7.000000 3.000000 2.000000
      vertex 7.000000 4.000000 2.000000
      vertex 8.000000 4.000000 2.000000
    endloop
  endfacet
  facet normal 0 0 0
    outer loop
      vertex 7.000000 3.000000 3.000000
      vertex 8.000000 3.000000 3.000000
      vertex 8.000000 4.000000 3.000000
    endloop
  endfacet
  facet normal 0 0 0
    outer loop
      vertex 7.000000 3.000000 3.000000
      vertex 8.000000 4.000000 3.000000
      vertex 7.000000 4.000000 3.000000
    endloop
  endfacet
  facet normal 0 0 0
    outer loop
      vertex 7.000000 3.000000 2.000000
      vertex 8.000000 3.000000 2.000000
      vertex 8.000000 3.000000 3.000000
    endloop
  endfacet
  facet normal 0 0 0
    outer loop
      vertex 7.000000 3.000000 2.000000
      vertex 8.000000 3.000000 3.000000
      vertex 7.000000 3.000000 3.000000
    endloop
  endfacet
  facet normal 0 0 0
    outer loop
      vertex 8.000000 4.000000 2.000000
      vertex 7.000000 4.000000 2.000000
      vertex 7.000000 4.000000 3.000000
    endloop
  endfacet
  facet normal 0 0 0
    outer loop
      vertex 8.000000 4.000000 2.000000
      vertex 7.000000 4.000000 3.000000
      vertex 8.000000 4.000000 3.000000
    endloop
  endfacet
  facet normal 0 0 0
    outer loop
      vertex 8.000000 3.000000 2.000000
      vertex 8.000000 4.000000 2.000000
      vertex 8.000000 4.000000 3.000000
    endloop
  endfacet
  facet normal 0 0 0
    outer loop
      vertex 8.000000 3.000000 2.000000
      vertex 8.000000 4.000000 3.000000
      vertex 8.000000 3.000000 3.000000
    endloop
  endfacet
  facet normal 0 0 0
    outer loop
      vertex 7.000000 4.000000 2.000000
      vertex 7.000000 3.000000 2.000000
      vertex 7.000000 3.000000 3.000000
    endloop
  endfacet
  facet normal 0 0 0
    outer loop
      vertex 7.000000 4.000000 2.000000
      vertex 7.000000 3.000000 3.000000
      vertex 7.000000 4.000000 3.000000
    endloop
  endfacet
  facet normal 0 0 0
    outer loop
      vertex 7.000000 5.000000 0.000000
      vertex 8.000000 6.000000 0.000000
      vertex 8.000000 5.000000 0.000000
    endloop
  endfacet
  facet normal 0 0 0
    outer loop
      vertex 7.000000 5.000000 0.000000
      vertex 7.000000 6.000000 0.000000
      vertex 8.000000 6.000000 0.000000
    endloop
  endfacet
  facet normal 0 0 0
    outer loop
      vertex 7.000000 5.000000 1.000000
      vertex 8.000000 5.000000 1.000000
      vertex 8.000000 6.000000 1.000000
    endloop
  endfacet
  facet normal 0 0 0
    outer loop
      vertex 7.000000 5.000000 1.000000
      vertex 8.000000 6.000000 1.000000
      vertex 7.000000 6.000000 1.000000
    endloop
  endfacet
  facet normal 0 0 0
    outer loop
      vertex 7.000000 5.000000 0.000000
      vertex 8.000000 5.000000 0.000000
      vertex 8.000000 5.000000 1.000000
    endloop
  endfacet
  facet normal 0 0 0
    outer loop
      vertex 7.000000 5.000000 0.000000
      vertex 8.000000 5.000000 1.000000
      vertex 7.000000 5.000000 1.000000
    endloop
  endfacet
  facet normal 0 0 0
    outer loop
      vertex 8.000000 6.000000 0.000000
      vertex 7.000000 6.000000 0.000000
      vertex 7.000000 6.000000 1.000000
    endloop
  endfacet
  facet normal 0 0 0
    outer loop
      vertex 8.000000 6.000000 0.000000
      vertex 7.000000 6.000000 1.000000
      vertex 8.000000 6.000000 1.000000
    endloop
  endfacet
  facet normal 0 0 0
    outer loop
      vertex 8.000000 5.000000 0.000000
      vertex 8.000000 6.000000 0.000000
      vertex 8.000000 6.000000 1.000000
    endloop
  endfacet
  facet normal 0 0 0
    outer loop
      vertex 8.000000 5.000000 0.000000
      vertex 8.000000 6.000000 1.000000
      vertex 8.000000 5.000000 1.000000
    endloop
  endfacet
  facet normal 0 0 0
    outer loop
      vertex 7.000000 6.000000 0.000000
      vertex 7.000000 5.000000 0.000000
      vertex 7.000000 5.000000 1.000000
    endloop
  endfacet
  facet normal 0 0 0
    outer loop
      vertex 7.000000 6.000000 0.000000
      vertex 7.000000 5.000000 1.000000
      vertex 7.000000 6.000000 1.000000
    endloop
  endfacet
  facet normal 0 0 0
    outer loop
      vertex 7.000000 5.000000 2.000000
      vertex 8.000000 6.000000 2.000000
      vertex 8.000000 5.000000 2.000000
    endloop
  endfacet
  facet normal 0 0 0
    outer loop
      vertex 7.000000 5.000000 2.000000
      vertex 7.000000 6.000000 2.000000
      vertex 8.000000 6.000000 2.000000
    endloop
  endfacet
  facet normal 0 0 0
    outer loop
      vertex 7.000000 5.000000 3.000000
      vertex 8.000000 5.000000 3.000000
      vertex 8.000000 6.000000 3.000000
    endloop
  endfacet
  facet normal 0 0 0
    outer loop
      vertex 7.000000 5.000000 3.000000
      vertex 8.000000 6.000000 3.000000
      vertex 7.000000 6.000000 3.000000
    endloop
  endfacet
  facet normal 0 0 0
    outer loop
      vertex 7.000000 5.000000 2.000000
      vertex 8.000000 5.000000 2.000000
      vertex 8.000000 5.000000 3.000000
    endloop
  endfacet
  facet normal 0 0 0
    outer loop
      vertex 7.000000 5.000000 2.000000
      vertex 8.000000 5.000000 3.000000
      vertex 7.000000 5.000000 3.000000
    endloop
  endfacet
  facet normal 0 0 0
    outer loop
      vertex 8.000000 6.000000 2.000000
      vertex 7.000000 6.000000 2.000000
      vertex 7.000000 6.000000 3.000000
    endloop
  endfacet
  facet normal 0 0 0
    outer loop
      vertex 8.000000 6.000000 2.000000
      vertex 7.000000 6.000000 3.000000
      vertex 8.000000 6.000000 3.000000
    endloop
  endfacet
  facet normal 0 0 0
    outer loop
      vertex 8.000000 5.000000 2.000000
      vertex 8.000000 6.000000 2.000000
      vertex 8.000000 6.000000 3.000000
    endloop
  endfacet
  facet normal 0 0 0
    outer loop
      vertex 8.000000 5.000000 2.000000
      vertex 8.000000 6.000000 3.000000
      vertex 8.000000 5.000000 3.000000
    endloop
  endfacet
  facet normal 0 0 0
    outer loop
      vertex 7.000000 6.000000 2.000000
      vertex 7.000000 5.000000 2.000000
      vertex 7.000000 5.000000 3.000000
    endloop
  endfacet
  facet normal 0 0 0
    outer loop
      vertex 7.000000 6.000000 2.000000
      vertex 7.000000 5.000000 3.000000
      vertex 7.000000 6.000000 3.000000
    endloop
  endfacet
  facet normal 0 0 0
    outer loop
      vertex 8.000000 3.000000 0.000000
      vertex 9.000000 4.000000 0.000000
      vertex 9.000000 3.000000 0.000000
    endloop
  endfacet
  facet normal 0 0 0
    outer loop
      vertex 8.000000 3.000000 0.000000
      vertex 8.000000 4.000000 0.000000
      vertex 9.000000 4.000000 0.000000
    endloop
  endfacet
  facet normal 0 0 0
    outer loop
      vertex 8.000000 3.000000 1.000000
      vertex 9.000000 3.000000 1.000000
      vertex 9.000000 4.000000 1.000000
    endloop
  endfacet
  facet normal 0 0 0
    outer loop
      vertex 8.000000 3.000000 1.000000
      vertex 9.000000 4.000000 1.000000
      vertex 8.000000 4.000000 1.000000
    endloop
  endfacet
  facet normal 0 0 0
    outer loop
      vertex 8.000000 3.000000 0.000000
      vertex 9.000000 3.000000 0.000000
      vertex 9.000000 3.000000 1.000000
    endloop
  endfacet
  facet normal 0 0 0
    outer loop
      vertex 8.000000 3.000000 0.000000
      vertex 9.000000 3.000000 1.000000
      vertex 8.000000 3.000000 1.000000
    endloop
  endfacet
  facet normal 0 0 0
    outer loop
      vertex 9.000000 4.000000 0.000000
      vertex 8.000000 4.000000 0.000000
      vertex 8.000000 4.000000 1.000000
    endloop
  endfacet
  facet normal 0 0 0
    outer loop
      vertex 9.000000 4.000000 0.000000
      vertex 8.000000 4.000000 1.000000
      vertex 9.000000 4.000000 1.000000
    endloop
  endfacet
  facet normal 0 0 0
    outer loop
      vertex 9.000000 3.000000 0.000000
      vertex 9.000000 4.000000 0.000000
      vertex 9.000000 4.000000 1.000000
    endloop
  endfacet
  facet normal 0 0 0
    outer loop
      vertex 9.000000 3.000000 0.000000
      vertex 9.000000 4.000000 1.000000
      vertex 9.000000 3.000000 1.000000
    endloop
  endfacet
  facet normal 0 0 0
    outer loop
      vertex 8.000000 4.000000 0.000000
      vertex 8.000000 3.000000 0.000000
      vertex 8.000000 3.000000 1.000000
    endloop
  endfacet
  facet normal 0 0 0
    outer loop
      vertex 8.000000 4.000000 0.000000
      vertex 8.000000 3.000000 1.000000
      vertex 8.000000 4.000000 1.000000
    endloop
  endfacet
  facet normal 0 0 0
    outer loop
      vertex 8.000000 3.000000 1.000000
      vertex 9.000000 4.000000 1.000000
      vertex 9.000000 3.000000 1.000000
    endloop
  endfacet
  facet normal 0 0 0
    outer loop
      vertex 8.000000 3.000000 1.000000
      vertex 8.000000 4.000000 1.000000
      vertex 9.000000 4.000000 1.000000
    endloop
  endfacet
  facet normal 0 0 0
    outer loop
      vertex 8.000000 3.000000 2.000000
      vertex 9.000000 3.000000 2.000000
      vertex 9.000000 4.000000 2.000000
    endloop
  endfacet
  facet normal 0 0 0
    outer loop
      vertex 8.000000 3.000000 2.000000
      vertex 9.000000 4.000000 2.000000
      vertex 8.000000 4.000000 2.000000
    endloop
  endfacet
  facet normal 0 0 0
    outer loop
      vertex 8.000000 3.000000 1.000000
      vertex 9.000000 3.000000 1.000000
      vertex 9.000000 3.000000 2.000000
    endloop
  endfacet
  facet normal 0 0 0
    outer loop
      vertex 8.000000 3.000000 1.000000
      vertex 9.000000 3.000000 2.000000
      vertex 8.000000 3.000000 2.000000
    endloop
  endfacet
  facet normal 0 0 0
    outer loop
      vertex 9.000000 4.000000 1.000000
      vertex 8.000000 4.000000 1.000000
      vertex 8.000000 4.000000 2.000000
    endloop
  endfacet
  facet normal 0 0 0
    outer loop
      vertex 9.000000 4.000000 1.000000
      vertex 8.000000 4.000000 2.000000
      vertex 9.000000 4.000000 2.000000
    endloop
  endfacet
  facet normal 0 0 0
    outer loop
      vertex 9.000000 3.000000 1.000000
      vertex 9.000000 4.000000 1.000000
      vertex 9.000000 4.000000 2.000000
    endloop
  endfacet
  facet normal 0 0 0
    outer loop
      vertex 9.000000 3.000000 1.000000
      vertex 9.000000 4.000000 2.000000
      vertex 9.000000 3.000000 2.000000
    endloop
  endfacet
  facet normal 0 0 0
    outer loop
      vertex 8.000000 4.000000 1.000000
      vertex 8.000000 3.000000 1.000000
      vertex 8.000000 3.000000 2.000000
    endloop
  endfacet
  facet normal 0 0 0
    outer loop
      vertex 8.000000 4.000000 1.000000
      vertex 8.000000 3.000000 2.000000
      vertex 8.000000 4.000000 2.000000
    endloop
  endfacet
  facet normal 0 0 0
    outer loop
      vertex 8.000000 3.000000 2.000000
      vertex 9.000000 4.000000 2.000000
      vertex 9.000000 3.000000 2.000000
    endloop
  endfacet
  facet normal 0 0 0
    outer loop
      vertex 8.000000 3.000000 2.000000
      vertex 8.000000 4.000000 2.000000
      vertex 9.000000 4.000000 2.000000
    endloop
  endfacet
  facet normal 0 0 0
    outer loop
      vertex 8.000000 3.000000 3.000000
      vertex 9.000000 3.000000 3.000000
      vertex 9.000000 4.000000 3.000000
    endloop
  endfacet
  facet normal 0 0 0
    outer loop
      vertex 8.000000 3.000000 3.000000
      vertex 9.000000 4.000000 3.000000
      vertex 8.000000 4.000000 3.000000
    endloop
  endfacet
  facet normal 0 0 0
    outer loop
      vertex 8.000000 3.000000 2.000000
      vertex 9.000000 3.000000 2.000000
      vertex 9.000000 3.000000 3.000000
    endloop
  endfacet
  facet normal 0 0 0
    outer loop
      vertex 8.000000 3.000000 2.000000
      vertex 9.000000 3.000000 3.000000
      vertex 8.000000 3.000000 3.000000
    endloop
  endfacet
  facet normal 0 0 0
    outer loop
      vertex 9.000000 4.000000 2.000000
      vertex 8.000000 4.000000 2.000000
      vertex 8.000000 4.000000 3.000000
    endloop
  endfacet
  facet normal 0 0 0
    outer loop
      vertex 9.000000 4.000000 2.000000
      vertex 8.000000 4.000000 3.000000
      vertex 9.000000 4.000000 3.000000
    endloop
  endfacet
  facet normal 0 0 0
    outer loop
      vertex 9.000000 3.000000 2.000000
      vertex 9.000000 4.000000 2.000000
      vertex 9.000000 4.000000 3.000000
    endloop
  endfacet
  facet normal 0 0 0
    outer loop
      vertex 9.000000 3.000000 2.000000
      vertex 9.000000 4.000000 3.000000
      vertex 9.000000 3.000000 3.000000
    endloop
  endfacet
  facet normal 0 0 0
    outer loop
      vertex 8.000000 4.000000 2.000000
      vertex 8.000000 3.000000 2.000000
      vertex 8.000000 3.000000 3.000000
    endloop
  endfacet
  facet normal 0 0 0
    outer loop
      vertex 8.000000 4.000000 2.000000
      vertex 8.000000 3.000000 3.000000
      vertex 8.000000 4.000000 3.000000
    endloop
  endfacet
  facet normal 0 0 0
    outer loop
      vertex 8.000000 4.000000 0.000000
      vertex 9.000000 5.000000 0.000000
      vertex 9.000000 4.000000 0.000000
    endloop
  endfacet
  facet normal 0 0 0
    outer loop
      vertex 8.000000 4.000000 0.000000
      vertex 8.000000 5.000000 0.000000
      vertex 9.000000 5.000000 0.000000
    endloop
  endfacet
  facet normal 0 0 0
    outer loop
      vertex 8.000000 4.000000 1.000000
      vertex 9.000000 4.000000 1.000000
      vertex 9.000000 5.000000 1.000000
    endloop
  endfacet
  facet normal 0 0 0
    outer loop
      vertex 8.000000 4.000000 1.000000
      vertex 9.000000 5.000000 1.000000
      vertex 8.000000 5.000000 1.000000
    endloop
  endfacet
  facet normal 0 0 0
    outer loop
      vertex 8.000000 4.000000 0.000000
      vertex 9.000000 4.000000 0.000000
      vertex 9.000000 4.000000 1.000000
    endloop
  endfacet
  facet normal 0 0 0
    outer loop
      vertex 8.000000 4.000000 0.000000
      vertex 9.000000 4.000000 1.000000
      vertex 8.000000 4.000000 1.000000
    endloop
  endfacet
  facet normal 0 0 0
    outer loop
      vertex 9.000000 5.000000 0.000000
      vertex 8.000000 5.000000 0.000000
      vertex 8.000000 5.000000 1.000000
    endloop
  endfacet
  facet normal 0 0 0
    outer loop
      vertex 9.000000 5.000000 0.000000
      vertex 8.000000 5.000000 1.000000
      vertex 9.000000 5.000000 1.000000
    endloop
  endfacet
  facet normal 0 0 0
    outer loop
      vertex 9.000000 4.000000 0.000000
      vertex 9.000000 5.000000 0.000000
      vertex 9.000000 5.000000 1.000000
    endloop
  endfacet
  facet normal 0 0 0
    outer loop
      vertex 9.000000 4.000000 0.000000
      vertex 9.000000 5.000000 1.000000
      vertex 9.000000 4.000000 1.000000
    endloop
  endfacet
  facet normal 0 0 0
    outer loop
      vertex 8.000000 5.000000 0.000000
      vertex 8.000000 4.000000 0.000000
      vertex 8.000000 4.000000 1.000000
    endloop
  endfacet
  facet normal 0 0 0
    outer loop
      vertex 8.000000 5.000000 0.000000
      vertex 8.000000 4.000000 1.000000
      vertex 8.000000 5.000000 1.000000
    endloop
  endfacet
  facet normal 0 0 0
    outer loop
      vertex 8.000000 4.000000 2.000000
      vertex 9.000000 5.000000 2.000000
      vertex 9.000000 4.000000 2.000000
    endloop
  endfacet
  facet normal 0 0 0
    outer loop
      vertex 8.000000 4.000000 2.000000
      vertex 8.000000 5.000000 2.000000
      vertex 9.000000 5.000000 2.000000
    endloop
  endfacet
  facet normal 0 0 0
    outer loop
      vertex 8.000000 4.000000 3.000000
      vertex 9.000000 4.000000 3.000000
      vertex 9.000000 5.000000 3.000000
    endloop
  endfacet
  facet normal 0 0 0
    outer loop
      vertex 8.000000 4.000000 3.000000
      vertex 9.000000 5.000000 3.000000
      vertex 8.000000 5.000000 3.000000
    endloop
  endfacet
  facet normal 0 0 0
    outer loop
      vertex 8.000000 4.000000 2.000000
      vertex 9.000000 4.000000 2.000000
      vertex 9.000000 4.000000 3.000000
    endloop
  endfacet
  facet normal 0 0 0
    outer loop
      vertex 8.000000 4.000000 2.000000
      vertex 9.000000 4.000000 3.000000
      vertex 8.000000 4.000000 3.000000
    endloop
  endfacet
  facet normal 0 0 0
    outer loop
      vertex 9.000000 5.000000 2.000000
      vertex 8.000000 5.000000 2.000000
      vertex 8.000000 5.000000 3.000000
    endloop
  endfacet
  facet normal 0 0 0
    outer loop
      vertex 9.000000 5.000000 2.000000
      vertex 8.000000 5.000000 3.000000
      vertex 9.000000 5.000000 3.000000
    endloop
  endfacet
  facet normal 0 0 0
    outer loop
      vertex 9.000000 4.000000 2.000000
      vertex 9.000000 5.000000 2.000000
      vertex 9.000000 5.000000 3.000000
    endloop
  endfacet
  facet normal 0 0 0
    outer loop
      vertex 9.000000 4.000000 2.000000
      vertex 9.000000 5.000000 3.000000
      vertex 9.000000 4.000000 3.000000
    endloop
  endfacet
  facet normal 0 0 0
    outer loop
      vertex 8.000000 5.000000 2.000000
      vertex 8.000000 4.000000 2.000000
      vertex 8.000000 4.000000 3.000000
    endloop
  endfacet
  facet normal 0 0 0
    outer loop
      vertex 8.000000 5.000000 2.000000
      vertex 8.000000 4.000000 3.000000
      vertex 8.000000 5.000000 3.000000
    endloop
  endfacet
  facet normal 0 0 0
    outer loop
      vertex 8.000000 5.000000 0.000000
      vertex 9.000000 6.000000 0.000000
      vertex 9.000000 5.000000 0.000000
    endloop
  endfacet
  facet normal 0 0 0
    outer loop
      vertex 8.000000 5.000000 0.000000
      vertex 8.000000 6.000000 0.000000
      vertex 9.000000 6.000000 0.000000
    endloop
  endfacet
  facet normal 0 0 0
    outer loop
      vertex 8.000000 5.000000 1.000000
      vertex 9.000000 5.000000 1.000000
      vertex 9.000000 6.000000 1.000000
    endloop
  endfacet
  facet normal 0 0 0
    outer loop
      vertex 8.000000 5.000000 1.000000
      vertex 9.000000 6.000000 1.000000
      vertex 8.000000 6.000000 1.000000
    endloop
  endfacet
  facet normal 0 0 0
    outer loop
      vertex 8.000000 5.000000 0.000000
      vertex 9.000000 5.000000 0.000000
      vertex 9.000000 5.000000 1.000000
    endloop
  endfacet
  facet normal 0 0 0
    outer loop
      vertex 8.000000 5.000000 0.000000
      vertex 9.000000 5.000000 1.000000
      vertex 8.000000 5.000000 1.000000
    endloop
  endfacet
  facet normal 0 0 0
    outer loop
      vertex 9.000000 6.000000 0.000000
      vertex 8.000000 6.000000 0.000000
      vertex 8.000000 6.000000 1.000000
    endloop
  endfacet
  facet normal 0 0 0
    outer loop
      vertex 9.000000 6.000000 0.000000
      vertex 8.000000 6.000000 1.000000
      vertex 9.000000 6.000000 1.000000
    endloop
  endfacet
  facet normal 0 0 0
    outer loop
      vertex 9.000000 5.000000 0.000000
      vertex 9.000000 6.000000 0.000000
      vertex 9.000000 6.000000 1.000000
    endloop
  endfacet
  facet normal 0 0 0
    outer loop
      vertex 9.000000 5.000000 0.000000
      vertex 9.000000 6.000000 1.000000
      vertex 9.000000 5.000000 1.000000
    endloop
  endfacet
  facet normal 0 0 0
    outer loop
      vertex 8.000000 6.000000 0.000000
      vertex 8.000000 5.000000 0.000000
      vertex 8.000000 5.000000 1.000000
    endloop
  endfacet
  facet normal 0 0 0
    outer loop
      vertex 8.000000 6.000000 0.000000
      vertex 8.000000 5.000000 1.000000
      vertex 8.000000 6.000000 1.000000
    endloop
  endfacet
  facet normal 0 0 0
    outer loop
      vertex 8.000000 5.000000 1.000000
      vertex 9.000000 6.000000 1.000000
      vertex 9.000000 5.000000 1.000000
    endloop
  endfacet
  facet normal 0 0 0
    outer loop
      vertex 8.000000 5.000000 1.000000
      vertex 8.000000 6.000000 1.000000
      vertex 9.000000 6.000000 1.000000
    endloop
  endfacet
  facet normal 0 0 0
    outer loop
      vertex 8.000000 5.000000 2.000000
      vertex 9.000000 5.000000 2.000000
      vertex 9.000000 6.000000 2.000000
    endloop
  endfacet
  facet normal 0 0 0
    outer loop
      vertex 8.000000 5.000000 2.000000
      vertex 9.000000 6.000000 2.000000
      vertex 8.000000 6.000000 2.000000
    endloop
  endfacet
  facet normal 0 0 0
    outer loop
      vertex 8.000000 5.000000 1.000000
      vertex 9.000000 5.000000 1.000000
      vertex 9.000000 5.000000 2.000000
    endloop
  endfacet
  facet normal 0 0 0
    outer loop
      vertex 8.000000 5.000000 1.000000
      vertex 9.000000 5.000000 2.000000
      vertex 8.000000 5.000000 2.000000
    endloop
  endfacet
  facet normal 0 0 0
    outer loop
      vertex 9.000000 6.000000 1.000000
      vertex 8.000000 6.000000 1.000000
      vertex 8.000000 6.000000 2.000000
    endloop
  endfacet
  facet normal 0 0 0
    outer loop
      vertex 9.000000 6.000000 1.000000
      vertex 8.000000 6.000000 2.000000
      vertex 9.000000 6.000000 2.000000
    endloop
  endfacet
  facet normal 0 0 0
    outer loop
      vertex 9.000000 5.000000 1.000000
      vertex 9.000000 6.000000 1.000000
      vertex 9.000000 6.000000 2.000000
    endloop
  endfacet
  facet normal 0 0 0
    outer loop
      vertex 9.000000 5.000000 1.000000
      vertex 9.000000 6.000000 2.000000
      vertex 9.000000 5.000000 2.000000
    endloop
  endfacet
  facet normal 0 0 0
    outer loop
      vertex 8.000000 6.000000 1.000000
      vertex 8.000000 5.000000 1.000000
      vertex 8.000000 5.000000 2.000000
    endloop
  endfacet
  facet normal 0 0 0
    outer loop
      vertex 8.000000 6.000000 1.000000
      vertex 8.000000 5.000000 2.000000
      vertex 8.000000 6.000000 2.000000
    endloop
  endfacet
  facet normal 0 0 0
    outer loop
      vertex 8.000000 5.000000 2.000000
      vertex 9.000000 6.000000 2.000000
      vertex 9.000000 5.000000 2.000000
    endloop
  endfacet
  facet normal 0 0 0
    outer loop
      vertex 8.000000 5.000000 2.000000
      vertex 8.000000 6.000000 2.000000
      vertex 9.000000 6.000000 2.000000
    endloop
  endfacet
  facet normal 0 0 0
    outer loop
      vertex 8.000000 5.000000 3.000000
      vertex 9.000000 5.000000 3.000000
      vertex 9.000000 6.000000 3.000000
    endloop
  endfacet
  facet normal 0 0 0
    outer loop
      vertex 8.000000 5.000000 3.000000
      vertex 9.000000 6.000000 3.000000
      vertex 8.000000 6.000000 3.000000
    endloop
  endfacet
  facet normal 0 0 0
    outer loop
      vertex 8.000000 5.000000 2.000000
      vertex 9.000000 5.000000 2.000000
      vertex 9.000000 5.000000 3.000000
    endloop
  endfacet
  facet normal 0 0 0
    outer loop
      vertex 8.000000 5.000000 2.000000
      vertex 9.000000 5.000000 3.000000
      vertex 8.000000 5.000000 3.000000
    endloop
  endfacet
  facet normal 0 0 0
    outer loop
      vertex 9.000000 6.000000 2.000000
      vertex 8.000000 6.000000 2.000000
      vertex 8.000000 6.000000 3.000000
    endloop
  endfacet
  facet normal 0 0 0
    outer loop
      vertex 9.000000 6.000000 2.000000
      vertex 8.000000 6.000000 3.000000
      vertex 9.000000 6.000000 3.000000
    endloop
  endfacet
  facet normal 0 0 0
    outer loop
      vertex 9.000000 5.000000 2.000000
      vertex 9.000000 6.000000 2.000000
      vertex 9.000000 6.000000 3.000000
    endloop
  endfacet
  facet normal 0 0 0
    outer loop
      vertex 9.000000 5.000000 2.000000
      vertex 9.000000 6.000000 3.000000
      vertex 9.000000 5.000000 3.000000
    endloop
  endfacet
  facet normal 0 0 0
    outer loop
      vertex 8.000000 6.000000 2.000000
      vertex 8.000000 5.000000 2.000000
      vertex 8.000000 5.000000 3.000000
    endloop
  endfacet
  facet normal 0 0 0
    outer loop
      vertex 8.000000 6.000000 2.000000
      vertex 8.000000 5.000000 3.000000
      vertex 8.000000 6.000000 3.000000
    endloop
  endfacet
  facet normal 0 0 0
    outer loop
      vertex 6.000000 3.000000 6.000000
      vertex 7.000000 4.000000 6.000000
      vertex 7.000000 3.000000 6.000000
    endloop
  endfacet
  facet normal 0 0 0
    outer loop
      vertex 6.000000 3.000000 6.000000
      vertex 6.000000 4.000000 6.000000
      vertex 7.000000 4.000000 6.000000
    endloop
  endfacet
  facet normal 0 0 0
    outer loop
      vertex 6.000000 3.000000 7.000000
      vertex 7.000000 3.000000 7.000000
      vertex 7.000000 4.000000 7.000000
    endloop
  endfacet
  facet normal 0 0 0
    outer loop
      vertex 6.000000 3.000000 7.000000
      vertex 7.000000 4.000000 7.000000
      vertex 6.000000 4.000000 7.000000
    endloop
  endfacet
  facet normal 0 0 0
    outer loop
      vertex 6.000000 3.000000 6.000000
      vertex 7.000000 3.000000 6.000000
      vertex 7.000000 3.000000 7.000000
    endloop
  endfacet
  facet normal 0 0 0
    outer loop
      vertex 6.000000 3.000000 6.000000
      vertex 7.000000 3.000000 7.000000
      vertex 6.000000 3.000000 7.000000
    endloop
  endfacet
  facet normal 0 0 0
    outer loop
      vertex 7.000000 4.000000 6.000000
      vertex 6.000000 4.000000 6.000000
      vertex 6.000000 4.000000 7.000000
    endloop
  endfacet
  facet normal 0 0 0
    outer loop
      vertex 7.000000 4.000000 6.000000
      vertex 6.000000 4.000000 7.000000
      vertex 7.000000 4.000000 7.000000
    endloop
  endfacet
  facet normal 0 0 0
    outer loop
      vertex 7.000000 3.000000 6.000000
      vertex 7.000000 4.000000 6.000000
      vertex 7.000000 4.000000 7.000000
    endloop
  endfacet
  facet normal 0 0 0
    outer loop
      vertex 7.000000 3.000000 6.000000
      vertex 7.000000 4.000000 7.000000
      vertex 7.000000 3.000000 7.000000
    endloop
  endfacet
  facet normal 0 0 0
    outer loop
      vertex 6.000000 4.000000 6.000000
      vertex 6.000000 3.000000 6.000000
      vertex 6.000000 3.000000 7.000000
    endloop
  endfacet
  facet normal 0 0 0
    outer loop
      vertex 6.000000 4.000000 6.000000
      vertex 6.000000 3.000000 7.000000
      vertex 6.000000 4.000000 7.000000
    endloop
  endfacet
  facet normal 0 0 0
    outer loop
      vertex 6.000000 3.000000 7.000000
      vertex 7.000000 4.000000 7.000000
      vertex 7.000000 3.000000 7.000000
    endloop
  endfacet
  facet normal 0 0 0
    outer loop
      vertex 6.000000 3.000000 7.000000
      vertex 6.000000 4.000000 7.000000
      vertex 7.000000 4.000000 7.000000
    endloop
  endfacet
  facet normal 0 0 0
    outer loop
      vertex 6.000000 3.000000 8.000000
      vertex 7.000000 3.000000 8.000000
      vertex 7.000000 4.000000 8.000000
    endloop
  endfacet
  facet normal 0 0 0
    outer loop
      vertex 6.000000 3.000000 8.000000
      vertex 7.000000 4.000000 8.000000
      vertex 6.000000 4.000000 8.000000
    endloop
  endfacet
  facet normal 0 0 0
    outer loop
      vertex 6.000000 3.000000 7.000000
      vertex 7.000000 3.000000 7.000000
      vertex 7.000000 3.000000 8.000000
    endloop
  endfacet
  facet normal 0 0 0
    outer loop
      vertex 6.000000 3.000000 7.000000
      vertex 7.000000 3.000000 8.000000
      vertex 6.000000 3.000000 8.000000
    endloop
  endfacet
  facet normal 0 0 0
    outer loop
      vertex 7.000000 4.000000 7.000000
      vertex 6.000000 4.000000 7.000000
      vertex 6.000000 4.000000 8.000000
    endloop
  endfacet
  facet normal 0 0 0
    outer loop
      vertex 7.000000 4.000000 7.000000
      vertex 6.000000 4.000000 8.000000
      vertex 7.000000 4.000000 8.000000
    endloop
  endfacet
  facet normal 0 0 0
    outer loop
      vertex 7.000000 3.000000 7.000000
      vertex 7.000000 4.000000 7.000000
      vertex 7.000000 4.000000 8.000000
    endloop
  endfacet
  facet normal 0 0 0
    outer loop
      vertex 7.000000 3.000000 7.000000
      vertex 7.000000 4.000000 8.000000
      vertex 7.000000 3.000000 8.000000
    endloop
  endfacet
  facet normal 0 0 0
    outer loop
      vertex 6.000000 4.000000 7.000000
      vertex 6.000000 3.000000 7.000000
      vertex 6.000000 3.000000 8.000000
    endloop
  endfacet
  facet normal 0 0 0
    outer loop
      vertex 6.000000 4.000000 7.000000
      vertex 6.000000 3.000000 8.000000
      vertex 6.000000 4.000000 8.000000
    endloop
  endfacet
  facet normal 0 0 0
    outer loop
      vertex 6.000000 3.000000 8.000000
      vertex 7.000000 4.000000 8.000000
      vertex 7.000000 3.000000 8.000000
    endloop
  endfacet
  facet normal 0 0 0
    outer loop
      vertex 6.000000 3.000000 8.000000
      vertex 6.000000 4.000000 8.000000
      vertex 7.000000 4.000000 8.000000
    endloop
  endfacet
  facet normal 0 0 0
    outer loop
      vertex 6.000000 3.000000 9.000000
      vertex 7.000000 3.000000 9.000000
      vertex 7.000000 4.000000 9.000000
    endloop
  endfacet
  facet normal 0 0 0
    outer loop
      vertex 6.000000 3.000000 9.000000
      vertex 7.000000 4.000000 9.000000
      vertex 6.000000 4.000000 9.000000
    endloop
  endfacet
  facet normal 0 0 0
    outer loop
      vertex 6.000000 3.000000 8.000000
      vertex 7.000000 3.000000 8.000000
      vertex 7.000000 3.000000 9.000000
    endloop
  endfacet
  facet normal 0 0 0
    outer loop
      vertex 6.000000 3.000000 8.000000
      vertex 7.000000 3.000000 9.000000
      vertex 6.000000 3.000000 9.000000
    endloop
  endfacet
  facet normal 0 0 0
    outer loop
      vertex 7.000000 4.000000 8.000000
      vertex 6.000000 4.000000 8.000000
      vertex 6.000000 4.000000 9.000000
    endloop
  endfacet
  facet normal 0 0 0
    outer loop
      vertex 7.000000 4.000000 8.000000
      vertex 6.000000 4.000000 9.000000
      vertex 7.000000 4.000000 9.000000
    endloop
  endfacet
  facet normal 0 0 0
    outer loop
      vertex 7.000000 3.000000 8.000000
      vertex 7.000000 4.000000 8.000000
      vertex 7.000000 4.000000 9.000000
    endloop
  endfacet
  facet normal 0 0 0
    outer loop
      vertex 7.000000 3.000000 8.000000
      vertex 7.000000 4.000000 9.000000
      vertex 7.000000 3.000000 9.000000
    endloop
  endfacet
  facet normal 0 0 0
    outer loop
      vertex 6.000000 4.000000 8.000000
      vertex 6.000000 3.000000 8.000000
      vertex 6.000000 3.000000 9.000000
    endloop
  endfacet
  facet normal 0 0 0
    outer loop
      vertex 6.000000 4.000000 8.000000
      vertex 6.000000 3.000000 9.000000
      vertex 6.000000 4.000000 9.000000
    endloop
  endfacet
  facet normal 0 0 0
    outer loop
      vertex 6.000000 4.000000 6.000000
      vertex 7.000000 5.000000 6.000000
      vertex 7.000000 4.000000 6.000000
    endloop
  endfacet
  facet normal 0 0 0
    outer loop
      vertex 6.000000 4.000000 6.000000
      vertex 6.000000 5.000000 6.000000
      vertex 7.000000 5.000000 6.000000
    endloop
  endfacet
  facet normal 0 0 0
    outer loop
      vertex 6.000000 4.000000 7.000000
      vertex 7.000000 4.000000 7.000000
      vertex 7.000000 5.000000 7.000000
    endloop
  endfacet
  facet normal 0 0 0
    outer loop
      vertex 6.000000 4.000000 7.000000
      vertex 7.000000 5.000000 7.000000
      vertex 6.000000 5.000000 7.000000
    endloop
  endfacet
  facet normal 0 0 0
    outer loop
      vertex 6.000000 4.000000 6.000000
      vertex 7.000000 4.000000 6.000000
      vertex 7.000000 4.000000 7.000000
    endloop
  endfacet
  facet normal 0 0 0
    outer loop
      vertex 6.000000 4.000000 6.000000
      vertex 7.000000 4.000000 7.000000
      vertex 6.000000 4.000000 7.000000
    endloop
  endfacet
  facet normal 0 0 0
    outer loop
      vertex 7.000000 5.000000 6.000000
      vertex 6.000000 5.000000 6.000000
      vertex 6.000000 5.000000 7.000000
    endloop
  endfacet
  facet normal 0 0 0
    outer loop
      vertex 7.000000 5.000000 6.000000
      vertex 6.000000 5.000000 7.000000
      vertex 7.000000 5.000000 7.000000
    endloop
  endfacet
  facet normal 0 0 0
    outer loop
      vertex 7.000000 4.000000 6.000000
      vertex 7.000000 5.000000 6.000000
      vertex 7.000000 5.000000 7.000000
    endloop
  endfacet
  facet normal 0 0 0
    outer loop
      vertex 7.000000 4.000000 6.000000
      vertex 7.000000 5.000000 7.000000
      vertex 7.000000 4.000000 7.000000
    endloop
  endfacet
  facet normal 0 0 0
    outer loop
      vertex 6.000000 5.000000 6.000000
      vertex 6.000000 4.000000 6.000000
      vertex 6.000000 4.000000 7.000000
    endloop
  endfacet
  facet normal 0 0 0
    outer loop
      vertex 6.000000 5.000000 6.000000
      vertex 6.000000 4.000000 7.000000
      vertex 6.000000 5.000000 7.000000
    endloop
  endfacet
  facet normal 0 0 0
    outer loop
      vertex 6.000000 4.000000 8.000000
      vertex 7.000000 5.000000 8.000000
      vertex 7.000000 4.000000 8.000000
    endloop
  endfacet
  facet normal 0 0 0
    outer loop
      vertex 6.000000 4.000000 8.000000
      vertex 6.000000 5.000000 8.000000
      vertex 7.000000 5.000000 8.000000
    endloop
  endfacet
  facet normal 0 0 0
    outer loop
      vertex 6.000000 4.000000 9.000000
      vertex 7.000000 4.000000 9.000000
      vertex 7.000000 5.000000 9.000000
    endloop
  endfacet
  facet normal 0 0 0
    outer loop
      vertex 6.000000 4.000000 9.000000
      vertex 7.000000 5.000000 9.000000
      vertex 6.000000 5.000000 9.000000
    endloop
  endfacet
  facet normal 0 0 0
    outer loop
      vertex 6.000000 4.000000 8.000000
      vertex 7.000000 4.000000 8.000000
      vertex 7.000000 4.000000 9.000000
    endloop
  endfacet
  facet normal 0 0 0
    outer loop
      vertex 6.000000 4.000000 8.000000
      vertex 7.000000 4.000000 9.000000
      vertex 6.000000 4.000000 9.000000
    endloop
  endfacet
  facet normal 0 0 0
    outer loop
      vertex 7.000000 5.000000 8.000000
      vertex 6.000000 5.000000 8.000000
      vertex 6.000000 5.000000 9.000000
    endloop
  endfacet
  facet normal 0 0 0
    outer loop
      vertex 7.000000 5.000000 8.000000
      vertex 6.000000 5.000000 9.000000
      vertex 7.000000 5.000000 9.000000
    endloop
  endfacet
  facet normal 0 0 0
    outer loop
      vertex 7.000000 4.000000 8.000000
      vertex 7.000000 5.000000 8.000000
      vertex 7.000000 5.000000 9.000000
    endloop
  endfacet
  facet normal 0 0 0
    outer loop
      vertex 7.000000 4.000000 8.000000
      vertex 7.000000 5.000000 9.000000
      vertex 7.000000 4.000000 9.000000
    endloop
  endfacet
  facet normal 0 0 0
    outer loop
      vertex 6.000000 5.000000 8.000000
      vertex 6.000000 4.000000 8.000000
      vertex 6.000000 4.000000 9.000000
    endloop
  endfacet
  facet normal 0 0 0
    outer loop
      vertex 6.000000 5.000000 8.000000
      vertex 6.000000 4.000000 9.000000
      vertex 6.000000 5.000000 9.000000
    endloop
  endfacet
  facet normal 0 0 0
    outer loop
      vertex 6.000000 5.000000 6.000000
      vertex 7.000000 6.000000 6.000000
      vertex 7.000000 5.000000 6.000000
    endloop
  endfacet
  facet normal 0 0 0
    outer loop
      vertex 6.000000 5.000000 6.000000
      vertex 6.000000 6.000000 6.000000
      vertex 7.000000 6.000000 6.000000
    endloop
  endfacet
  facet normal 0 0 0
    outer loop
      vertex 6.000000 5.000000 7.000000
      vertex 7.000000 5.000000 7.000000
      vertex 7.000000 6.000000 7.000000
    endloop
  endfacet
  facet normal 0 0 0
    outer loop
      vertex 6.000000 5.000000 7.000000
      vertex 7.000000 6.000000 7.000000
      vertex 6.000000 6.000000 7.000000
    endloop
  endfacet
  facet normal 0 0 0
    outer loop
      vertex 6.000000 5.000000 6.000000
      vertex 7.000000 5.000000 6.000000
      vertex 7.000000 5.000000 7.000000
    endloop
  endfacet
  facet normal 0 0 0
    outer loop
      vertex 6.000000 5.000000 6.000000
      vertex 7.000000 5.000000 7.000000
      vertex 6.000000 5.000000 7.000000
    endloop
  endfacet
  facet normal 0 0 0
    outer loop
      vertex 7.000000 6.000000 6.000000
      vertex 6.000000 6.000000 6.000000
      vertex 6.000000 6.000000 7.000000
    endloop
  endfacet
  facet normal 0 0 0
    outer loop
      vertex 7.000000 6.000000 6.000000
      vertex 6.000000 6.000000 7.000000
      vertex 7.000000 6.000000 7.000000
    endloop
  endfacet
  facet normal 0 0 0
    outer loop
      vertex 7.000000 5.000000 6.000000
      vertex 7.000000 6.000000 6.000000
      vertex 7.000000 6.000000 7.000000
    endloop
  endfacet
  facet normal 0 0 0
    outer loop
      vertex 7.000000 5.000000 6.000000
      vertex 7.000000 6.000000 7.000000
      vertex 7.000000 5.000000 7.000000
    endloop
  endfacet
  facet normal 0 0 0
    outer loop
      vertex 6.000000 6.000000 6.000000
      vertex 6.000000 5.000000 6.000000
      vertex 6.000000 5.000000 7.000000
    endloop
  endfacet
  facet normal 0 0 0
    outer loop
      vertex 6.000000 6.000000 6.000000
      vertex 6.000000 5.000000 7.000000
      vertex 6.000000 6.000000 7.000000
    endloop
  endfacet
  facet normal 0 0 0
    outer loop
      vertex 6.000000 5.000000 7.000000
      vertex 7.000000 6.000000 7.000000
      vertex 7.000000 5.000000 7.000000
    endloop
  endfacet
  facet normal 0 0 0
    outer loop
      vertex 6.000000 5.000000 7.000000
      vertex 6.000000 6.000000 7.000000
      vertex 7.000000 6.000000 7.000000
    endloop
  endfacet
  facet normal 0 0 0
    outer loop
      vertex 6.000000 5.000000 8.000000
      vertex 7.000000 5.000000 8.000000
      vertex 7.000000 6.000000 8.000000
    endloop
  endfacet
  facet normal 0 0 0
    outer loop
      vertex 6.000000 5.000000 8.000000
      vertex 7.000000 6.000000 8.000000
      vertex 6.000000 6.000000 8.000000
    endloop
  endfacet
  facet normal 0 0 0
    outer loop
      vertex 6.000000 5.000000 7.000000
      vertex 7.000000 5.000000 7.000000
      vertex 7.000000 5.000000 8.000000
    endloop
  endfacet
  facet normal 0 0 0
    outer loop
      vertex 6.000000 5.000000 7.000000
      vertex 7.000000 5.000000 8.000000
      vertex 6.000000 5.000000 8.000000
    endloop
  endfacet
  facet normal 0 0 0
    outer loop
      vertex 7.000000 6.000000 7.000000
      vertex 6.000000 6.000000 7.000000
      vertex 6.000000 6.000000 8.000000
    endloop
  endfacet
  facet normal 0 0 0
    outer loop
      vertex 7.000000 6.000000 7.000000
      vertex 6.000000 6.000000 8.000000
      vertex 7.000000 6.000000 8.000000
    endloop
  endfacet
  facet normal 0 0 0
    outer loop
      vertex 7.000000 5.000000 7.000000
      vertex 7.000000 6.000000 7.000000
      vertex 7.000000 6.000000 8.000000
    endloop
  endfacet
  facet normal 0 0 0
    outer loop
      vertex 7.000000 5.000000 7.000000
      vertex 7.000000 6.000000 8.000000
      vertex 7.000000 5.000000 8.000000
    endloop
  endfacet
  facet normal 0 0 0
    outer loop
      vertex 6.000000 6.000000 7.000000
      vertex 6.000000 5.000000 7.000000
      vertex 6.000000 5.000000 8.000000
    endloop
  endfacet
  facet normal 0 0 0
    outer loop
      vertex 6.000000 6.000000 7.000000
      vertex 6.000000 5.000000 8.000000
      vertex 6.000000 6.000000 8.000000
    endloop
  endfacet
  facet normal 0 0 0
    outer loop
      vertex 6.000000 5.000000 8.000000
      vertex 7.000000 6.000000 8.000000
      vertex 7.000000 5.000000 8.000000
    endloop
  endfacet
  facet normal 0 0 0
    outer loop
      vertex 6.000000 5.000000 8.000000
      vertex 6.000000 6.000000 8.000000
      vertex 7.000000 6.000000 8.000000
    endloop
  endfacet
  facet normal 0 0 0
    outer loop
      vertex 6.000000 5.000000 9.000000
      vertex 7.000000 5.000000 9.000000
      vertex 7.000000 6.000000 9.000000
    endloop
  endfacet
  facet normal 0 0 0
    outer loop
      vertex 6.000000 5.000000 9.000000
      vertex 7.000000 6.000000 9.000000
      vertex 6.000000 6.000000 9.000000
    endloop
  endfacet
  facet normal 0 0 0
    outer loop
      vertex 6.000000 5.000000 8.000000
      vertex 7.000000 5.000000 8.000000
      vertex 7.000000 5.000000 9.000000
    endloop
  endfacet
  facet normal 0 0 0
    outer loop
      vertex 6.000000 5.000000 8.000000
      vertex 7.000000 5.000000 9.000000
      vertex 6.000000 5.000000 9.000000
    endloop
  endfacet
  facet normal 0 0 0
    outer loop
      vertex 7.000000 6.000000 8.000000
      vertex 6.000000 6.000000 8.000000
      vertex 6.000000 6.000000 9.000000
    endloop
  endfacet
  facet normal 0 0 0
    outer loop
      vertex 7.000000 6.000000 8.000000
      vertex 6.000000 6.000000 9.000000
      vertex 7.000000 6.000000 9.000000
    endloop
  endfacet
  facet normal 0 0 0
    outer loop
      vertex 7.000000 5.000000 8.000000
      vertex 7.000000 6.000000 8.000000
      vertex 7.000000 6.000000 9.000000
    endloop
  endfacet
  facet normal 0 0 0
    outer loop
      vertex 7.000000 5.000000 8.000000
      vertex 7.000000 6.000000 9.000000
      vertex 7.000000 5.000000 9.000000
    endloop
  endfacet
  facet normal 0 0 0
    outer loop
      vertex 6.000000 6.000000 8.000000
      vertex 6.000000 5.000000 8.000000
      vertex 6.000000 5.000000 9.000000
    endloop
  endfacet
  facet normal 0 0 0
    outer loop
      vertex 6.000000 6.000000 8.000000
      vertex 6.000000 5.000000 9.000000
      vertex 6.000000 6.000000 9.000000
    endloop
  endfacet
  facet normal 0 0 0
    outer loop
      vertex 7.000000 3.000000 6.000000
      vertex 8.000000 4.000000 6.000000
      vertex 8.000000 3.000000 6.000000
    endloop
  endfacet
  facet normal 0 0 0
    outer loop
      vertex 7.000000 3.000000 6.000000
      vertex 7.000000 4.000000 6.000000
      vertex 8.000000 4.000000 6.000000
    endloop
  endfacet
  facet normal 0 0 0
    outer loop
      vertex 7.000000 3.000000 7.000000
      vertex 8.000000 3.000000 7.000000
      vertex 8.000000 4.000000 7.000000
    endloop
  endfacet
  facet normal 0 0 0
    outer loop
      vertex 7.000000 3.000000 7.000000
      vertex 8.000000 4.000000 7.000000
      vertex 7.000000 4.000000 7.000000
    endloop
  endfacet
  facet normal 0 0 0
    outer loop
      vertex 7.000000 3.000000 6.000000
      vertex 8.000000 3.000000 6.000000
      vertex 8.000000 3.000000 7.000000
    endloop
  endfacet
  facet normal 0 0 0
    outer loop
      vertex 7.000000 3.000000 6.000000
      vertex 8.000000 3.000000 7.000000
      vertex 7.000000 3.000000 7.000000
    endloop
  endfacet
  facet normal 0 0 0
    outer loop
      vertex 8.000000 4.000000 6.000000
      vertex 7.000000 4.000000 6.000000
      vertex 7.000000 4.000000 7.000000
    endloop
  endfacet
  facet normal 0 0 0
    outer loop
      vertex 8.000000 4.000000 6.000000
      vertex 7.000000 4.000000 7.000000
      vertex 8.000000 4.000000 7.000000
    endloop
  endfacet
  facet normal 0 0 0
    outer loop
      vertex 8.000000 3.000000 6.000000
      vertex 8.000000 4.000000 6.000000
      vertex 8.000000 4.000000 7.000000
    endloop
  endfacet
  facet normal 0 0 0
    outer loop
      vertex 8.000000 3.000000 6.000000
      vertex 8.000000 4.000000 7.000000
      vertex 8.000000 3.000000 7.000000
    endloop
  endfacet
  facet normal 0 0 0
    outer loop
      vertex 7.000000 4.000000 6.000000
      vertex 7.000000 3.000000 6.000000
      vertex 7.000000 3.000000 7.000000
    endloop
  endfacet
  facet normal 0 0 0
    outer loop
      vertex 7.000000 4.000000 6.000000
      vertex 7.000000 3.000000 7.000000
      vertex 7.000000 4.000000 7.000000
    endloop
  endfacet
  facet normal 0 0 0
    outer loop
      vertex 7.000000 3.000000 8.000000
      vertex 8.000000 4.000000 8.000000
      vertex 8.000000 3.000000 8.000000
    endloop
  endfacet
  facet normal 0 0 0
    outer loop
      vertex 7.000000 3.000000 8.000000
      vertex 7.000000 4.000000 8.000000
      vertex 8.000000 4.000000 8.000000
    endloop
  endfacet
  facet normal 0 0 0
    outer loop
      vertex 7.000000 3.000000 9.000000
      vertex 8.000000 3.000000 9.000000
      vertex 8.000000 4.000000 9.000000
    endloop
  endfacet
  facet normal 0 0 0
    outer loop
      vertex 7.000000 3.000000 9.000000
      vertex 8.000000 4.000000 9.000000
      vertex 7.000000 4.000000 9.000000
    endloop
  endfacet
  facet normal 0 0 0
    outer loop
      vertex 7.000000 3.000000 8.000000
      vertex 8.000000 3.000000 8.000000
      vertex 8.000000 3.000000 9.000000
    endloop
  endfacet
  facet normal 0 0 0
    outer loop
      vertex 7.000000 3.000000 8.000000
      vertex 8.000000 3.000000 9.000000
      vertex 7.000000 3.000000 9.000000
    endloop
  endfacet
  facet normal 0 0 0
    outer loop
      vertex 8.000000 4.000000 8.000000
      vertex 7.000000 4.000000 8.000000
      vertex 7.000000 4.000000 9.000000
    endloop
  endfacet
  facet normal 0 0 0
    outer loop
      vertex 8.000000 4.000000 8.000000
      vertex 7.000000 4.000000 9.000000
      vertex 8.000000 4.000000 9.000000
    endloop
  endfacet
  facet normal 0 0 0
    outer loop
      vertex 8.000000 3.000000 8.000000
      vertex 8.000000 4.000000 8.000000
      vertex 8.000000 4.000000 9.000000
    endloop
  endfacet
  facet normal 0 0 0
    outer loop
      vertex 8.000000 3.000000 8.000000
      vertex 8.000000 4.000000 9.000000
      vertex 8.000000 3.000000 9.000000
    endloop
  endfacet
  facet normal 0 0 0
    outer loop
      vertex 7.000000 4.000000 8.000000
      vertex 7.000000 3.000000 8.000000
      vertex 7.000000 3.000000 9.000000
    endloop
  endfacet
  facet normal 0 0 0
    outer loop
      vertex 7.000000 4.000000 8.000000
      vertex 7.000000 3.000000 9.000000
      vertex 7.000000 4.000000 9.000000
    endloop
  endfacet
  facet normal 0 0 0
    outer loop
      vertex 7.000000 5.000000 6.000000
      vertex 8.000000 6.000000 6.000000
      vertex 8.000000 5.000000 6.000000
    endloop
  endfacet
  facet normal 0 0 0
    outer loop
      vertex 7.000000 5.000000 6.000000
      vertex 7.000000 6.000000 6.000000
      vertex 8.000000 6.000000 6.000000
    endloop
  endfacet
  facet normal 0 0 0
    outer loop
      vertex 7.000000 5.000000 7.000000
      vertex 8.000000 5.000000 7.000000
      vertex 8.000000 6.000000 7.000000
    endloop
  endfacet
  facet normal 0 0 0
    outer loop
      vertex 7.000000 5.000000 7.000000
      vertex 8.000000 6.000000 7.000000
      vertex 7.000000 6.000000 7.000000
    endloop
  endfacet
  facet normal 0 0 0
    outer loop
      vertex 7.000000 5.000000 6.000000
      vertex 8.000000 5.000000 6.000000
      vertex 8.000000 5.000000 7.000000
    endloop
  endfacet
  facet normal 0 0 0
    outer loop
      vertex 7.000000 5.000000 6.000000
      vertex 8.000000 5.000000 7.000000
      vertex 7.000000 5.000000 7.000000
    endloop
  endfacet
  facet normal 0 0 0
    outer loop
      vertex 8.000000 6.000000 6.000000
      vertex 7.000000 6.000000 6.000000
      vertex 7.000000 6.000000 7.000000
    endloop
  endfacet
  facet normal 0 0 0
    outer loop
      vertex 8.000000 6.000000 6.000000
      vertex 7.000000 6.000000 7.000000
      vertex 8.000000 6.000000 7.000000
    endloop
  endfacet
  facet normal 0 0 0
    outer loop
      vertex 8.000000 5.000000 6.000000
      vertex 8.000000 6.000000 6.000000
      vertex 8.000000 6.000000 7.000000
    endloop
  endfacet
  facet normal 0 0 0
    outer loop
      vertex 8.000000 5.000000 6.000000
      vertex 8.000000 6.000000 7.000000
      vertex 8.000000 5.000000 7.000000
    endloop
  endfacet
  facet normal 0 0 0
    outer loop
      vertex 7.000000 6.000000 6.000000
      vertex 7.000000 5.000000 6.000000
      vertex 7.000000 5.000000 7.000000
    endloop
  endfacet
  facet normal 0 0 0
    outer loop
      vertex 7.000000 6.000000 6.000000
      vertex 7.000000 5.000000 7.000000
      vertex 7.000000 6.000000 7.000000
    endloop
  endfacet
  facet normal 0 0 0
    outer loop
      vertex 7.000000 5.000000 8.000000
      vertex 8.000000 6.000000 8.000000
      vertex 8.000000 5.000000 8.000000
    endloop
  endfacet
  facet normal 0 0 0
    outer loop
      vertex 7.000000 5.000000 8.000000
      vertex 7.000000 6.000000 8.000000
      vertex 8.000000 6.000000 8.000000
    endloop
  endfacet
  facet normal 0 0 0
    outer loop
      vertex 7.000000 5.000000 9.000000
      vertex 8.000000 5.000000 9.000000
      vertex 8.000000 6.000000 9.000000
    endloop
  endfacet
  facet normal 0 0 0
    outer loop
      vertex 7.000000 5.000000 9.000000
      vertex 8.000000 6.000000 9.000000
      vertex 7.000000 6.000000 9.000000
    endloop
  endfacet
  facet normal 0 0 0
    outer loop
      vertex 7.000000 5.000000 8.000000
      vertex 8.000000 5.000000 8.000000
      vertex 8.000000 5.000000 9.000000
    endloop
  endfacet
  facet normal 0 0 0
    outer loop
      vertex 7.000000 5.000000 8.000000
      vertex 8.000000 5.000000 9.000000
      vertex 7.000000 5.000000 9.000000
    endloop
  endfacet
  facet normal 0 0 0
    outer loop
      vertex 8.000000 6.000000 8.000000
      vertex 7.000000 6.000000 8.000000
      vertex 7.000000 6.000000 9.000000
    endloop
  endfacet
  facet normal 0 0 0
    outer loop
      vertex 8.000000 6.000000 8.000000
      vertex 7.000000 6.000000 9.000000
      vertex 8.000000 6.000000 9.000000
    endloop
  endfacet
  facet normal 0 0 0
    outer loop
      vertex 8.000000 5.000000 8.000000
      vertex 8.000000 6.000000 8.000000
      vertex 8.000000 6.000000 9.000000
    endloop
  endfacet
  facet normal 0 0 0
    outer loop
      vertex 8.000000 5.000000 8.000000
      vertex 8.000000 6.000000 9.000000
      vertex 8.000000 5.000000 9.000000
    endloop
  endfacet
  facet normal 0 0 0
    outer loop
      vertex 7.000000 6.000000 8.000000
      vertex 7.000000 5.000000 8.000000
      vertex 7.000000 5.000000 9.000000
    endloop
  endfacet
  facet normal 0 0 0
    outer loop
      vertex 7.000000 6.000000 8.000000
      vertex 7.000000 5.000000 9.000000
      vertex 7.000000 6.000000 9.000000
    endloop
  endfacet
  facet normal 0 0 0
    outer loop
      vertex 8.000000 3.000000 6.000000
      vertex 9.000000 4.000000 6.000000
      vertex 9.000000 3.000000 6.000000
    endloop
  endfacet
  facet normal 0 0 0
    outer loop
      vertex 8.000000 3.000000 6.000000
      vertex 8.000000 4.000000 6.000000
      vertex 9.000000 4.000000 6.000000
    endloop
  endfacet
  facet normal 0 0 0
    outer loop
      vertex 8.000000 3.000000 7.000000
      vertex 9.000000 3.000000 7.000000
      vertex 9.000000 4.000000 7.000000
    endloop
  endfacet
  facet normal 0 0 0
    outer loop
      vertex 8.000000 3.000000 7.000000
      vertex 9.000000 4.000000 7.000000
      vertex 8.000000 4.000000 7.000000
    endloop
  endfacet
  facet normal 0 0 0
    outer loop
      vertex 8.000000 3.000000 6.000000
      vertex 9.000000 3.000000 6.000000
      vertex 9.000000 3.000000 7.000000
    endloop
  endfacet
  facet normal 0 0 0
    outer loop
      vertex 8.000000 3.000000 6.000000
      vertex 9.000000 3.000000 7.000000
      vertex 8.000000 3.000000 7.000000
    endloop
  endfacet
  facet normal 0 0 0
    outer loop
      vertex 9.000000 4.000000 6.000000
      vertex 8.000000 4.000000 6.000000
      vertex 8.000000 4.000000 7.000000
    endloop
  endfacet
  facet normal 0 0 0
    outer loop
      vertex 9.000000 4.000000 6.000000
      vertex 8.000000 4.000000 7.000000
      vertex 9.000000 4.000000 7.000000
    endloop
  endfacet
  facet normal 0 0 0
    outer loop
      vertex 9.000000 3.000000 6.000000
      vertex 9.000000 4.000000 6.000000
      vertex 9.000000 4.000000 7.000000
    endloop
  endfacet
  facet normal 0 0 0
    outer loop
      vertex 9.000000 3.000000 6.000000
      vertex 9.000000 4.000000 7.000000
      vertex 9.000000 3.000000 7.000000
    endloop
  endfacet
  facet normal 0 0 0
    outer loop
      vertex 8.000000 4.000000 6.000000
      vertex 8.000000 3.000000 6.000000
      vertex 8.000000 3.000000 7.000000
    endloop
  endfacet
  facet normal 0 0 0
    outer loop
      vertex 8.000000 4.000000 6.000000
      vertex 8.000000 3.000000 7.000000
      vertex 8.000000 4.000000 7.000000
    endloop
  endfacet
  facet normal 0 0 0
    outer loop
      vertex 8.000000 3.000000 7.000000
      vertex 9.000000 4.000000 7.000000
      vertex 9.000000 3.000000 7.000000
    endloop
  endfacet
  facet normal 0 0 0
    outer loop
      vertex 8.000000 3.000000 7.000000
      vertex 8.000000 4.000000 7.000000
      vertex 9.000000 4.000000 7.000000
    endloop
  endfacet
  facet normal 0 0 0
    outer loop
      vertex 8.000000 3.000000 8.000000
      vertex 9.000000 3.000000 8.000000
      vertex 9.000000 4.000000 8.000000
    endloop
  endfacet
  facet normal 0 0 0
    outer loop
      vertex 8.000000 3.000000 8.000000
      vertex 9.000000 4.000000 8.000000
      vertex 8.000000 4.000000 8.000000
    endloop
  endfacet
  facet normal 0 0 0
    outer loop
      vertex 8.000000 3.000000 7.000000
      vertex 9.000000 3.000000 7.000000
      vertex 9.000000 3.000000 8.000000
    endloop
  endfacet
  facet normal 0 0 0
    outer loop
      vertex 8.000000 3.000000 7.000000
      vertex 9.000000 3.000000 8.000000
      vertex 8.000000 3.000000 8.000000
    endloop
  endfacet
  facet normal 0 0 0
    outer loop
      vertex 9.000000 4.000000 7.000000
      vertex 8.000000 4.000000 7.000000
      vertex 8.000000 4.000000 8.000000
    endloop
  endfacet
  facet normal 0 0 0
    outer loop
      vertex 9.000000 4.000000 7.000000
      vertex 8.000000 4.000000 8.000000
      vertex 9.000000 4.000000 8.000000
    endloop
  endfacet
  facet normal 0 0 0
    outer loop
      vertex 9.000000 3.000000 7.000000
      vertex 9.000000 4.000000 7.000000
      vertex 9.000000 4.000000 8.000000
    endloop
  endfacet
  facet normal 0 0 0
    outer loop
      vertex 9.000000 3.000000 7.000000
      vertex 9.000000 4.000000 8.000000
      vertex 9.000000 3.000000 8.000000
    endloop
  endfacet
  facet normal 0 0 0
    outer loop
      vertex 8.000000 4.000000 7.000000
      vertex 8.000000 3.000000 7.000000
      vertex 8.000000 3.000000 8.000000
    endloop
  endfacet
  facet normal 0 0 0
    outer loop
      vertex 8.000000 4.000000 7.000000
      vertex 8.000000 3.000000 8.000000
      vertex 8.000000 4.000000 8.000000
    endloop
  endfacet
  facet normal 0 0 0
    outer loop
      vertex 8.000000 3.000000 8.000000
      vertex 9.000000 4.000000 8.000000
      vertex 9.000000 3.000000 8.000000
    endloop
  endfacet
  facet normal 0 0 0
    outer loop
      vertex 8.000000 3.000000 8.000000
      vertex 8.000000 4.000000 8.000000
      vertex 9.000000 4.000000 8.000000
    endloop
  endfacet
  facet normal 0 0 0
    outer loop
      vertex 8.000000 3.000000 9.000000
      vertex 9.000000 3.000000 9.000000
      vertex 9.000000 4.000000 9.000000
    endloop
  endfacet
  facet normal 0 0 0
    outer loop
      vertex 8.000000 3.000000 9.000000
      vertex 9.000000 4.000000 9.000000
      vertex 8.000000 4.000000 9.000000
    endloop
  endfacet
  facet normal 0 0 0
    outer loop
      vertex 8.000000 3.000000 8.000000
      vertex 9.000000 3.000000 8.000000
      vertex 9.000000 3.000000 9.000000
    endloop
  endfacet
  facet normal 0 0 0
    outer loop
      vertex 8.000000 3.000000 8.000000
      vertex 9.000000 3.000000 9.000000
      vertex 8.000000 3.000000 9.000000
    endloop
  endfacet
  facet normal 0 0 0
    outer loop
      vertex 9.000000 4.000000 8.000000
      vertex 8.000000 4.000000 8.000000
      vertex 8.000000 4.000000 9.000000
    endloop
  endfacet
  facet normal 0 0 0
    outer loop
      vertex 9.000000 4.000000 8.000000
      vertex 8.000000 4.000000 9.000000
      vertex 9.000000 4.000000 9.000000
    endloop
  endfacet
  facet normal 0 0 0
    outer loop
      vertex 9.000000 3.000000 8.000000
      vertex 9.000000 4.000000 8.000000
      vertex 9.000000 4.000000 9.000000
    endloop
  endfacet
  facet normal 0 0 0
    outer loop
      vertex 9.000000 3.000000 8.000000
      vertex 9.000000 4.000000 9.000000
      vertex 9.000000 3.000000 9.000000
    endloop
  endfacet
  facet normal 0 0 0
    outer loop
      vertex 8.000000 4.000000 8.000000
      vertex 8.000000 3.000000 8.000000
      vertex 8.000000 3.000000 9.000000
    endloop
  endfacet
  facet normal 0 0 0
    outer loop
      vertex 8.000000 4.000000 8.000000
      vertex 8.000000 3.000000 9.000000
      vertex 8.000000 4.000000 9.000000
    endloop
  endfacet
  facet normal 0 0 0
    outer loop
      vertex 8.000000 4.000000 6.000000
      vertex 9.000000 5.000000 6.000000
      vertex 9.000000 4.000000 6.000000
    endloop
  endfacet
  facet normal 0 0 0
    outer loop
      vertex 8.000000 4.000000 6.000000
      vertex 8.000000 5.000000 6.000000
      vertex 9.000000 5.000000 6.000000
    endloop
  endfacet
  facet normal 0 0 0
    outer loop
      vertex 8.000000 4.000000 7.000000
      vertex 9.000000 4.000000 7.000000
      vertex 9.000000 5.000000 7.000000
    endloop
  endfacet
  facet normal 0 0 0
    outer loop
      vertex 8.000000 4.000000 7.000000
      vertex 9.000000 5.000000 7.000000
      vertex 8.000000 5.000000 7.000000
    endloop
  endfacet
  facet normal 0 0 0
    outer loop
      vertex 8.000000 4.000000 6.000000
      vertex 9.000000 4.000000 6.000000
      vertex 9.000000 4.000000 7.000000
    endloop
  endfacet
  facet normal 0 0 0
    outer loop
      vertex 8.000000 4.000000 6.000000
      vertex 9.000000 4.000000 7.000000
      vertex 8.000000 4.000000 7.000000
    endloop
  endfacet
  facet normal 0 0 0
    outer loop
      vertex 9.000000 5.000000 6.000000
      vertex 8.000000 5.000000 6.000000
      vertex 8.000000 5.000000 7.000000
    endloop
  endfacet
  facet normal 0 0 0
    outer loop
      vertex 9.000000 5.000000 6.000000
      vertex 8.000000 5.000000 7.000000
      vertex 9.000000 5.000000 7.000000
    endloop
  endfacet
  facet normal 0 0 0
    outer loop
      vertex 9.000000 4.000000 6.000000
      vertex 9.000000 5.000000 6.000000
      vertex 9.000000 5.000000 7.000000
    endloop
  endfacet
  facet normal 0 0 0
    outer loop
      vertex 9.000000 4.000000 6.000000
      vertex 9.000000 5.000000 7.000000
      vertex 9.000000 4.000000 7.000000
    endloop
  endfacet
  facet normal 0 0 0
    outer loop
      vertex 8.000000 5.000000 6.000000
      vertex 8.000000 4.000000 6.000000
      vertex 8.000000 4.000000 7.000000
    endloop
  endfacet
  facet normal 0 0 0
    outer loop
      vertex 8.000000 5.000000 6.000000
      vertex 8.000000 4.000000 7.000000
      vertex 8.000000 5.000000 7.000000
    endloop
  endfacet
  facet normal 0 0 0
    outer loop
      vertex 8.000000 4.000000 8.000000
      vertex 9.000000 5.000000 8.000000
      vertex 9.000000 4.000000 8.000000
    endloop
  endfacet
  facet normal 0 0 0
    outer loop
      vertex 8.000000 4.000000 8.000000
      vertex 8.000000 5.000000 8.000000
      vertex 9.000000 5.000000 8.000000
    endloop
  endfacet
  facet normal 0 0 0
    outer loop
      vertex 8.000000 4.000000 9.000000
      vertex 9.000000 4.000000 9.000000
      vertex 9.000000 5.000000 9.000000
    endloop
  endfacet
  facet normal 0 0 0
    outer loop
      vertex 8.000000 4.000000 9.000000
      vertex 9.000000 5.000000 9.000000
      vertex 8.000000 5.000000 9.000000
    endloop
  endfacet
  facet normal 0 0 0
    outer loop
      vertex 8.000000 4.000000 8.000000
      vertex 9.000000 4.000000 8.000000
      vertex 9.000000 4.000000 9.000000
    endloop
  endfacet
  facet normal 0 0 0
    outer loop
      vertex 8.000000 4.000000 8.000000
      vertex 9.000000 4.000000 9.000000
      vertex 8.000000 4.000000 9.000000
    endloop
  endfacet
  facet normal 0 0 0
    outer loop
      vertex 9.000000 5.000000 8.000000
      vertex 8.000000 5.000000 8.000000
      vertex 8.000000 5.000000 9.000000
    endloop
  endfacet
  facet normal 0 0 0
    outer loop
      vertex 9.000000 5.000000 8.000000
      vertex 8.000000 5.000000 9.000000
      vertex 9.000000 5.000000 9.000000
    endloop
  endfacet
  facet normal 0 0 0
    outer loop
      vertex 9.000000 4.000000 8.000000
      vertex 9.000000 5.000000 8.000000
      vertex 9.000000 5.000000 9.000000
    endloop
  endfacet
  facet normal 0 0 0
    outer loop
      vertex 9.000000 4.000000 8.000000
      vertex 9.000000 5.000000 9.000000
      vertex 9.000000 4.000000 9.000000
    endloop
  endfacet
  facet normal 0 0 0
    outer loop
      vertex 8.000000 5.000000 8.000000
      vertex 8.000000 4.000000 8.000000
      vertex 8.000000 4.000000 9.000000
    endloop
  endfacet
  facet normal 0 0 0
    outer loop
      vertex 8.000000 5.000000 8.000000
      vertex 8.000000 4.000000 9.000000
      vertex 8.000000 5.000000 9.000000
    endloop
  endfacet
  facet normal 0 0 0
    outer loop
      vertex 8.000000 5.000000 6.000000
      vertex 9.000000 6.000000 6.000000
      vertex 9.000000 5.000000 6.000000
    endloop
  endfacet
  facet normal 0 0 0
    outer loop
      vertex 8.000000 5.000000 6.000000
      vertex 8.000000 6.000000 6.000000
      vertex 9.000000 6.000000 6.000000
    endloop
  endfacet
  facet normal 0 0 0
    outer loop
      vertex 8.000000 5.000000 7.000000
      vertex 9.000000 5.000000 7.000000
      vertex 9.000000 6.000000 7.000000
    endloop
  endfacet
  facet normal 0 0 0
    outer loop
      vertex 8.000000 5.000000 7.000000
      vertex 9.000000 6.000000 7.000000
      vertex 8.000000 6.000000 7.000000
    endloop
  endfacet
  facet normal 0 0 0
    outer loop
      vertex 8.000000 5.000000 6.000000
      vertex 9.000000 5.000000 6.000000
      vertex 9.000000 5.000000 7.000000
    endloop
  endfacet
  facet normal 0 0 0
    outer loop
      vertex 8.000000 5.000000 6.000000
      vertex 9.000000 5.000000 7.000000
      vertex 8.000000 5.000000 7.000000
    endloop
  endfacet
  facet normal 0 0 0
    outer loop
      vertex 9.000000 6.000000 6.000000
      vertex 8.000000 6.000000 6.000000
      vertex 8.000000 6.000000 7.000000
    endloop
  endfacet
  facet normal 0 0 0
    outer loop
      vertex 9.000000 6.000000 6.000000
      vertex 8.000000 6.000000 7.000000
      vertex 9.000000 6.000000 7.000000
    endloop
  endfacet
  facet normal 0 0 0
    outer loop
      vertex 9.000000 5.000000 6.000000
      vertex 9.000000 6.000000 6.000000
      vertex 9.000000 6.000000 7.000000
    endloop
  endfacet
  facet normal 0 0 0
    outer loop
      vertex 9.000000 5.000000 6.000000
      vertex 9.000000 6.000000 7.000000
      vertex 9.000000 5.000000 7.000000
    endloop
  endfacet
  facet normal 0 0 0
    outer loop
      vertex 8.000000 6.000000 6.000000
      vertex 8.000000 5.000000 6.000000
      vertex 8.000000 5.000000 7.000000
    endloop
  endfacet
  facet normal 0 0 0
    outer loop
      vertex 8.000000 6.000000 6.000000
      vertex 8.000000 5.000000 7.000000
      vertex 8.000000 6.000000 7.000000
    endloop
  endfacet
  facet normal 0 0 0
    outer loop
      vertex 8.000000 5.000000 7.000000
      vertex 9.000000 6.000000 7.000000
      vertex 9.000000 5.000000 7.000000
    endloop
  endfacet
  facet normal 0 0 0
    outer loop
      vertex 8.000000 5.000000 7.000000
      vertex 8.000000 6.000000 7.000000
      vertex 9.000000 6.000000 7.000000
    endloop
  endfacet
  facet normal 0 0 0
    outer loop
      vertex 8.000000 5.000000 8.000000
      vertex 9.000000 5.000000 8.000000
      vertex 9.000000 6.000000 8.000000
    endloop
  endfacet
  facet normal 0 0 0
    outer loop
      vertex 8.000000 5.000000 8.000000
      vertex 9.000000 6.000000 8.000000
      vertex 8.000000 6.000000 8.000000
    endloop
  endfacet
  facet normal 0 0 0
    outer loop
      vertex 8.000000 5.000000 7.000000
      vertex 9.000000 5.000000 7.000000
      vertex 9.000000 5.000000 8.000000
    endloop
  endfacet
  facet normal 0 0 0
    outer loop
      vertex 8.000000 5.000000 7.000000
      vertex 9.000000 5.000000 8.000000
      vertex 8.000000 5.000000 8.000000
    endloop
  endfacet
  facet normal 0 0 0
    outer loop
      vertex 9.000000 6.000000 7.000000
      vertex 8.000000 6.000000 7.000000
      vertex 8.000000 6.000000 8.000000
    endloop
  endfacet
  facet normal 0 0 0
    outer loop
      vertex 9.000000 6.000000 7.000000
      vertex 8.000000 6.000000 8.000000
      vertex 9.000000 6.000000 8.000000
    endloop
  endfacet
  facet normal 0 0 0
    outer loop
      vertex 9.000000 5.000000 7.000000
      vertex 9.000000 6.000000 7.000000
      vertex 9.000000 6.000000 8.000000
    endloop
  endfacet
  facet normal 0 0 0
    outer loop
      vertex 9.000000 5.000000 7.000000
      vertex 9.000000 6.000000 8.000000
      vertex 9.000000 5.000000 8.000000
    endloop
  endfacet
  facet normal 0 0 0
    outer loop
      vertex 8.000000 6.000000 7.000000
      vertex 8.000000 5.000000 7.000000
      vertex 8.000000 5.000000 8.000000
    endloop
  endfacet
  facet normal 0 0 0
    outer loop
      vertex 8.000000 6.000000 7.000000
      vertex 8.000000 5.000000 8.000000
      vertex 8.000000 6.000000 8.000000
    endloop
  endfacet
  facet normal 0 0 0
    outer loop
      vertex 8.000000 5.000000 8.000000
      vertex 9.000000 6.000000 8.000000
      vertex 9.000000 5.000000 8.000000
    endloop
  endfacet
  facet normal 0 0 0
    outer loop
      vertex 8.000000 5.000000 8.000000
      vertex 8.000000 6.000000 8.000000
      vertex 9.000000 6.000000 8.000000
    endloop
  endfacet
  facet normal 0 0 0
    outer loop
      vertex 8.000000 5.000000 9.000000
      vertex 9.000000 5.000000 9.000000
      vertex 9.000000 6.000000 9.000000
    endloop
  endfacet
  facet normal 0 0 0
    outer loop
      vertex 8.000000 5.000000 9.000000
      vertex 9.000000 6.000000 9.000000
      vertex 8.000000 6.000000 9.000000
    endloop
  endfacet
  facet normal 0 0 0
    outer loop
      vertex 8.000000 5.000000 8.000000
      vertex 9.000000 5.000000 8.000000
      vertex 9.000000 5.000000 9.000000
    endloop
  endfacet
  facet normal 0 0 0
    outer loop
      vertex 8.000000 5.000000 8.000000
      vertex 9.000000 5.000000 9.000000
      vertex 8.000000 5.000000 9.000000
    endloop
  endfacet
  facet normal 0 0 0
    outer loop
      vertex 9.000000 6.000000 8.000000
      vertex 8.000000 6.000000 8.000000
      vertex 8.000000 6.000000 9.000000
    endloop
  endfacet
  facet normal 0 0 0
    outer loop
      vertex 9.000000 6.000000 8.000000
      vertex 8.000000 6.000000 9.000000
      vertex 9.000000 6.000000 9.000000
    endloop
  endfacet
  facet normal 0 0 0
    outer loop
      vertex 9.000000 5.000000 8.000000
      vertex 9.000000 6.000000 8.000000
      vertex 9.000000 6.000000 9.000000
    endloop
  endfacet
  facet normal 0 0 0
    outer loop
      vertex 9.000000 5.000000 8.000000
      vertex 9.000000 6.000000 9.000000
      vertex 9.000000 5.000000 9.000000
    endloop
  endfacet
  facet normal 0 0 0
    outer loop
      vertex 8.000000 6.000000 8.000000
      vertex 8.000000 5.000000 8.000000
      vertex 8.000000 5.000000 9.000000
    endloop
  endfacet
  facet normal 0 0 0
    outer loop
      vertex 8.000000 6.000000 8.000000
      vertex 8.000000 5.000000 9.000000
      vertex 8.000000 6.000000 9.000000
    endloop
  endfacet
  facet normal 0 0 0
    outer loop
      vertex 6.000000 6.000000 0.000000
      vertex 7.000000 7.000000 0.000000
      vertex 7.000000 6.000000 0.000000
    endloop
  endfacet
  facet normal 0 0 0
    outer loop
      vertex 6.000000 6.000000 0.000000
      vertex 6.000000 7.000000 0.000000
      vertex 7.000000 7.000000 0.000000
    endloop
  endfacet
  facet normal 0 0 0
    outer loop
      vertex 6.000000 6.000000 1.000000
      vertex 7.000000 6.000000 1.000000
      vertex 7.000000 7.000000 1.000000
    endloop
  endfacet
  facet normal 0 0 0
    outer loop
      vertex 6.000000 6.000000 1.000000
      vertex 7.000000 7.000000 1.000000
      vertex 6.000000 7.000000 1.000000
    endloop
  endfacet
  facet normal 0 0 0
    outer loop
      vertex 6.000000 6.000000 0.000000
      vertex 7.000000 6.000000 0.000000
      vertex 7.000000 6.000000 1.000000
    endloop
  endfacet
  facet normal 0 0 0
    outer loop
      vertex 6.000000 6.000000 0.000000
      vertex 7.000000 6.000000 1.000000
      vertex 6.000000 6.000000 1.000000
    endloop
  endfacet
  facet normal 0 0 0
    outer loop
      vertex 7.000000 7.000000 0.000000
      vertex 6.000000 7.000000 0.000000
      vertex 6.000000 7.000000 1.000000
    endloop
  endfacet
  facet normal 0 0 0
    outer loop
      vertex 7.000000 7.000000 0.000000
      vertex 6.000000 7.000000 1.000000
      vertex 7.000000 7.000000 1.000000
    endloop
  endfacet
  facet normal 0 0 0
    outer loop
      vertex 7.000000 6.000000 0.000000
      vertex 7.000000 7.000000 0.000000
      vertex 7.000000 7.000000 1.000000
    endloop
  endfacet
  facet normal 0 0 0
    outer loop
      vertex 7.000000 6.000000 0.000000
      vertex 7.000000 7.000000 1.000000
      vertex 7.000000 6.000000 1.000000
    endloop
  endfacet
  facet normal 0 0 0
    outer loop
      vertex 6.000000 7.000000 0.000000
      vertex 6.000000 6.000000 0.000000
      vertex 6.000000 6.000000 1.000000
    endloop
  endfacet
  facet normal 0 0 0
    outer loop
      vertex 6.000000 7.000000 0.000000
      vertex 6.000000 6.000000 1.000000
      vertex 6.000000 7.000000 1.000000
    endloop
  endfacet
  facet normal 0 0 0
    outer loop
      vertex 6.000000 6.000000 1.000000
      vertex 7.000000 7.000000 1.000000
      vertex 7.000000 6.000000 1.000000
    endloop
  endfacet
  facet normal 0 0 0
    outer loop
      vertex 6.000000 6.000000 1.000000
      vertex 6.000000 7.000000 1.000000
      vertex 7.000000 7.000000 1.000000
    endloop
  endfacet
  facet normal 0 0 0
    outer loop
      vertex 6.000000 6.000000 2.000000
      vertex 7.000000 6.000000 2.000000
      vertex 7.000000 7.000000 2.000000
    endloop
  endfacet
  facet normal 0 0 0
    outer loop
      vertex 6.000000 6.000000 2.000000
      vertex 7.000000 7.000000 2.000000
      vertex 6.000000 7.000000 2.000000
    endloop
  endfacet
  facet normal 0 0 0
    outer loop
      vertex 6.000000 6.000000 1.000000
      vertex 7.000000 6.000000 1.000000
      vertex 7.000000 6.000000 2.000000
    endloop
  endfacet
  facet normal 0 0 0
    outer loop
      vertex 6.000000 6.000000 1.000000
      vertex 7.000000 6.000000 2.000000
      vertex 6.000000 6.000000 2.000000
    endloop
  endfacet
  facet normal 0 0 0
    outer loop
      vertex 7.000000 7.000000 1.000000
      vertex 6.000000 7.000000 1.000000
      vertex 6.000000 7.000000 2.000000
    endloop
  endfacet
  facet normal 0 0 0
    outer loop
      vertex 7.000000 7.000000 1.000000
      vertex 6.000000 7.000000 2.000000
      vertex 7.000000 7.000000 2.000000
    endloop
  endfacet
  facet normal 0 0 0
    outer loop
      vertex 7.000000 6.000000 1.000000
      vertex 7.000000 7.000000 1.000000
      vertex 7.000000 7.000000 2.000000
    endloop
  endfacet
  facet normal 0 0 0
    outer loop
      vertex 7.000000 6.000000 1.000000
      vertex 7.000000 7.000000 2.000000
      vertex 7.000000 6.000000 2.000000
    endloop
  endfacet
  facet normal 0 0 0
    outer loop
      vertex 6.000000 7.000000 1.000000
      vertex 6.000000 6.000000 1.000000
      vertex 6.000000 6.000000 2.000000
    endloop
  endfacet
  facet normal 0 0 0
    outer loop
      vertex 6.000000 7.000000 1.000000
      vertex 6.000000 6.000000 2.000000
      vertex 6.000000 7.000000 2.000000
    endloop
  endfacet
  facet normal 0 0 0
    outer loop
      vertex 6.000000 6.000000 2.000000
      vertex 7.000000 7.000000 2.000000
      vertex 7.000000 6.000000 2.000000
    endloop
  endfacet
  facet normal 0 0 0
    outer loop
      vertex 6.000000 6.000000 2.000000
      vertex 6.000000 7.000000 2.000000
      vertex 7.000000 7.000000 2.000000
    endloop
  endfacet
  facet normal 0 0 0
    outer loop
      vertex 6.000000 6.000000 3.000000
      vertex 7.000000 6.000000 3.000000
      vertex 7.000000 7.000000 3.000000
    endloop
  endfacet
  facet normal 0 0 0
    outer loop
      vertex 6.000000 6.000000 3.000000
      vertex 7.000000 7.000000 3.000000
      vertex 6.000000 7.000000 3.000000
    endloop
  endfacet
  facet normal 0 0 0
    outer loop
      vertex 6.000000 6.000000 2.000000
      vertex 7.000000 6.000000 2.000000
      vertex 7.000000 6.000000 3.000000
    endloop
  endfacet
  facet normal 0 0 0
    outer loop
      vertex 6.000000 6.000000 2.000000
      vertex 7.000000 6.000000 3.000000
      vertex 6.000000 6.000000 3.000000
    endloop
  endfacet
  facet normal 0 0 0
    outer loop
      vertex 7.000000 7.000000 2.000000
      vertex 6.000000 7.000000 2.000000
      vertex 6.000000 7.000000 3.000000
    endloop
  endfacet
  facet normal 0 0 0
    outer loop
      vertex 7.000000 7.000000 2.000000
      vertex 6.000000 7.000000 3.000000
      vertex 7.000000 7.000000 3.000000
    endloop
  endfacet
  facet normal 0 0 0
    outer loop
      vertex 7.000000 6.000000 2.000000
      vertex 7.000000 7.000000 2.000000
      vertex 7.000000 7.000000 3.000000
    endloop
  endfacet
  facet normal 0 0 0
    outer loop
      vertex 7.000000 6.000000 2.000000
      vertex 7.000000 7.000000 3.000000
      vertex 7.000000 6.000000 3.000000
    endloop
  endfacet
  facet normal 0 0 0
    outer loop
      vertex 6.000000 7.000000 2.000000
      vertex 6.000000 6.000000 2.000000
      vertex 6.000000 6.000000 3.000000
    endloop
  endfacet
  facet normal 0 0 0
    outer loop
      vertex 6.000000 7.000000 2.000000
      vertex 6.000000 6.000000 3.000000
      vertex 6.000000 7.000000 3.000000
    endloop
  endfacet
  facet normal 0 0 0
    outer loop
      vertex 6.000000 7.000000 0.000000
      vertex 7.000000 8.000000 0.000000
      vertex 7.000000 7.000000 0.000000
    endloop
  endfacet
  facet normal 0 0 0
    outer loop
      vertex 6.000000 7.000000 0.000000
      vertex 6.000000 8.000000 0.000000
      vertex 7.000000 8.000000 0.000000
    endloop
  endfacet
  facet normal 0 0 0
    outer loop
      vertex 6.000000 7.000000 1.000000
      vertex 7.000000 7.000000 1.000000
      vertex 7.000000 8.000000 1.000000
    endloop
  endfacet
  facet normal 0 0 0
    outer loop
      vertex 6.000000 7.000000 1.000000
      vertex 7.000000 8.000000 1.000000
      vertex 6.000000 8.000000 1.000000
    endloop
  endfacet
  facet normal 0 0 0
    outer loop
      vertex 6.000000 7.000000 0.000000
      vertex 7.000000 7.000000 0.000000
      vertex 7.000000 7.000000 1.000000
    endloop
  endfacet
  facet normal 0 0 0
    outer loop
      vertex 6.000000 7.000000 0.000000
      vertex 7.000000 7.000000 1.000000
      vertex 6.000000 7.000000 1.000000
    endloop
  endfacet
  facet normal 0 0 0
    outer loop
      vertex 7.000000 8.000000 0.000000
      vertex 6.000000 8.000000 0.000000
      vertex 6.000000 8.000000 1.000000
    endloop
  endfacet
  facet normal 0 0 0
    outer loop
      vertex 7.000000 8.000000 0.000000
      vertex 6.000000 8.000000 1.000000
      vertex 7.000000 8.000000 1.000000
    endloop
  endfacet
  facet normal 0 0 0
    outer loop
      vertex 7.000000 7.000000 0.000000
      vertex 7.000000 8.000000 0.000000
      vertex 7.000000 8.000000 1.000000
    endloop
  endfacet
  facet normal 0 0 0
    outer loop
      vertex 7.000000 7.000000 0.000000
      vertex 7.000000 8.000000 1.000000
      vertex 7.000000 7.000000 1.000000
    endloop
  endfacet
  facet normal 0 0 0
    outer loop
      vertex 6.000000 8.000000 0.000000
      vertex 6.000000 7.000000 0.000000
      vertex 6.000000 7.000000 1.000000
    endloop
  endfacet
  facet normal 0 0 0
    outer loop
      vertex 6.000000 8.000000 0.000000
      vertex 6.000000 7.000000 1.000000
      vertex 6.000000 8.000000 1.000000
    endloop
  endfacet
  facet normal 0 0 0
    outer loop
      vertex 6.000000 7.000000 2.000000
      vertex 7.000000 8.000000 2.000000
      vertex 7.000000 7.000000 2.000000
    endloop
  endfacet
  facet normal 0 0 0
    outer loop
      vertex 6.000000 7.000000 2.000000
      vertex 6.000000 8.000000 2.000000
      vertex 7.000000 8.000000 2.000000
    endloop
  endfacet
  facet normal 0 0 0
    outer loop
      vertex 6.000000 7.000000 3.000000
      vertex 7.000000 7.000000 3.000000
      vertex 7.000000 8.000000 3.000000
    endloop
  endfacet
  facet normal 0 0 0
    outer loop
      vertex 6.000000 7.000000 3.000000
      vertex 7.000000 8.000000 3.000000
      vertex 6.000000 8.000000 3.000000
    endloop
  endfacet
  facet normal 0 0 0
    outer loop
      vertex 6.000000 7.000000 2.000000
      vertex 7.000000 7.000000 2.000000
      vertex 7.000000 7.000000 3.000000
    endloop
  endfacet
  facet normal 0 0 0
    outer loop
      vertex 6.000000 7.000000 2.000000
      vertex 7.000000 7.000000 3.000000
      vertex 6.000000 7.000000 3.000000
    endloop
  endfacet
  facet normal 0 0 0
    outer loop
      vertex 7.000000 8.000000 2.000000
      vertex 6.000000 8.000000 2.000000
      vertex 6.000000 8.000000 3.000000
    endloop
  endfacet
  facet normal 0 0 0
    outer loop
      vertex 7.000000 8.000000 2.000000
      vertex 6.000000 8.000000 3.000000
      vertex 7.000000 8.000000 3.000000
    endloop
  endfacet
  facet normal 0 0 0
    outer loop
      vertex 7.000000 7.000000 2.000000
      vertex 7.000000 8.000000 2.000000
      vertex 7.000000 8.000000 3.000000
    endloop
  endfacet
  facet normal 0 0 0
    outer loop
      vertex 7.000000 7.000000 2.000000
      vertex 7.000000 8.000000 3.000000
      vertex 7.000000 7.000000 3.000000
    endloop
  endfacet
  facet normal 0 0 0
    outer loop
      vertex 6.000000 8.000000 2.000000
      vertex 6.000000 7.000000 2.000000
      vertex 6.000000 7.000000 3.000000
    endloop
  endfacet
  facet normal 0 0 0
    outer loop
      vertex 6.000000 8.000000 2.000000
      vertex 6.000000 7.000000 3.000000
      vertex 6.000000 8.000000 3.000000
    endloop
  endfacet
  facet normal 0 0 0
    outer loop
      vertex 6.000000 8.000000 0.000000
      vertex 7.000000 9.000000 0.000000
      vertex 7.000000 8.000000 0.000000
    endloop
  endfacet
  facet normal 0 0 0
    outer loop
      vertex 6.000000 8.000000 0.000000
      vertex 6.000000 9.000000 0.000000
      vertex 7.000000 9.000000 0.000000
    endloop
  endfacet
  facet normal 0 0 0
    outer loop
      vertex 6.000000 8.000000 1.000000
      vertex 7.000000 8.000000 1.000000
      vertex 7.000000 9.000000 1.000000
    endloop
  endfacet
  facet normal 0 0 0
    outer loop
      vertex 6.000000 8.000000 1.000000
      vertex 7.000000 9.000000 1.000000
      vertex 6.000000 9.000000 1.000000
    endloop
  endfacet
  facet normal 0 0 0
    outer loop
      vertex 6.000000 8.000000 0.000000
      vertex 7.000000 8.000000 0.000000
      vertex 7.000000 8.000000 1.000000
    endloop
  endfacet
  facet normal 0 0 0
    outer loop
      vertex 6.000000 8.000000 0.000000
      vertex 7.000000 8.000000 1.000000
      vertex 6.000000 8.000000 1.000000
    endloop
  endfacet
  facet normal 0 0 0
    outer loop
      vertex 7.000000 9.000000 0.000000
      vertex 6.000000 9.000000 0.000000
      vertex 6.000000 9.000000 1.000000
    endloop
  endfacet
  facet normal 0 0 0
    outer loop
      vertex 7.000000 9.000000 0.000000
      vertex 6.000000 9.000000 1.000000
      vertex 7.000000 9.000000 1.000000
    endloop
  endfacet
  facet normal 0 0 0
    outer loop
      vertex 7.000000 8.000000 0.000000
      vertex 7.000000 9.000000 0.000000
      vertex 7.000000 9.000000 1.000000
    endloop
  endfacet
  facet normal 0 0 0
    outer loop
      vertex 7.000000 8.000000 0.000000
      vertex 7.000000 9.000000 1.000000
      vertex 7.000000 8.000000 1.000000
    endloop
  endfacet
  facet normal 0 0 0
    outer loop
      vertex 6.000000 9.000000 0.000000
      vertex 6.000000 8.000000 0.000000
      vertex 6.000000 8.000000 1.000000
    endloop
  endfacet
  facet normal 0 0 0
    outer loop
      vertex 6.000000 9.000000 0.000000
      vertex 6.000000 8.000000 1.000000
      vertex 6.000000 9.000000 1.000000
    endloop
  endfacet
  facet normal 0 0 0
    outer loop
      vertex 6.000000 8.000000 1.000000
      vertex 7.000000 9.000000 1.000000
      vertex 7.000000 8.000000 1.000000
    endloop
  endfacet
  facet normal 0 0 0
    outer loop
      vertex 6.000000 8.000000 1.000000
      vertex 6.000000 9.000000 1.000000
      vertex 7.000000 9.000000 1.000000
    endloop
  endfacet
  facet normal 0 0 0
    outer loop
      vertex 6.000000 8.000000 2.000000
      vertex 7.000000 8.000000 2.000000
      vertex 7.000000 9.000000 2.000000
    endloop
  endfacet
  facet normal 0 0 0
    outer loop
      vertex 6.000000 8.000000 2.000000
      vertex 7.000000 9.000000 2.000000
      vertex 6.000000 9.000000 2.000000
    endloop
  endfacet
  facet normal 0 0 0
    outer loop
      vertex 6.000000 8.000000 1.000000
      vertex 7.000000 8.000000 1.000000
      vertex 7.000000 8.000000 2.000000
    endloop
  endfacet
  facet normal 0 0 0
    outer loop
      vertex 6.000000 8.000000 1.000000
      vertex 7.000000 8.000000 2.000000
      vertex 6.000000 8.000000 2.000000
    endloop
  endfacet
  facet normal 0 0 0
    outer loop
      vertex 7.000000 9.000000 1.000000
      vertex 6.000000 9.000000 1.000000
      vertex 6.000000 9.000000 2.000000
    endloop
  endfacet
  facet normal 0 0 0
    outer loop
      vertex 7.000000 9.000000 1.000000
      vertex 6.000000 9.000000 2.000000
      vertex 7.000000 9.000000 2.000000
    endloop
  endfacet
  facet normal 0 0 0
    outer loop
      vertex 7.000000 8.000000 1.000000
      vertex 7.000000 9.000000 1.000000
      vertex 7.000000 9.000000 2.000000
    endloop
  endfacet
  facet normal 0 0 0
    outer loop
      vertex 7.000000 8.000000 1.000000
      vertex 7.000000 9.000000 2.000000
      vertex 7.000000 8.000000 2.000000
    endloop
  endfacet
  facet normal 0 0 0
    outer loop
      vertex 6.000000 9.000000 1.000000
      vertex 6.000000 8.000000 1.000000
      vertex 6.000000 8.000000 2.000000
    endloop
  endfacet
  facet normal 0 0 0
    outer loop
      vertex 6.000000 9.000000 1.000000
      vertex 6.000000 8.000000 2.000000
      vertex 6.000000 9.000000 2.000000
    endloop
  endfacet
  facet normal 0 0 0
    outer loop
      vertex 6.000000 8.000000 2.000000
      vertex 7.000000 9.000000 2.000000
      vertex 7.000000 8.000000 2.000000
    endloop
  endfacet
  facet normal 0 0 0
    outer loop
      vertex 6.000000 8.000000 2.000000
      vertex 6.000000 9.000000 2.000000
      vertex 7.000000 9.000000 2.000000
    endloop
  endfacet
  facet normal 0 0 0
    outer loop
      vertex 6.000000 8.000000 3.000000
      vertex 7.000000 8.000000 3.000000
      vertex 7.000000 9.000000 3.000000
    endloop
  endfacet
  facet normal 0 0 0
    outer loop
      vertex 6.000000 8.000000 3.000000
      vertex 7.000000 9.000000 3.000000
      vertex 6.000000 9.000000 3.000000
    endloop
  endfacet
  facet normal 0 0 0
    outer loop
      vertex 6.000000 8.000000 2.000000
      vertex 7.000000 8.000000 2.000000
      vertex 7.000000 8.000000 3.000000
    endloop
  endfacet
  facet normal 0 0 0
    outer loop
      vertex 6.000000 8.000000 2.000000
      vertex 7.000000 8.000000 3.000000
      vertex 6.000000 8.000000 3.000000
    endloop
  endfacet
  facet normal 0 0 0
    outer loop
      vertex 7.000000 9.000000 2.000000
      vertex 6.000000 9.000000 2.000000
      vertex 6.000000 9.000000 3.000000
    endloop
  endfacet
  facet normal 0 0 0
    outer loop
      vertex 7.000000 9.000000 2.000000
      vertex 6.000000 9.000000 3.000000
      vertex 7.000000 9.000000 3.000000
    endloop
  endfacet
  facet normal 0 0 0
    outer loop
      vertex 7.000000 8.000000 2.000000
      vertex 7.000000 9.000000 2.000000
      vertex 7.000000 9.000000 3.000000
    endloop
  endfacet
  facet normal 0 0 0
    outer loop
      vertex 7.000000 8.000000 2.000000
      vertex 7.000000 9.000000 3.000000
      vertex 7.000000 8.000000 3.000000
    endloop
  endfacet
  facet normal 0 0 0
    outer loop
      vertex 6.000000 9.000000 2.000000
      vertex 6.000000 8.000000 2.000000
      vertex 6.000000 8.000000 3.000000
    endloop
  endfacet
  facet normal 0 0 0
    outer loop
      vertex 6.000000 9.000000 2.000000
      vertex 6.000000 8.000000 3.000000
      vertex 6.000000 9.000000 3.000000
    endloop
  endfacet
  facet normal 0 0 0
    outer loop
      vertex 7.000000 6.000000 0.000000
      vertex 8.000000 7.000000 0.000000
      vertex 8.000000 6.000000 0.000000
    endloop
  endfacet
  facet normal 0 0 0
    outer loop
      vertex 7.000000 6.000000 0.000000
      vertex 7.000000 7.000000 0.000000
      vertex 8.000000 7.000000 0.000000
    endloop
  endfacet
  facet normal 0 0 0
    outer loop
      vertex 7.000000 6.000000 1.000000
      vertex 8.000000 6.000000 1.000000
      vertex 8.000000 7.000000 1.000000
    endloop
  endfacet
  facet normal 0 0 0
    outer loop
      vertex 7.000000 6.000000 1.000000
      vertex 8.000000 7.000000 1.000000
      vertex 7.000000 7.000000 1.000000
    endloop
  endfacet
  facet normal 0 0 0
    outer loop
      vertex 7.000000 6.000000 0.000000
      vertex 8.000000 6.000000 0.000000
      vertex 8.000000 6.000000 1.000000
    endloop
  endfacet
  facet normal 0 0 0
    outer loop
      vertex 7.000000 6.000000 0.000000
      vertex 8.000000 6.000000 1.000000
      vertex 7.000000 6.000000 1.000000
    endloop
  endfacet
  facet normal 0 0 0
    outer loop
      vertex 8.000000 7.000000 0.000000
      vertex 7.000000 7.000000 0.000000
      vertex 7.000000 7.000000 1.000000
    endloop
  endfacet
  facet normal 0 0 0
    outer loop
      vertex 8.000000 7.000000 0.000000
      vertex 7.000000 7.000000 1.000000
      vertex 8.000000 7.000000 1.000000
    endloop
  endfacet
  facet normal 0 0 0
    outer loop
      vertex 8.000000 6.000000 0.000000
      vertex 8.000000 7.000000 0.000000
      vertex 8.000000 7.000000 1.000000
    endloop
  endfacet
  facet normal 0 0 0
    outer loop
      vertex 8.000000 6.000000 0.000000
      vertex 8.000000 7.000000 1.000000
      vertex 8.000000 6.000000 1.000000
    endloop
  endfacet
  facet normal 0 0 0
    outer loop
      vertex 7.000000 7.000000 0.000000
      vertex 7.000000 6.000000 0.000000
      vertex 7.000000 6.000000 1.000000
    endloop
  endfacet
  facet normal 0 0 0
    outer loop
      vertex 7.000000 7.000000 0.000000
      vertex 7.000000 6.000000 1.000000
      vertex 7.000000 7.000000 1.000000
    endloop
  endfacet
  facet normal 0 0 0
    outer loop
      vertex 7.000000 6.000000 2.000000
      vertex 8.000000 7.000000 2.000000
      vertex 8.000000 6.000000 2.000000
    endloop
  endfacet
  facet normal 0 0 0
    outer loop
      vertex 7.000000 6.000000 2.000000
      vertex 7.000000 7.000000 2.000000
      vertex 8.000000 7.000000 2.000000
    endloop
  endfacet
  facet normal 0 0 0
    outer loop
      vertex 7.000000 6.000000 3.000000
      vertex 8.000000 6.000000 3.000000
      vertex 8.000000 7.000000 3.000000
    endloop
  endfacet
  facet normal 0 0 0
    outer loop
      vertex 7.000000 6.000000 3.000000
      vertex 8.000000 7.000000 3.000000
      vertex 7.000000 7.000000 3.000000
    endloop
  endfacet
  facet normal 0 0 0
    outer loop
      vertex 7.000000 6.000000 2.000000
      vertex 8.000000 6.000000 2.000000
      vertex 8.000000 6.000000 3.000000
    endloop
  endfacet
  facet normal 0 0 0
    outer loop
      vertex 7.000000 6.000000 2.000000
      vertex 8.000000 6.000000 3.000000
      vertex 7.000000 6.000000 3.000000
    endloop
  endfacet
  facet normal 0 0 0
    outer loop
      vertex 8.000000 7.000000 2.000000
      vertex 7.000000 7.000000 2.000000
      vertex 7.000000 7.000000 3.000000
    endloop
  endfacet
  facet normal 0 0 0
    outer loop
      vertex 8.000000 7.000000 2.000000
      vertex 7.000000 7.000000 3.000000
      vertex 8.000000 7.000000 3.000000
    endloop
  endfacet
  facet normal 0 0 0
    outer loop
      vertex 8.000000 6.000000 2.000000
      vertex 8.000000 7.000000 2.000000
      vertex 8.000000 7.000000 3.000000
    endloop
  endfacet
  facet normal 0 0 0
    outer loop
      vertex 8.000000 6.000000 2.000000
      vertex 8.000000 7.000000 3.000000
      vertex 8.000000 6.000000 3.000000
    endloop
  endfacet
  facet normal 0 0 0
    outer loop
      vertex 7.000000 7.000000 2.000000
      vertex 7.000000 6.000000 2.000000
      vertex 7.000000 6.000000 3.000000
    endloop
  endfacet
  facet normal 0 0 0
    outer loop
      vertex 7.000000 7.000000 2.000000
      vertex 7.000000 6.000000 3.000000
      vertex 7.000000 7.000000 3.000000
    endloop
  endfacet
  facet normal 0 0 0
    outer loop
      vertex 7.000000 8.000000 0.000000
      vertex 8.000000 9.000000 0.000000
      vertex 8.000000 8.000000 0.000000
    endloop
  endfacet
  facet normal 0 0 0
    outer loop
      vertex 7.000000 8.000000 0.000000
      vertex 7.000000 9.000000 0.000000
      vertex 8.000000 9.000000 0.000000
    endloop
  endfacet
  facet normal 0 0 0
    outer loop
      vertex 7.000000 8.000000 1.000000
      vertex 8.000000 8.000000 1.000000
      vertex 8.000000 9.000000 1.000000
    endloop
  endfacet
  facet normal 0 0 0
    outer loop
      vertex 7.000000 8.000000 1.000000
      vertex 8.000000 9.000000 1.000000
      vertex 7.000000 9.000000 1.000000
    endloop
  endfacet
  facet normal 0 0 0
    outer loop
      vertex 7.000000 8.000000 0.000000
      vertex 8.000000 8.000000 0.000000
      vertex 8.000000 8.000000 1.000000
    endloop
  endfacet
  facet normal 0 0 0
    outer loop
      vertex 7.000000 8.000000 0.000000
      vertex 8.000000 8.000000 1.000000
      vertex 7.000000 8.000000 1.000000
    endloop
  endfacet
  facet normal 0 0 0
    outer loop
      vertex 8.000000 9.000000 0.000000
      vertex 7.000000 9.000000 0.000000
      vertex 7.000000 9.000000 1.000000
    endloop
  endfacet
  facet normal 0 0 0
    outer loop
      vertex 8.000000 9.000000 0.000000
      vertex 7.000000 9.000000 1.000000
      vertex 8.000000 9.000000 1.000000
    endloop
  endfacet
  facet normal 0 0 0
    outer loop
      vertex 8.000000 8.000000 0.000000
      vertex 8.000000 9.000000 0.000000
      vertex 8.000000 9.000000 1.000000
    endloop
  endfacet
  facet normal 0 0 0
    outer loop
      vertex 8.000000 8.000000 0.000000
      vertex 8.000000 9.000000 1.000000
      vertex 8.000000 8.000000 1.000000
    endloop
  endfacet
  facet normal 0 0 0
    outer loop
      vertex 7.000000 9.000000 0.000000
      vertex 7.000000 8.000000 0.000000
      vertex 7.000000 8.000000 1.000000
    endloop
  endfacet
  facet normal 0 0 0
    outer loop
      vertex 7.000000 9.000000 0.000000
      vertex 7.000000 8.000000 1.000000
      vertex 7.000000 9.000000 1.000000
    endloop
  endfacet
  facet normal 0 0 0
    outer loop
      vertex 7.000000 8.000000 2.000000
      vertex 8.000000 9.000000 2.000000
      vertex 8.000000 8.000000 2.000000
    endloop
  endfacet
  facet normal 0 0 0
    outer loop
      vertex 7.000000 8.000000 2.000000
      vertex 7.000000 9.000000 2.000000
      vertex 8.000000 9.000000 2.000000
    endloop
  endfacet
  facet normal 0 0 0
    outer loop
      vertex 7.000000 8.000000 3.000000
      vertex 8.000000 8.000000 3.000000
      vertex 8.000000 9.000000 3.000000
    endloop
  endfacet
  facet normal 0 0 0
    outer loop
      vertex 7.000000 8.000000 3.000000
      vertex 8.000000 9.000000 3.000000
      vertex 7.000000 9.000000 3.000000
    endloop
  endfacet
  facet normal 0 0 0
    outer loop
      vertex 7.000000 8.000000 2.000000
      vertex 8.000000 8.000000 2.000000
      vertex 8.000000 8.000000 3.000000
    endloop
  endfacet
  facet normal 0 0 0
    outer loop
      vertex 7.000000 8.000000 2.000000
      vertex 8.000000 8.000000 3.000000
      vertex 7.000000 8.000000 3.000000
    endloop
  endfacet
  facet normal 0 0 0
    outer loop
      vertex 8.000000 9.000000 2.000000
      vertex 7.000000 9.000000 2.000000
      vertex 7.000000 9.000000 3.000000
    endloop
  endfacet
  facet normal 0 0 0
    outer loop
      vertex 8.000000 9.000000 2.000000
      vertex 7.000000 9.000000 3.000000
      vertex 8.000000 9.000000 3.000000
    endloop
  endfacet
  facet normal 0 0 0
    outer loop
      vertex 8.000000 8.000000 2.000000
      vertex 8.000000 9.000000 2.000000
      vertex 8.000000 9.000000 3.000000
    endloop
  endfacet
  facet normal 0 0 0
    outer loop
      vertex 8.000000 8.000000 2.000000
      vertex 8.000000 9.000000 3.000000
      vertex 8.000000 8.000000 3.000000
    endloop
  endfacet
  facet normal 0 0 0
    outer loop
      vertex 7.000000 9.000000 2.000000
      vertex 7.000000 8.000000 2.000000
      vertex 7.000000 8.000000 3.000000
    endloop
  endfacet
  facet normal 0 0 0
    outer loop
      vertex 7.000000 9.000000 2.000000
      vertex 7.000000 8.000000 3.000000
      vertex 7.000000 9.000000 3.000000
    endloop
  endfacet
  facet normal 0 0 0
    outer loop
      vertex 8.000000 6.000000 0.000000
      vertex 9.000000 7.000000 0.000000
      vertex 9.000000 6.000000 0.000000
    endloop
  endfacet
  facet normal 0 0 0
    outer loop
      vertex 8.000000 6.000000 0.000000
      vertex 8.000000 7.000000 0.000000
      vertex 9.000000 7.000000 0.000000
    endloop
  endfacet
  facet normal 0 0 0
    outer loop
      vertex 8.000000 6.000000 1.000000
      vertex 9.000000 6.000000 1.000000
      vertex 9.000000 7.000000 1.000000
    endloop
  endfacet
  facet normal 0 0 0
    outer loop
      vertex 8.000000 6.000000 1.000000
      vertex 9.000000 7.000000 1.000000
      vertex 8.000000 7.000000 1.000000
    endloop
  endfacet
  facet normal 0 0 0
    outer loop
      vertex 8.000000 6.000000 0.000000
      vertex 9.000000 6.000000 0.000000
      vertex 9.000000 6.000000 1.000000
    endloop
  endfacet
  facet normal 0 0 0
    outer loop
      vertex 8.000000 6.000000 0.000000
      vertex 9.000000 6.000000 1.000000
      vertex 8.000000 6.000000 1.000000
    endloop
  endfacet
  facet normal 0 0 0
    outer loop
      vertex 9.000000 7.000000 0.000000
      vertex 8.000000 7.000000 0.000000
      vertex 8.000000 7.000000 1.000000
    endloop
  endfacet
  facet normal 0 0 0
    outer loop
      vertex 9.000000 7.000000 0.000000
      vertex 8.000000 7.000000 1.000000
      vertex 9.000000 7.000000 1.000000
    endloop
  endfacet
  facet normal 0 0 0
    outer loop
      vertex 9.000000 6.000000 0.000000
      vertex 9.000000 7.000000 0.000000
      vertex 9.000000 7.000000 1.000000
    endloop
  endfacet
  facet normal 0 0 0
    outer loop
      vertex 9.000000 6.000000 0.000000
      vertex 9.000000 7.000000 1.000000
      vertex 9.000000 6.000000 1.000000
    endloop
  endfacet
  facet normal 0 0 0
    outer loop
      vertex 8.000000 7.000000 0.000000
      vertex 8.000000 6.000000 0.000000
      vertex 8.000000 6.000000 1.000000
    endloop
  endfacet
  facet normal 0 0 0
    outer loop
      vertex 8.000000 7.000000 0.000000
      vertex 8.000000 6.000000 1.000000
      vertex 8.000000 7.000000 1.000000
    endloop
  endfacet
  facet normal 0 0 0
    outer loop
      vertex 8.000000 6.000000 1.000000
      vertex 9.000000 7.000000 1.000000
      vertex 9.000000 6.000000 1.000000
    endloop
  endfacet
  facet normal 0 0 0
    outer loop
      vertex 8.000000 6.000000 1.000000
      vertex 8.000000 7.000000 1.000000
      vertex 9.000000 7.000000 1.000000
    endloop
  endfacet
  facet normal 0 0 0
    outer loop
      vertex 8.000000 6.000000 2.000000
      vertex 9.000000 6.000000 2.000000
      vertex 9.000000 7.000000 2.000000
    endloop
  endfacet
  facet normal 0 0 0
    outer loop
      vertex 8.000000 6.000000 2.000000
      vertex 9.000000 7.000000 2.000000
      vertex 8.000000 7.000000 2.000000
    endloop
  endfacet
  facet normal 0 0 0
    outer loop
      vertex 8.000000 6.000000 1.000000
      vertex 9.000000 6.000000 1.000000
      vertex 9.000000 6.000000 2.000000
    endloop
  endfacet
  facet normal 0 0 0
    outer loop
      vertex 8.000000 6.000000 1.000000
      vertex 9.000000 6.000000 2.000000
      vertex 8.000000 6.000000 2.000000
    endloop
  endfacet
  facet normal 0 0 0
    outer loop
      vertex 9.000000 7.000000 1.000000
      vertex 8.000000 7.000000 1.000000
      vertex 8.000000 7.000000 2.000000
    endloop
  endfacet
  facet normal 0 0 0
    outer loop
      vertex 9.000000 7.000000 1.000000
      vertex 8.000000 7.000000 2.000000
      vertex 9.000000 7.000000 2.000000
    endloop
  endfacet
  facet normal 0 0 0
    outer loop
      vertex 9.000000 6.000000 1.000000
      vertex 9.000000 7.000000 1.000000
      vertex 9.000000 7.000000 2.000000
    endloop
  endfacet
  facet normal 0 0 0
    outer loop
      vertex 9.000000 6.000000 1.000000
      vertex 9.000000 7.000000 2.000000
      vertex 9.000000 6.000000 2.000000
    endloop
  endfacet
  facet normal 0 0 0
    outer loop
      vertex 8.000000 7.000000 1.000000
      vertex 8.000000 6.000000 1.000000
      vertex 8.000000 6.000000 2.000000
    endloop
  endfacet
  facet normal 0 0 0
    outer loop
      vertex 8.000000 7.000000 1.000000
      vertex 8.000000 6.000000 2.000000
      vertex 8.000000 7.000000 2.000000
    endloop
  endfacet
  facet normal 0 0 0
    outer loop
      vertex 8.000000 6.000000 2.000000
      vertex 9.000000 7.000000 2.000000
      vertex 9.000000 6.000000 2.000000
    endloop
  endfacet
  facet normal 0 0 0
    outer loop
      vertex 8.000000 6.000000 2.000000
      vertex 8.000000 7.000000 2.000000
      vertex 9.000000 7.000000 2.000000
    endloop
  endfacet
  facet normal 0 0 0
    outer loop
      vertex 8.000000 6.000000 3.000000
      vertex 9.000000 6.000000 3.000000
      vertex 9.000000 7.000000 3.000000
    endloop
  endfacet
  facet normal 0 0 0
    outer loop
      vertex 8.000000 6.000000 3.000000
      vertex 9.000000 7.000000 3.000000
      vertex 8.000000 7.000000 3.000000
    endloop
  endfacet
  facet normal 0 0 0
    outer loop
      vertex 8.000000 6.000000 2.000000
      vertex 9.000000 6.000000 2.000000
      vertex 9.000000 6.000000 3.000000
    endloop
  endfacet
  facet normal 0 0 0
    outer loop
      vertex 8.000000 6.000000 2.000000
      vertex 9.000000 6.000000 3.000000
      vertex 8.000000 6.000000 3.000000
    endloop
  endfacet
  facet normal 0 0 0
    outer loop
      vertex 9.000000 7.000000 2.000000
      vertex 8.000000 7.000000 2.000000
      vertex 8.000000 7.000000 3.000000
    endloop
  endfacet
  facet normal 0 0 0
    outer loop
      vertex 9.000000 7.000000 2.000000
      vertex 8.000000 7.000000 3.000000
      vertex 9.000000 7.000000 3.000000
    endloop
  endfacet
  facet normal 0 0 0
    outer loop
      vertex 9.000000 6.000000 2.000000
      vertex 9.000000 7.000000 2.000000
      vertex 9.000000 7.000000 3.000000
    endloop
  endfacet
  facet normal 0 0 0
    outer loop
      vertex 9.000000 6.000000 2.000000
      vertex 9.000000 7.000000 3.000000
      vertex 9.000000 6.000000 3.000000
    endloop
  endfacet
  facet normal 0 0 0
    outer loop
      vertex 8.000000 7.000000 2.000000
      vertex 8.000000 6.000000 2.000000
      vertex 8.000000 6.000000 3.000000
    endloop
  endfacet
  facet normal 0 0 0
    outer loop
      vertex 8.000000 7.000000 2.000000
      vertex 8.000000 6.000000 3.000000
      vertex 8.000000 7.000000 3.000000
    endloop
  endfacet
  facet normal 0 0 0
    outer loop
      vertex 8.000000 7.000000 0.000000
      vertex 9.000000 8.000000 0.000000
      vertex 9.000000 7.000000 0.000000
    endloop
  endfacet
  facet normal 0 0 0
    outer loop
      vertex 8.000000 7.000000 0.000000
      vertex 8.000000 8.000000 0.000000
      vertex 9.000000 8.000000 0.000000
    endloop
  endfacet
  facet normal 0 0 0
    outer loop
      vertex 8.000000 7.000000 1.000000
      vertex 9.000000 7.000000 1.000000
      vertex 9.000000 8.000000 1.000000
    endloop
  endfacet
  facet normal 0 0 0
    outer loop
      vertex 8.000000 7.000000 1.000000
      vertex 9.000000 8.000000 1.000000
      vertex 8.000000 8.000000 1.000000
    endloop
  endfacet
  facet normal 0 0 0
    outer loop
      vertex 8.000000 7.000000 0.000000
      vertex 9.000000 7.000000 0.000000
      vertex 9.000000 7.000000 1.000000
    endloop
  endfacet
  facet normal 0 0 0
    outer loop
      vertex 8.000000 7.000000 0.000000
      vertex 9.000000 7.000000 1.000000
      vertex 8.000000 7.000000 1.000000
    endloop
  endfacet
  facet normal 0 0 0
    outer loop
      vertex 9.000000 8.000000 0.000000
      vertex 8.000000 8.000000 0.000000
      vertex 8.000000 8.000000 1.000000
    endloop
  endfacet
  facet normal 0 0 0
    outer loop
      vertex 9.000000 8.000000 0.000000
      vertex 8.000000 8.000000 1.000000
      vertex 9.000000 8.000000 1.000000
    endloop
  endfacet
  facet normal 0 0 0
    outer loop
      vertex 9.000000 7.000000 0.000000
      vertex 9.000000 8.000000 0.000000
      vertex 9.000000 8.000000 1.000000
    endloop
  endfacet
  facet normal 0 0 0
    outer loop
      vertex 9.000000 7.000000 0.000000
      vertex 9.000000 8.000000 1.000000
      vertex 9.000000 7.000000 1.000000
    endloop
  endfacet
  facet normal 0 0 0
    outer loop
      vertex 8.000000 8.000000 0.000000
      vertex 8.000000 7.000000 0.000000
      vertex 8.000000 7.000000 1.000000
    endloop
  endfacet
  facet normal 0 0 0
    outer loop
      vertex 8.000000 8.000000 0.000000
      vertex 8.000000 7.000000 1.000000
      vertex 8.000000 8.000000 1.000000
    endloop
  endfacet
  facet normal 0 0 0
    outer loop
      vertex 8.000000 7.000000 2.000000
      vertex 9.000000 8.000000 2.000000
      vertex 9.000000 7.000000 2.000000
    endloop
  endfacet
  facet normal 0 0 0
    outer loop
      vertex 8.000000 7.000000 2.000000
      vertex 8.000000 8.000000 2.000000
      vertex 9.000000 8.000000 2.000000
    endloop
  endfacet
  facet normal 0 0 0
    outer loop
      vertex 8.000000 7.000000 3.000000
      vertex 9.000000 7.000000 3.000000
      vertex 9.000000 8.000000 3.000000
    endloop
  endfacet
  facet normal 0 0 0
    outer loop
      vertex 8.000000 7.000000 3.000000
      vertex 9.000000 8.000000 3.000000
      vertex 8.000000 8.000000 3.000000
    endloop
  endfacet
  facet normal 0 0 0
    outer loop
      vertex 8.000000 7.000000 2.000000
      vertex 9.000000 7.000000 2.000000
      vertex 9.000000 7.000000 3.000000
    endloop
  endfacet
  facet normal 0 0 0
    outer loop
      vertex 8.000000 7.000000 2.000000
      vertex 9.000000 7.000000 3.000000
      vertex 8.000000 7.000000 3.000000
    endloop
  endfacet
  facet normal 0 0 0
    outer loop
      vertex 9.000000 8.000000 2.000000
      vertex 8.000000 8.000000 2.000000
      vertex 8.000000 8.000000 3.000000
    endloop
  endfacet
  facet normal 0 0 0
    outer loop
      vertex 9.000000 8.000000 2.000000
      vertex 8.000000 8.000000 3.000000
      vertex 9.000000 8.000000 3.000000
    endloop
  endfacet
  facet normal 0 0 0
    outer loop
      vertex 9.000000 7.000000 2.000000
      vertex 9.000000 8.000000 2.000000
      vertex 9.000000 8.000000 3.000000
    endloop
  endfacet
  facet normal 0 0 0
    outer loop
      vertex 9.000000 7.000000 2.000000
      vertex 9.000000 8.000000 3.000000
      vertex 9.000000 7.000000 3.000000
    endloop
  endfacet
  facet normal 0 0 0
    outer loop
      vertex 8.000000 8.000000 2.000000
      vertex 8.000000 7.000000 2.000000
      vertex 8.000000 7.000000 3.000000
    endloop
  endfacet
  facet normal 0 0 0
    outer loop
      vertex 8.000000 8.000000 2.000000
      vertex 8.000000 7.000000 3.000000
      vertex 8.000000 8.000000 3.000000
    endloop
  endfacet
  facet normal 0 0 0
    outer loop
      vertex 8.000000 8.000000 0.000000
      vertex 9.000000 9.000000 0.000000
      vertex 9.000000 8.000000 0.000000
    endloop
  endfacet
  facet normal 0 0 0
    outer loop
      vertex 8.000000 8.000000 0.000000
      vertex 8.000000 9.000000 0.000000
      vertex 9.000000 9.000000 0.000000
    endloop
  endfacet
  facet normal 0 0 0
    outer loop
      vertex 8.000000 8.000000 1.000000
      vertex 9.000000 8.000000 1.000000
      vertex 9.000000 9.000000 1.000000
    endloop
  endfacet
  facet normal 0 0 0
    outer loop
      vertex 8.000000 8.000000 1.000000
      vertex 9.000000 9.000000 1.000000
      vertex 8.000000 9.000000 1.000000
    endloop
  endfacet
  facet normal 0 0 0
    outer loop
      vertex 8.000000 8.000000 0.000000
      vertex 9.000000 8.000000 0.000000
      vertex 9.000000 8.000000 1.000000
    endloop
  endfacet
  facet normal 0 0 0
    outer loop
      vertex 8.000000 8.000000 0.000000
      vertex 9.000000 8.000000 1.000000
      vertex 8.000000 8.000000 1.000000
    endloop
  endfacet
  facet normal 0 0 0
    outer loop
      vertex 9.000000 9.000000 0.000000
      vertex 8.000000 9.000000 0.000000
      vertex 8.000000 9.000000 1.000000
    endloop
  endfacet
  facet normal 0 0 0
    outer loop
      vertex 9.000000 9.000000 0.000000
      vertex 8.000000 9.000000 1.000000
      vertex 9.000000 9.000000 1.000000
    endloop
  endfacet
  facet normal 0 0 0
    outer loop
      vertex 9.000000 8.000000 0.000000
      vertex 9.000000 9.000000 0.000000
      vertex 9.000000 9.000000 1.000000
    endloop
  endfacet
  facet normal 0 0 0
    outer loop
      vertex 9.000000 8.000000 0.000000
      vertex 9.000000 9.000000 1.000000
      vertex 9.000000 8.000000 1.000000
    endloop
  endfacet
  facet normal 0 0 0
    outer loop
      vertex 8.000000 9.000000 0.000000
      vertex 8.000000 8.000000 0.000000
      vertex 8.000000 8.000000 1.000000
    endloop
  endfacet
  facet normal 0 0 0
    outer loop
      vertex 8.000000 9.000000 0.000000
      vertex 8.000000 8.000000 1.000000
      vertex 8.000000 9.000000 1.000000
    endloop
  endfacet
  facet normal 0 0 0
    outer loop
      vertex 8.000000 8.000000 1.000000
      vertex 9.000000 9.000000 1.000000
      vertex 9.000000 8.000000 1.000000
    endloop
  endfacet
  facet normal 0 0 0
    outer loop
      vertex 8.000000 8.000000 1.000000
      vertex 8.000000 9.000000 1.000000
      vertex 9.000000 9.000000 1.000000
    endloop
  endfacet
  facet normal 0 0 0
    outer loop
      vertex 8.000000 8.000000 2.000000
      vertex 9.000000 8.000000 2.000000
      vertex 9.000000 9.000000 2.000000
    endloop
  endfacet
  facet normal 0 0 0
    outer loop
      vertex 8.000000 8.000000 2.000000
      vertex 9.000000 9.000000 2.000000
      vertex 8.000000 9.000000 2.000000
    endloop
  endfacet
  facet normal 0 0 0
    outer loop
      vertex 8.000000 8.000000 1.000000
      vertex 9.000000 8.000000 1.000000
      vertex 9.000000 8.000000 2.000000
    endloop
  endfacet
  facet normal 0 0 0
    outer loop
      vertex 8.000000 8.000000 1.000000
      vertex 9.000000 8.000000 2.000000
      vertex 8.000000 8.000000 2.000000
    endloop
  endfacet
  facet normal 0 0 0
    outer loop
      vertex 9.000000 9.000000 1.000000
      vertex 8.000000 9.000000 1.000000
      vertex 8.000000 9.000000 2.000000
    endloop
  endfacet
  facet normal 0 0 0
    outer loop
      vertex 9.000000 9.000000 1.000000
      vertex 8.000000 9.000000 2.000000
      vertex 9.000000 9.000000 2.000000
    endloop
  endfacet
  facet normal 0 0 0
    outer loop
      vertex 9.000000 8.000000 1.000000
      vertex 9.000000 9.000000 1.000000
      vertex 9.000000 9.000000 2.000000
    endloop
  endfacet
  facet normal 0 0 0
    outer loop
      vertex 9.000000 8.000000 1.000000
      vertex 9.000000 9.000000 2.000000
      vertex 9.000000 8.000000 2.000000
    endloop
  endfacet
  facet normal 0 0 0
    outer loop
      vertex 8.000000 9.000000 1.000000
      vertex 8.000000 8.000000 1.000000
      vertex 8.000000 8.000000 2.000000
    endloop
  endfacet
  facet normal 0 0 0
    outer loop
      vertex 8.000000 9.000000 1.000000
      vertex 8.000000 8.000000 2.000000
      vertex 8.000000 9.000000 2.000000
    endloop
  endfacet
  facet normal 0 0 0
    outer loop
      vertex 8.000000 8.000000 2.000000
      vertex 9.000000 9.000000 2.000000
      vertex 9.000000 8.000000 2.000000
    endloop
  endfacet
  facet normal 0 0 0
    outer loop
      vertex 8.000000 8.000000 2.000000
      vertex 8.000000 9.000000 2.000000
      vertex 9.000000 9.000000 2.000000
    endloop
  endfacet
  facet normal 0 0 0
    outer loop
      vertex 8.000000 8.000000 3.000000
      vertex 9.000000 8.000000 3.000000
      vertex 9.000000 9.000000 3.000000
    endloop
  endfacet
  facet normal 0 0 0
    outer loop
      vertex 8.000000 8.000000 3.000000
      vertex 9.000000 9.000000 3.000000
      vertex 8.000000 9.000000 3.000000
    endloop
  endfacet
  facet normal 0 0 0
    outer loop
      vertex 8.000000 8.000000 2.000000
      vertex 9.000000 8.000000 2.000000
      vertex 9.000000 8.000000 3.000000
    endloop
  endfacet
  facet normal 0 0 0
    outer loop
      vertex 8.000000 8.000000 2.000000
      vertex 9.000000 8.000000 3.000000
      vertex 8.000000 8.000000 3.000000
    endloop
  endfacet
  facet normal 0 0 0
    outer loop
      vertex 9.000000 9.000000 2.000000
      vertex 8.000000 9.000000 2.000000
      vertex 8.000000 9.000000 3.000000
    endloop
  endfacet
  facet normal 0 0 0
    outer loop
      vertex 9.000000 9.000000 2.000000
      vertex 8.000000 9.000000 3.000000
      vertex 9.000000 9.000000 3.000000
    endloop
  endfacet
  facet normal 0 0 0
    outer loop
      vertex 9.000000 8.000000 2.000000
      vertex 9.000000 9.000000 2.000000
      vertex 9.000000 9.000000 3.000000
    endloop
  endfacet
  facet normal 0 0 0
    outer loop
      vertex 9.000000 8.000000 2.000000
      vertex 9.000000 9.000000 3.000000
      vertex 9.000000 8.000000 3.000000
    endloop
  endfacet
  facet normal 0 0 0
    outer loop
      vertex 8.000000 9.000000 2.000000
      vertex 8.000000 8.000000 2.000000
      vertex 8.000000 8.000000 3.000000
    endloop
  endfacet
  facet normal 0 0 0
    outer loop
      vertex 8.000000 9.000000 2.000000
      vertex 8.000000 8.000000 3.000000
      vertex 8.000000 9.000000 3.000000
    endloop
  endfacet
  facet normal 0 0 0
    outer loop
      vertex 6.000000 6.000000 3.000000
      vertex 7.000000 7.000000 3.000000
      vertex 7.000000 6.000000 3.000000
    endloop
  endfacet
  facet normal 0 0 0
    outer loop
      vertex 6.000000 6.000000 3.000000
      vertex 6.000000 7.000000 3.000000
      vertex 7.000000 7.000000 3.000000
    endloop
  endfacet
  facet normal 0 0 0
    outer loop
      vertex 6.000000 6.000000 4.000000
      vertex 7.000000 6.000000 4.000000
      vertex 7.000000 7.000000 4.000000
    endloop
  endfacet
  facet normal 0 0 0
    outer loop
      vertex 6.000000 6.000000 4.000000
      vertex 7.000000 7.000000 4.000000
      vertex 6.000000 7.000000 4.000000
    endloop
  endfacet
  facet normal 0 0 0
    outer loop
      vertex 6.000000 6.000000 3.000000
      vertex 7.000000 6.000000 3.000000
      vertex 7.000000 6.000000 4.000000
    endloop
  endfacet
  facet normal 0 0 0
    outer loop
      vertex 6.000000 6.000000 3.000000
      vertex 7.000000 6.000000 4.000000
      vertex 6.000000 6.000000 4.000000
    endloop
  endfacet
  facet normal 0 0 0
    outer loop
      vertex 7.000000 7.000000 3.000000
      vertex 6.000000 7.000000 3.000000
      vertex 6.000000 7.000000 4.000000
    endloop
  endfacet
  facet normal 0 0 0
    outer loop
      vertex 7.000000 7.000000 3.000000
      vertex 6.000000 7.000000 4.000000
      vertex 7.000000 7.000000 4.000000
    endloop
  endfacet
  facet normal 0 0 0
    outer loop
      vertex 7.000000 6.000000 3.000000
      vertex 7.000000 7.000000 3.000000
      vertex 7.000000 7.000000 4.000000
    endloop
  endfacet
  facet normal 0 0 0
    outer loop
      vertex 7.000000 6.000000 3.000000
      vertex 7.000000 7.000000 4.000000
      vertex 7.000000 6.000000 4.000000
    endloop
  endfacet
  facet normal 0 0 0
    outer loop
      vertex 6.000000 7.000000 3.000000
      vertex 6.000000 6.000000 3.000000
      vertex 6.000000 6.000000 4.000000
    endloop
  endfacet
  facet normal 0 0 0
    outer loop
      vertex 6.000000 7.000000 3.000000
      vertex 6.000000 6.000000 4.000000
      vertex 6.000000 7.000000 4.000000
    endloop
  endfacet
  facet normal 0 0 0
    outer loop
      vertex 6.000000 6.000000 4.000000
      vertex 7.000000 7.000000 4.000000
      vertex 7.000000 6.000000 4.000000
    endloop
  endfacet
  facet normal 0 0 0
    outer loop
      vertex 6.000000 6.000000 4.000000
      vertex 6.000000 7.000000 4.000000
      vertex 7.000000 7.000000 4.000000
    endloop
  endfacet
  facet normal 0 0 0
    outer loop
      vertex 6.000000 6.000000 5.000000
      vertex 7.000000 6.000000 5.000000
      vertex 7.000000 7.000000 5.000000
    endloop
  endfacet
  facet normal 0 0 0
    outer loop
      vertex 6.000000 6.000000 5.000000
      vertex 7.000000 7.000000 5.000000
      vertex 6.000000 7.000000 5.000000
    endloop
  endfacet
  facet normal 0 0 0
    outer loop
      vertex 6.000000 6.000000 4.000000
      vertex 7.000000 6.000000 4.000000
      vertex 7.000000 6.000000 5.000000
    endloop
  endfacet
  facet normal 0 0 0
    outer loop
      vertex 6.000000 6.000000 4.000000
      vertex 7.000000 6.000000 5.000000
      vertex 6.000000 6.000000 5.000000
    endloop
  endfacet
  facet normal 0 0 0
    outer loop
      vertex 7.000000 7.000000 4.000000
      vertex 6.000000 7.000000 4.000000
      vertex 6.000000 7.000000 5.000000
    endloop
  endfacet
  facet normal 0 0 0
    outer loop
      vertex 7.000000 7.000000 4.000000
      vertex 6.000000 7.000000 5.000000
      vertex 7.000000 7.000000 5.000000
    endloop
  endfacet
  facet normal 0 0 0
    outer loop
      vertex 7.000000 6.000000 4.000000
      vertex 7.000000 7.000000 4.000000
      vertex 7.000000 7.000000 5.000000
    endloop
  endfacet
  facet normal 0 0 0
    outer loop
      vertex 7.000000 6.000000 4.000000
      vertex 7.000000 7.000000 5.000000
      vertex 7.000000 6.000000 5.000000
    endloop
  endfacet
  facet normal 0 0 0
    outer loop
      vertex 6.000000 7.000000 4.000000
      vertex 6.000000 6.000000 4.000000
      vertex 6.000000 6.000000 5.000000
    endloop
  endfacet
  facet normal 0 0 0
    outer loop
      vertex 6.000000 7.000000 4.000000
      vertex 6.000000 6.000000 5.000000
      vertex 6.000000 7.000000 5.000000
    endloop
  endfacet
  facet normal 0 0 0
    outer loop
      vertex 6.000000 6.000000 5.000000
      vertex 7.000000 7.000000 5.000000
      vertex 7.000000 6.000000 5.000000
    endloop
  endfacet
  facet normal 0 0 0
    outer loop
      vertex 6.000000 6.000000 5.000000
      vertex 6.000000 7.000000 5.000000
      vertex 7.000000 7.000000 5.000000
    endloop
  endfacet
  facet normal 0 0 0
    outer loop
      vertex 6.000000 6.000000 6.000000
      vertex 7.000000 6.000000 6.000000
      vertex 7.000000 7.000000 6.000000
    endloop
  endfacet
  facet normal 0 0 0
    outer loop
      vertex 6.000000 6.000000 6.000000
      vertex 7.000000 7.000000 6.000000
      vertex 6.000000 7.000000 6.000000
    endloop
  endfacet
  facet normal 0 0 0
    outer loop
      vertex 6.000000 6.000000 5.000000
      vertex 7.000000 6.000000 5.000000
      vertex 7.000000 6.000000 6.000000
    endloop
  endfacet
  facet normal 0 0 0
    outer loop
      vertex 6.000000 6.000000 5.000000
      vertex 7.000000 6.000000 6.000000
      vertex 6.000000 6.000000 6.000000
    endloop
  endfacet
  facet normal 0 0 0
    outer loop
      vertex 7.000000 7.000000 5.000000
      vertex 6.000000 7.000000 5.000000
      vertex 6.000000 7.000000 6.000000
    endloop
  endfacet
  facet normal 0 0 0
    outer loop
      vertex 7.000000 7.000000 5.000000
      vertex 6.000000 7.000000 6.000000
      vertex 7.000000 7.000000 6.000000
    endloop
  endfacet
  facet normal 0 0 0
    outer loop
      vertex 7.000000 6.000000 5.000000
      vertex 7.000000 7.000000 5.000000
      vertex 7.000000 7.000000 6.000000
    endloop
  endfacet
  facet normal 0 0 0
    outer loop
      vertex 7.000000 6.000000 5.000000
      vertex 7.000000 7.000000 6.000000
      vertex 7.000000 6.000000 6.000000
    endloop
  endfacet
  facet normal 0 0 0
    outer loop
      vertex 6.000000 7.000000 5.000000
      vertex 6.000000 6.000000 5.000000
      vertex 6.000000 6.000000 6.000000
    endloop
  endfacet
  facet normal 0 0 0
    outer loop
      vertex 6.000000 7.000000 5.000000
      vertex 6.000000 6.000000 6.000000
      vertex 6.000000 7.000000 6.000000
    endloop
  endfacet
  facet normal 0 0 0
    outer loop
      vertex 6.000000 7.000000 3.000000
      vertex 7.000000 8.000000 3.000000
      vertex 7.000000 7.000000 3.000000
    endloop
  endfacet
  facet normal 0 0 0
    outer loop
      vertex 6.000000 7.000000 3.000000
      vertex 6.000000 8.000000 3.000000
      vertex 7.000000 8.000000 3.000000
    endloop
  endfacet
  facet normal 0 0 0
    outer loop
      vertex 6.000000 7.000000 4.000000
      vertex 7.000000 7.000000 4.000000
      vertex 7.000000 8.000000 4.000000
    endloop
  endfacet
  facet normal 0 0 0
    outer loop
      vertex 6.000000 7.000000 4.000000
      vertex 7.000000 8.000000 4.000000
      vertex 6.000000 8.000000 4.000000
    endloop
  endfacet
  facet normal 0 0 0
    outer loop
      vertex 6.000000 7.000000 3.000000
      vertex 7.000000 7.000000 3.000000
      vertex 7.000000 7.000000 4.000000
    endloop
  endfacet
  facet normal 0 0 0
    outer loop
      vertex 6.000000 7.000000 3.000000
      vertex 7.000000 7.000000 4.000000
      vertex 6.000000 7.000000 4.000000
    endloop
  endfacet
  facet normal 0 0 0
    outer loop
      vertex 7.000000 8.000000 3.000000
      vertex 6.000000 8.000000 3.000000
      vertex 6.000000 8.000000 4.000000
    endloop
  endfacet
  facet normal 0 0 0
    outer loop
      vertex 7.000000 8.000000 3.000000
      vertex 6.000000 8.000000 4.000000
      vertex 7.000000 8.000000 4.000000
    endloop
  endfacet
  facet normal 0 0 0
    outer loop
      vertex 7.000000 7.000000 3.000000
      vertex 7.000000 8.000000 3.000000
      vertex 7.000000 8.000000 4.000000
    endloop
  endfacet
  facet normal 0 0 0
    outer loop
      vertex 7.000000 7.000000 3.000000
      vertex 7.000000 8.000000 4.000000
      vertex 7.000000 7.000000 4.000000
    endloop
  endfacet
  facet normal 0 0 0
    outer loop
      vertex 6.000000 8.000000 3.000000
      vertex 6.000000 7.000000 3.000000
      vertex 6.000000 7.000000 4.000000
    endloop
  endfacet
  facet normal 0 0 0
    outer loop
      vertex 6.000000 8.000000 3.000000
      vertex 6.000000 7.000000 4.000000
      vertex 6.000000 8.000000 4.000000
    endloop
  endfacet
  facet normal 0 0 0
    outer loop
      vertex 6.000000 7.000000 5.000000
      vertex 7.000000 8.000000 5.000000
      vertex 7.000000 7.000000 5.000000
    endloop
  endfacet
  facet normal 0 0 0
    outer loop
      vertex 6.000000 7.000000 5.000000
      vertex 6.000000 8.000000 5.000000
      vertex 7.000000 8.000000 5.000000
    endloop
  endfacet
  facet normal 0 0 0
    outer loop
      vertex 6.000000 7.000000 6.000000
      vertex 7.000000 7.000000 6.000000
      vertex 7.000000 8.000000 6.000000
    endloop
  endfacet
  facet normal 0 0 0
    outer loop
      vertex 6.000000 7.000000 6.000000
      vertex 7.000000 8.000000 6.000000
      vertex 6.000000 8.000000 6.000000
    endloop
  endfacet
  facet normal 0 0 0
    outer loop
      vertex 6.000000 7.000000 5.000000
      vertex 7.000000 7.000000 5.000000
      vertex 7.000000 7.000000 6.000000
    endloop
  endfacet
  facet normal 0 0 0
    outer loop
      vertex 6.000000 7.000000 5.000000
      vertex 7.000000 7.000000 6.000000
      vertex 6.000000 7.000000 6.000000
    endloop
  endfacet
  facet normal 0 0 0
    outer loop
      vertex 7.000000 8.000000 5.000000
      vertex 6.000000 8.000000 5.000000
      vertex 6.000000 8.000000 6.000000
    endloop
  endfacet
  facet normal 0 0 0
    outer loop
      vertex 7.000000 8.000000 5.000000
      vertex 6.000000 8.000000 6.000000
      vertex 7.000000 8.000000 6.000000
    endloop
  endfacet
  facet normal 0 0 0
    outer loop
      vertex 7.000000 7.000000 5.000000
      vertex 7.000000 8.000000 5.000000
      vertex 7.000000 8.000000 6.000000
    endloop
  endfacet
  facet normal 0 0 0
    outer loop
      vertex 7.000000 7.000000 5.000000
      vertex 7.000000 8.000000 6.000000
      vertex 7.000000 7.000000 6.000000
    endloop
  endfacet
  facet normal 0 0 0
    outer loop
      vertex 6.000000 8.000000 5.000000
      vertex 6.000000 7.000000 5.000000
      vertex 6.000000 7.000000 6.000000
    endloop
  endfacet
  facet normal 0 0 0
    outer loop
      vertex 6.000000 8.000000 5.000000
      vertex 6.000000 7.000000 6.000000
      vertex 6.000000 8.000000 6.000000
    endloop
  endfacet
  facet normal 0 0 0
    outer loop
      vertex 6.000000 8.000000 3.000000
      vertex 7.000000 9.000000 3.000000
      vertex 7.000000 8.000000 3.000000
    endloop
  endfacet
  facet normal 0 0 0
    outer loop
      vertex 6.000000 8.000000 3.000000
      vertex 6.000000 9.000000 3.000000
      vertex 7.000000 9.000000 3.000000
    endloop
  endfacet
  facet normal 0 0 0
    outer loop
      vertex 6.000000 8.000000 4.000000
      vertex 7.000000 8.000000 4.000000
      vertex 7.000000 9.000000 4.000000
    endloop
  endfacet
  facet normal 0 0 0
    outer loop
      vertex 6.000000 8.000000 4.000000
      vertex 7.000000 9.000000 4.000000
      vertex 6.000000 9.000000 4.000000
    endloop
  endfacet
  facet normal 0 0 0
    outer loop
      vertex 6.000000 8.000000 3.000000
      vertex 7.000000 8.000000 3.000000
      vertex 7.000000 8.000000 4.000000
    endloop
  endfacet
  facet normal 0 0 0
    outer loop
      vertex 6.000000 8.000000 3.000000
      vertex 7.000000 8.000000 4.000000
      vertex 6.000000 8.000000 4.000000
    endloop
  endfacet
  facet normal 0 0 0
    outer loop
      vertex 7.000000 9.000000 3.000000
      vertex 6.000000 9.000000 3.000000
      vertex 6.000000 9.000000 4.000000
    endloop
  endfacet
  facet normal 0 0 0
    outer loop
      vertex 7.000000 9.000000 3.000000
      vertex 6.000000 9.000000 4.000000
      vertex 7.000000 9.000000 4.000000
    endloop
  endfacet
  facet normal 0 0 0
    outer loop
      vertex 7.000000 8.000000 3.000000
      vertex 7.000000 9.000000 3.000000
      vertex 7.000000 9.000000 4.000000
    endloop
  endfacet
  facet normal 0 0 0
    outer loop
      vertex 7.000000 8.000000 3.000000
      vertex 7.000000 9.000000 4.000000
      vertex 7.000000 8.000000 4.000000
    endloop
  endfacet
  facet normal 0 0 0
    outer loop
      vertex 6.000000 9.000000 3.000000
      vertex 6.000000 8.000000 3.000000
      vertex 6.000000 8.000000 4.000000
    endloop
  endfacet
  facet normal 0 0 0
    outer loop
      vertex 6.000000 9.000000 3.000000
      vertex 6.000000 8.000000 4.000000
      vertex 6.000000 9.000000 4.000000
    endloop
  endfacet
  facet normal 0 0 0
    outer loop
      vertex 6.000000 8.000000 4.000000
      vertex 7.000000 9.000000 4.000000
      vertex 7.000000 8.000000 4.000000
    endloop
  endfacet
  facet normal 0 0 0
    outer loop
      vertex 6.000000 8.000000 4.000000
      vertex 6.000000 9.000000 4.000000
      vertex 7.000000 9.000000 4.000000
    endloop
  endfacet
  facet normal 0 0 0
    outer loop
      vertex 6.000000 8.000000 5.000000
      vertex 7.000000 8.000000 5.000000
      vertex 7.000000 9.000000 5.000000
    endloop
  endfacet
  facet normal 0 0 0
    outer loop
      vertex 6.000000 8.000000 5.000000
      vertex 7.000000 9.000000 5.000000
      vertex 6.000000 9.000000 5.000000
    endloop
  endfacet
  facet normal 0 0 0
    outer loop
      vertex 6.000000 8.000000 4.000000
      vertex 7.000000 8.000000 4.000000
      vertex 7.000000 8.000000 5.000000
    endloop
  endfacet
  facet normal 0 0 0
    outer loop
      vertex 6.000000 8.000000 4.000000
      vertex 7.000000 8.000000 5.000000
      vertex 6.000000 8.000000 5.000000
    endloop
  endfacet
  facet normal 0 0 0
    outer loop
      vertex 7.000000 9.000000 4.000000
      vertex 6.000000 9.000000 4.000000
      vertex 6.000000 9.000000 5.000000
    endloop
  endfacet
  facet normal 0 0 0
    outer loop
      vertex 7.000000 9.000000 4.000000
      vertex 6.000000 9.000000 5.000000
      vertex 7.000000 9.000000 5.000000
    endloop
  endfacet
  facet normal 0 0 0
    outer loop
      vertex 7.000000 8.000000 4.000000
      vertex 7.000000 9.000000 4.000000
      vertex 7.000000 9.000000 5.000000
    endloop
  endfacet
  facet normal 0 0 0
    outer loop
      vertex 7.000000 8.000000 4.000000
      vertex 7.000000 9.000000 5.000000
      vertex 7.000000 8.000000 5.000000
    endloop
  endfacet
  facet normal 0 0 0
    outer loop
      vertex 6.000000 9.000000 4.000000
      vertex 6.000000 8.000000 4.000000
      vertex 6.000000 8.000000 5.000000
    endloop
  endfacet
  facet normal 0 0 0
    outer loop
      vertex 6.000000 9.000000 4.000000
      vertex 6.000000 8.000000 5.000000
      vertex 6.000000 9.000000 5.000000
    endloop
  endfacet
  facet normal 0 0 0
    outer loop
      vertex 6.000000 8.000000 5.000000
      vertex 7.000000 9.000000 5.000000
      vertex 7.000000 8.000000 5.000000
    endloop
  endfacet
  facet normal 0 0 0
    outer loop
      vertex 6.000000 8.000000 5.000000
      vertex 6.000000 9.000000 5.000000
      vertex 7.000000 9.000000 5.000000
    endloop
  endfacet
  facet normal 0 0 0
    outer loop
      vertex 6.000000 8.000000 6.000000
      vertex 7.000000 8.000000 6.000000
      vertex 7.000000 9.000000 6.000000
    endloop
  endfacet
  facet normal 0 0 0
    outer loop
      vertex 6.000000 8.000000 6.000000
      vertex 7.000000 9.000000 6.000000
      vertex 6.000000 9.000000 6.000000
    endloop
  endfacet
  facet normal 0 0 0
    outer loop
      vertex 6.000000 8.000000 5.000000
      vertex 7.000000 8.000000 5.000000
      vertex 7.000000 8.000000 6.000000
    endloop
  endfacet
  facet normal 0 0 0
    outer loop
      vertex 6.000000 8.000000 5.000000
      vertex 7.000000 8.000000 6.000000
      vertex 6.000000 8.000000 6.000000
    endloop
  endfacet
  facet normal 0 0 0
    outer loop
      vertex 7.000000 9.000000 5.000000
      vertex 6.000000 9.000000 5.000000
      vertex 6.000000 9.000000 6.000000
    endloop
  endfacet
  facet normal 0 0 0
    outer loop
      vertex 7.000000 9.000000 5.000000
      vertex 6.000000 9.000000 6.000000
      vertex 7.000000 9.000000 6.000000
    endloop
  endfacet
  facet normal 0 0 0
    outer loop
      vertex 7.000000 8.000000 5.000000
      vertex 7.000000 9.000000 5.000000
      vertex 7.000000 9.000000 6.000000
    endloop
  endfacet
  facet normal 0 0 0
    outer loop
      vertex 7.000000 8.000000 5.000000
      vertex 7.000000 9.000000 6.000000
      vertex 7.000000 8.000000 6.000000
    endloop
  endfacet
  facet normal 0 0 0
    outer loop
      vertex 6.000000 9.000000 5.000000
      vertex 6.000000 8.000000 5.000000
      vertex 6.000000 8.000000 6.000000
    endloop
  endfacet
  facet normal 0 0 0
    outer loop
      vertex 6.000000 9.000000 5.000000
      vertex 6.000000 8.000000 6.000000
      vertex 6.000000 9.000000 6.000000
    endloop
  endfacet
  facet normal 0 0 0
    outer loop
      vertex 7.000000 6.000000 3.000000
      vertex 8.000000 7.000000 3.000000
      vertex 8.000000 6.000000 3.000000
    endloop
  endfacet
  facet normal 0 0 0
    outer loop
      vertex 7.000000 6.000000 3.000000
      vertex 7.000000 7.000000 3.000000
      vertex 8.000000 7.000000 3.000000
    endloop
  endfacet
  facet normal 0 0 0
    outer loop
      vertex 7.000000 6.000000 4.000000
      vertex 8.000000 6.000000 4.000000
      vertex 8.000000 7.000000 4.000000
    endloop
  endfacet
  facet normal 0 0 0
    outer loop
      vertex 7.000000 6.000000 4.000000
      vertex 8.000000 7.000000 4.000000
      vertex 7.000000 7.000000 4.000000
    endloop
  endfacet
  facet normal 0 0 0
    outer loop
      vertex 7.000000 6.000000 3.000000
      vertex 8.000000 6.000000 3.000000
      vertex 8.000000 6.000000 4.000000
    endloop
  endfacet
  facet normal 0 0 0
    outer loop
      vertex 7.000000 6.000000 3.000000
      vertex 8.000000 6.000000 4.000000
      vertex 7.000000 6.000000 4.000000
    endloop
  endfacet
  facet normal 0 0 0
    outer loop
      vertex 8.000000 7.000000 3.000000
      vertex 7.000000 7.000000 3.000000
      vertex 7.000000 7.000000 4.000000
    endloop
  endfacet
  facet normal 0 0 0
    outer loop
      vertex 8.000000 7.000000 3.000000
      vertex 7.000000 7.000000 4.000000
      vertex 8.000000 7.000000 4.000000
    endloop
  endfacet
  facet normal 0 0 0
    outer loop
      vertex 8.000000 6.000000 3.000000
      vertex 8.000000 7.000000 3.000000
      vertex 8.000000 7.000000 4.000000
    endloop
  endfacet
  facet normal 0 0 0
    outer loop
      vertex 8.000000 6.000000 3.000000
      vertex 8.000000 7.000000 4.000000
      vertex 8.000000 6.000000 4.000000
    endloop
  endfacet
  facet normal 0 0 0
    outer loop
      vertex 7.000000 7.000000 3.000000
      vertex 7.000000 6.000000 3.000000
      vertex 7.000000 6.000000 4.000000
    endloop
  endfacet
  facet normal 0 0 0
    outer loop
      vertex 7.000000 7.000000 3.000000
      vertex 7.000000 6.000000 4.000000
      vertex 7.000000 7.000000 4.000000
    endloop
  endfacet
  facet normal 0 0 0
    outer loop
      vertex 7.000000 6.000000 5.000000
      vertex 8.000000 7.000000 5.000000
      vertex 8.000000 6.000000 5.000000
    endloop
  endfacet
  facet normal 0 0 0
    outer loop
      vertex 7.000000 6.000000 5.000000
      vertex 7.000000 7.000000 5.000000
      vertex 8.000000 7.000000 5.000000
    endloop
  endfacet
  facet normal 0 0 0
    outer loop
      vertex 7.000000 6.000000 6.000000
      vertex 8.000000 6.000000 6.000000
      vertex 8.000000 7.000000 6.000000
    endloop
  endfacet
  facet normal 0 0 0
    outer loop
      vertex 7.000000 6.000000 6.000000
      vertex 8.000000 7.000000 6.000000
      vertex 7.000000 7.000000 6.000000
    endloop
  endfacet
  facet normal 0 0 0
    outer loop
      vertex 7.000000 6.000000 5.000000
      vertex 8.000000 6.000000 5.000000
      vertex 8.000000 6.000000 6.000000
    endloop
  endfacet
  facet normal 0 0 0
    outer loop
      vertex 7.000000 6.000000 5.000000
      vertex 8.000000 6.000000 6.000000
      vertex 7.000000 6.000000 6.000000
    endloop
  endfacet
  facet normal 0 0 0
    outer loop
      vertex 8.000000 7.000000 5.000000
      vertex 7.000000 7.000000 5.000000
      vertex 7.000000 7.000000 6.000000
    endloop
  endfacet
  facet normal 0 0 0
    outer loop
      vertex 8.000000 7.000000 5.000000
      vertex 7.000000 7.000000 6.000000
      vertex 8.000000 7.000000 6.000000
    endloop
  endfacet
  facet normal 0 0 0
    outer loop
      vertex 8.000000 6.000000 5.000000
      vertex 8.000000 7.000000 5.000000
      vertex 8.000000 7.000000 6.000000
    endloop
  endfacet
  facet normal 0 0 0
    outer loop
      vertex 8.000000 6.000000 5.000000
      vertex 8.000000 7.000000 6.000000
      vertex 8.000000 6.000000 6.000000
    endloop
  endfacet
  facet normal 0 0 0
    outer loop
      vertex 7.000000 7.000000 5.000000
      vertex 7.000000 6.000000 5.000000
      vertex 7.000000 6.000000 6.000000
    endloop
  endfacet
  facet normal 0 0 0
    outer loop
      vertex 7.000000 7.000000 5.000000
      vertex 7.000000 6.000000 6.000000
      vertex 7.000000 7.000000 6.000000
    endloop
  endfacet
  facet normal 0 0 0
    outer loop
      vertex 7.000000 8.000000 3.000000
      vertex 8.000000 9.000000 3.000000
      vertex 8.000000 8.000000 3.000000
    endloop
  endfacet
  facet normal 0 0 0
    outer loop
      vertex 7.000000 8.000000 3.000000
      vertex 7.000000 9.000000 3.000000
      vertex 8.000000 9.000000 3.000000
    endloop
  endfacet
  facet normal 0 0 0
    outer loop
      vertex 7.000000 8.000000 4.000000
      vertex 8.000000 8.000000 4.000000
      vertex 8.000000 9.000000 4.000000
    endloop
  endfacet
  facet normal 0 0 0
    outer loop
      vertex 7.000000 8.000000 4.000000
      vertex 8.000000 9.000000 4.000000
      vertex 7.000000 9.000000 4.000000
    endloop
  endfacet
  facet normal 0 0 0
    outer loop
      vertex 7.000000 8.000000 3.000000
      vertex 8.000000 8.000000 3.000000
      vertex 8.000000 8.000000 4.000000
    endloop
  endfacet
  facet normal 0 0 0
    outer loop
      vertex 7.000000 8.000000 3.000000
      vertex 8.000000 8.000000 4.000000
      vertex 7.000000 8.000000 4.000000
    endloop
  endfacet
  facet normal 0 0 0
    outer loop
      vertex 8.000000 9.000000 3.000000
      vertex 7.000000 9.000000 3.000000
      vertex 7.000000 9.000000 4.000000
    endloop
  endfacet
  facet normal 0 0 0
    outer loop
      vertex 8.000000 9.000000 3.000000
      vertex 7.000000 9.000000 4.000000
      vertex 8.000000 9.000000 4.000000
    endloop
  endfacet
  facet normal 0 0 0
    outer loop
      vertex 8.000000 8.000000 3.000000
      vertex 8.000000 9.000000 3.000000
      vertex 8.000000 9.000000 4.000000
    endloop
  endfacet
  facet normal 0 0 0
    outer loop
      vertex 8.000000 8.000000 3.000000
      vertex 8.000000 9.000000 4.000000
      vertex 8.000000 8.000000 4.000000
    endloop
  endfacet
  facet normal 0 0 0
    outer loop
      vertex 7.000000 9.000000 3.000000
      vertex 7.000000 8.000000 3.000000
      vertex 7.000000 8.000000 4.000000
    endloop
  endfacet
  facet normal 0 0 0
    outer loop
      vertex 7.000000 9.000000 3.000000
      vertex 7.000000 8.000000 4.000000
      vertex 7.000000 9.000000 4.000000
    endloop
  endfacet
  facet normal 0 0 0
    outer loop
      vertex 7.000000 8.000000 5.000000
      vertex 8.000000 9.000000 5.000000
      vertex 8.000000 8.000000 5.000000
    endloop
  endfacet
  facet normal 0 0 0
    outer loop
      vertex 7.000000 8.000000 5.000000
      vertex 7.000000 9.000000 5.000000
      vertex 8.000000 9.000000 5.000000
    endloop
  endfacet
  facet normal 0 0 0
    outer loop
      vertex 7.000000 8.000000 6.000000
      vertex 8.000000 8.000000 6.000000
      vertex 8.000000 9.000000 6.000000
    endloop
  endfacet
  facet normal 0 0 0
    outer loop
      vertex 7.000000 8.000000 6.000000
      vertex 8.000000 9.000000 6.000000
      vertex 7.000000 9.000000 6.000000
    endloop
  endfacet
  facet normal 0 0 0
    outer loop
      vertex 7.000000 8.000000 5.000000
      vertex 8.000000 8.000000 5.000000
      vertex 8.000000 8.000000 6.000000
    endloop
  endfacet
  facet normal 0 0 0
    outer loop
      vertex 7.000000 8.000000 5.000000
      vertex 8.000000 8.000000 6.000000
      vertex 7.000000 8.000000 6.000000
    endloop
  endfacet
  facet normal 0 0 0
    outer loop
      vertex 8.000000 9.000000 5.000000
      vertex 7.000000 9.000000 5.000000
      vertex 7.000000 9.000000 6.000000
    endloop
  endfacet
  facet normal 0 0 0
    outer loop
      vertex 8.000000 9.000000 5.000000
      vertex 7.000000 9.000000 6.000000
      vertex 8.000000 9.000000 6.000000
    endloop
  endfacet
  facet normal 0 0 0
    outer loop
      vertex 8.000000 8.000000 5.000000
      vertex 8.000000 9.000000 5.000000
      vertex 8.000000 9.000000 6.000000
    endloop
  endfacet
  facet normal 0 0 0
    outer loop
      vertex 8.000000 8.000000 5.000000
      vertex 8.000000 9.000000 6.000000
      vertex 8.000000 8.000000 6.000000
    endloop
  endfacet
  facet normal 0 0 0
    outer loop
      vertex 7.000000 9.000000 5.000000
      vertex 7.000000 8.000000 5.000000
      vertex 7.000000 8.000000 6.000000
    endloop
  endfacet
  facet normal 0 0 0
    outer loop
      vertex 7.000000 9.000000 5.000000
      vertex 7.000000 8.000000 6.000000
      vertex 7.000000 9.000000 6.000000
    endloop
  endfacet
  facet normal 0 0 0
    outer loop
      vertex 8.000000 6.000000 3.000000
      vertex 9.000000 7.000000 3.000000
      vertex 9.000000 6.000000 3.000000
    endloop
  endfacet
  facet normal 0 0 0
    outer loop
      vertex 8.000000 6.000000 3.000000
      vertex 8.000000 7.000000 3.000000
      vertex 9.000000 7.000000 3.000000
    endloop
  endfacet
  facet normal 0 0 0
    outer loop
      vertex 8.000000 6.000000 4.000000
      vertex 9.000000 6.000000 4.000000
      vertex 9.000000 7.000000 4.000000
    endloop
  endfacet
  facet normal 0 0 0
    outer loop
      vertex 8.000000 6.000000 4.000000
      vertex 9.000000 7.000000 4.000000
      vertex 8.000000 7.000000 4.000000
    endloop
  endfacet
  facet normal 0 0 0
    outer loop
      vertex 8.000000 6.000000 3.000000
      vertex 9.000000 6.000000 3.000000
      vertex 9.000000 6.000000 4.000000
    endloop
  endfacet
  facet normal 0 0 0
    outer loop
      vertex 8.000000 6.000000 3.000000
      vertex 9.000000 6.000000 4.000000
      vertex 8.000000 6.000000 4.000000
    endloop
  endfacet
  facet normal 0 0 0
    outer loop
      vertex 9.000000 7.000000 3.000000
      vertex 8.000000 7.000000 3.000000
      vertex 8.000000 7.000000 4.000000
    endloop
  endfacet
  facet normal 0 0 0
    outer loop
      vertex 9.000000 7.000000 3.000000
      vertex 8.000000 7.000000 4.000000
      vertex 9.000000 7.000000 4.000000
    endloop
  endfacet
  facet normal 0 0 0
    outer loop
      vertex 9.000000 6.000000 3.000000
      vertex 9.000000 7.000000 3.000000
      vertex 9.000000 7.000000 4.000000
    endloop
  endfacet
  facet normal 0 0 0
    outer loop
      vertex 9.000000 6.000000 3.000000
      vertex 9.000000 7.000000 4.000000
      vertex 9.000000 6.000000 4.000000
    endloop
  endfacet
  facet normal 0 0 0
    outer loop
      vertex 8.000000 7.000000 3.000000
      vertex 8.000000 6.000000 3.000000
      vertex 8.000000 6.000000 4.000000
    endloop
  endfacet
  facet normal 0 0 0
    outer loop
      vertex 8.000000 7.000000 3.000000
      vertex 8.000000 6.000000 4.000000
      vertex 8.000000 7.000000 4.000000
    endloop
  endfacet
  facet normal 0 0 0
    outer loop
      vertex 8.000000 6.000000 4.000000
      vertex 9.000000 7.000000 4.000000
      vertex 9.000000 6.000000 4.000000
    endloop
  endfacet
  facet normal 0 0 0
    outer loop
      vertex 8.000000 6.000000 4.000000
      vertex 8.000000 7.000000 4.000000
      vertex 9.000000 7.000000 4.000000
    endloop
  endfacet
  facet normal 0 0 0
    outer loop
      vertex 8.000000 6.000000 5.000000
      vertex 9.000000 6.000000 5.000000
      vertex 9.000000 7.000000 5.000000
    endloop
  endfacet
  facet normal 0 0 0
    outer loop
      vertex 8.000000 6.000000 5.000000
      vertex 9.000000 7.000000 5.000000
      vertex 8.000000 7.000000 5.000000
    endloop
  endfacet
  facet normal 0 0 0
    outer loop
      vertex 8.000000 6.000000 4.000000
      vertex 9.000000 6.000000 4.000000
      vertex 9.000000 6.000000 5.000000
    endloop
  endfacet
  facet normal 0 0 0
    outer loop
      vertex 8.000000 6.000000 4.000000
      vertex 9.000000 6.000000 5.000000
      vertex 8.000000 6.000000 5.000000
    endloop
  endfacet
  facet normal 0 0 0
    outer loop
      vertex 9.000000 7.000000 4.000000
      vertex 8.000000 7.000000 4.000000
      vertex 8.000000 7.000000 5.000000
    endloop
  endfacet
  facet normal 0 0 0
    outer loop
      vertex 9.000000 7.000000 4.000000
      vertex 8.000000 7.000000 5.000000
      vertex 9.000000 7.000000 5.000000
    endloop
  endfacet
  facet normal 0 0 0
    outer loop
      vertex 9.000000 6.000000 4.000000
      vertex 9.000000 7.000000 4.000000
      vertex 9.000000 7.000000 5.000000
    endloop
  endfacet
  facet normal 0 0 0
    outer loop
      vertex 9.000000 6.000000 4.000000
      vertex 9.000000 7.000000 5.000000
      vertex 9.000000 6.000000 5.000000
    endloop
  endfacet
  facet normal 0 0 0
    outer loop
      vertex 8.000000 7.000000 4.000000
      vertex 8.000000 6.000000 4.000000
      vertex 8.000000 6.000000 5.000000
    endloop
  endfacet
  facet normal 0 0 0
    outer loop
      vertex 8.000000 7.000000 4.000000
      vertex 8.000000 6.000000 5.000000
      vertex 8.000000 7.000000 5.000000
    endloop
  endfacet
  facet normal 0 0 0
    outer loop
      vertex 8.000000 6.000000 5.000000
      vertex 9.000000 7.000000 5.000000
      vertex 9.000000 6.000000 5.000000
    endloop
  endfacet
  facet normal 0 0 0
    outer loop
      vertex 8.000000 6.000000 5.000000
      vertex 8.000000 7.000000 5.000000
      vertex 9.000000 7.000000 5.000000
    endloop
  endfacet
  facet normal 0 0 0
    outer loop
      vertex 8.000000 6.000000 6.000000
      vertex 9.000000 6.000000 6.000000
      vertex 9.000000 7.000000 6.000000
    endloop
  endfacet
  facet normal 0 0 0
    outer loop
      vertex 8.000000 6.000000 6.000000
      vertex 9.000000 7.000000 6.000000
      vertex 8.000000 7.000000 6.000000
    endloop
  endfacet
  facet normal 0 0 0
    outer loop
      vertex 8.000000 6.000000 5.000000
      vertex 9.000000 6.000000 5.000000
      vertex 9.000000 6.000000 6.000000
    endloop
  endfacet
  facet normal 0 0 0
    outer loop
      vertex 8.000000 6.000000 5.000000
      vertex 9.000000 6.000000 6.000000
      vertex 8.000000 6.000000 6.000000
    endloop
  endfacet
  facet normal 0 0 0
    outer loop
      vertex 9.000000 7.000000 5.000000
      vertex 8.000000 7.000000 5.000000
      vertex 8.000000 7.000000 6.000000
    endloop
  endfacet
  facet normal 0 0 0
    outer loop
      vertex 9.000000 7.000000 5.000000
      vertex 8.000000 7.000000 6.000000
      vertex 9.000000 7.000000 6.000000
    endloop
  endfacet
  facet normal 0 0 0
    outer loop
      vertex 9.000000 6.000000 5.000000
      vertex 9.000000 7.000000 5.000000
      vertex 9.000000 7.000000 6.000000
    endloop
  endfacet
  facet normal 0 0 0
    outer loop
      vertex 9.000000 6.000000 5.000000
      vertex 9.000000 7.000000 6.000000
      vertex 9.000000 6.000000 6.000000
    endloop
  endfacet
  facet normal 0 0 0
    outer loop
      vertex 8.000000 7.000000 5.000000
      vertex 8.000000 6.000000 5.000000
      vertex 8.000000 6.000000 6.000000
    endloop
  endfacet
  facet normal 0 0 0
    outer loop
      vertex 8.000000 7.000000 5.000000
      vertex 8.000000 6.000000 6.000000
      vertex 8.000000 7.000000 6.000000
    endloop
  endfacet
  facet normal 0 0 0
    outer loop
      vertex 8.000000 7.000000 3.000000
      vertex 9.000000 8.000000 3.000000
      vertex 9.000000 7.000000 3.000000
    endloop
  endfacet
  facet normal 0 0 0
    outer loop
      vertex 8.000000 7.000000 3.000000
      vertex 8.000000 8.000000 3.000000
      vertex 9.000000 8.000000 3.000000
    endloop
  endfacet
  facet normal 0 0 0
    outer loop
      vertex 8.000000 7.000000 4.000000
      vertex 9.000000 7.000000 4.000000
      vertex 9.000000 8.000000 4.000000
    endloop
  endfacet
  facet normal 0 0 0
    outer loop
      vertex 8.000000 7.000000 4.000000
      vertex 9.000000 8.000000 4.000000
      vertex 8.000000 8.000000 4.000000
    endloop
  endfacet
  facet normal 0 0 0
    outer loop
      vertex 8.000000 7.000000 3.000000
      vertex 9.000000 7.000000 3.000000
      vertex 9.000000 7.000000 4.000000
    endloop
  endfacet
  facet normal 0 0 0
    outer loop
      vertex 8.000000 7.000000 3.000000
      vertex 9.000000 7.000000 4.000000
      vertex 8.000000 7.000000 4.000000
    endloop
  endfacet
  facet normal 0 0 0
    outer loop
      vertex 9.000000 8.000000 3.000000
      vertex 8.000000 8.000000 3.000000
      vertex 8.000000 8.000000 4.000000
    endloop
  endfacet
  facet normal 0 0 0
    outer loop
      vertex 9.000000 8.000000 3.000000
      vertex 8.000000 8.000000 4.000000
      vertex 9.000000 8.000000 4.000000
    endloop
  endfacet
  facet normal 0 0 0
    outer loop
      vertex 9.000000 7.000000 3.000000
      vertex 9.000000 8.000000 3.000000
      vertex 9.000000 8.000000 4.000000
    endloop
  endfacet
  facet normal 0 0 0
    outer loop
      vertex 9.000000 7.000000 3.000000
      vertex 9.000000 8.000000 4.000000
      vertex 9.000000 7.000000 4.000000
    endloop
  endfacet
  facet normal 0 0 0
    outer loop
      vertex 8.000000 8.000000 3.000000
      vertex 8.000000 7.000000 3.000000
      vertex 8.000000 7.000000 4.000000
    endloop
  endfacet
  facet normal 0 0 0
    outer loop
      vertex 8.000000 8.000000 3.000000
      vertex 8.000000 7.000000 4.000000
      vertex 8.000000 8.000000 4.000000
    endloop
  endfacet
  facet normal 0 0 0
    outer loop
      vertex 8.000000 7.000000 5.000000
      vertex 9.000000 8.000000 5.000000
      vertex 9.000000 7.000000 5.000000
    endloop
  endfacet
  facet normal 0 0 0
    outer loop
      vertex 8.000000 7.000000 5.000000
      vertex 8.000000 8.000000 5.000000
      vertex 9.000000 8.000000 5.000000
    endloop
  endfacet
  facet normal 0 0 0
    outer loop
      vertex 8.000000 7.000000 6.000000
      vertex 9.000000 7.000000 6.000000
      vertex 9.000000 8.000000 6.000000
    endloop
  endfacet
  facet normal 0 0 0
    outer loop
      vertex 8.000000 7.000000 6.000000
      vertex 9.000000 8.000000 6.000000
      vertex 8.000000 8.000000 6.000000
    endloop
  endfacet
  facet normal 0 0 0
    outer loop
      vertex 8.000000 7.000000 5.000000
      vertex 9.000000 7.000000 5.000000
      vertex 9.000000 7.000000 6.000000
    endloop
  endfacet
  facet normal 0 0 0
    outer loop
      vertex 8.000000 7.000000 5.000000
      vertex 9.000000 7.000000 6.000000
      vertex 8.000000 7.000000 6.000000
    endloop
  endfacet
  facet normal 0 0 0
    outer loop
      vertex 9.000000 8.000000 5.000000
      vertex 8.000000 8.000000 5.000000
      vertex 8.000000 8.000000 6.000000
    endloop
  endfacet
  facet normal 0 0 0
    outer loop
      vertex 9.000000 8.000000 5.000000
      vertex 8.000000 8.000000 6.000000
      vertex 9.000000 8.000000 6.000000
    endloop
  endfacet
  facet normal 0 0 0
    outer loop
      vertex 9.000000 7.000000 5.000000
      vertex 9.000000 8.000000 5.000000
      vertex 9.000000 8.000000 6.000000
    endloop
  endfacet
  facet normal 0 0 0
    outer loop
      vertex 9.000000 7.000000 5.000000
      vertex 9.000000 8.000000 6.000000
      vertex 9.000000 7.000000 6.000000
    endloop
  endfacet
  facet normal 0 0 0
    outer loop
      vertex 8.000000 8.000000 5.000000
      vertex 8.000000 7.000000 5.000000
      vertex 8.000000 7.000000 6.000000
    endloop
  endfacet
  facet normal 0 0 0
    outer loop
      vertex 8.000000 8.000000 5.000000
      vertex 8.000000 7.000000 6.000000
      vertex 8.000000 8.000000 6.000000
    endloop
  endfacet
  facet normal 0 0 0
    outer loop
      vertex 8.000000 8.000000 3.000000
      vertex 9.000000 9.000000 3.000000
      vertex 9.000000 8.000000 3.000000
    endloop
  endfacet
  facet normal 0 0 0
    outer loop
      vertex 8.000000 8.000000 3.000000
      vertex 8.000000 9.000000 3.000000
      vertex 9.000000 9.000000 3.000000
    endloop
  endfacet
  facet normal 0 0 0
    outer loop
      vertex 8.000000 8.000000 4.000000
      vertex 9.000000 8.000000 4.000000
      vertex 9.000000 9.000000 4.000000
    endloop
  endfacet
  facet normal 0 0 0
    outer loop
      vertex 8.000000 8.000000 4.000000
      vertex 9.000000 9.000000 4.000000
      vertex 8.000000 9.000000 4.000000
    endloop
  endfacet
  facet normal 0 0 0
    outer loop
      vertex 8.000000 8.000000 3.000000
      vertex 9.000000 8.000000 3.000000
      vertex 9.000000 8.000000 4.000000
    endloop
  endfacet
  facet normal 0 0 0
    outer loop
      vertex 8.000000 8.000000 3.000000
      vertex 9.000000 8.000000 4.000000
      vertex 8.000000 8.000000 4.000000
    endloop
  endfacet
  facet normal 0 0 0
    outer loop
      vertex 9.000000 9.000000 3.000000
      vertex 8.000000 9.000000 3.000000
      vertex 8.000000 9.000000 4.000000
    endloop
  endfacet
  facet normal 0 0 0
    outer loop
      vertex 9.000000 9.000000 3.000000
      vertex 8.000000 9.000000 4.000000
      vertex 9.000000 9.000000 4.000000
    endloop
  endfacet
  facet normal 0 0 0
    outer loop
      vertex 9.000000 8.000000 3.000000
      vertex 9.000000 9.000000 3.000000
      vertex 9.000000 9.000000 4.000000
    endloop
  endfacet
  facet normal 0 0 0
    outer loop
      vertex 9.000000 8.000000 3.000000
      vertex 9.000000 9.000000 4.000000
      vertex 9.000000 8.000000 4.000000
    endloop
  endfacet
  facet normal 0 0 0
    outer loop
      vertex 8.000000 9.000000 3.000000
      vertex 8.000000 8.000000 3.000000
      vertex 8.000000 8.000000 4.000000
    endloop
  endfacet
  facet normal 0 0 0
    outer loop
      vertex 8.000000 9.000000 3.000000
      vertex 8.000000 8.000000 4.000000
      vertex 8.000000 9.000000 4.000000
    endloop
  endfacet
  facet normal 0 0 0
    outer loop
      vertex 8.000000 8.000000 4.000000
      vertex 9.000000 9.000000 4.000000
      vertex 9.000000 8.000000 4.000000
    endloop
  endfacet
  facet normal 0 0 0
    outer loop
      vertex 8.000000 8.000000 4.000000
      vertex 8.000000 9.000000 4.000000
      vertex 9.000000 9.000000 4.000000
    endloop
  endfacet
  facet normal 0 0 0
    outer loop
      vertex 8.000000 8.000000 5.000000
      vertex 9.000000 8.000000 5.000000
      vertex 9.000000 9.000000 5.000000
    endloop
  endfacet
  facet normal 0 0 0
    outer loop
      vertex 8.000000 8.000000 5.000000
      vertex 9.000000 9.000000 5.000000
      vertex 8.000000 9.000000 5.000000
    endloop
  endfacet
  facet normal 0 0 0
    outer loop
      vertex 8.000000 8.000000 4.000000
      vertex 9.000000 8.000000 4.000000
      vertex 9.000000 8.000000 5.000000
    endloop
  endfacet
  facet normal 0 0 0
    outer loop
      vertex 8.000000 8.000000 4.000000
      vertex 9.000000 8.000000 5.000000
      vertex 8.000000 8.000000 5.000000
    endloop
  endfacet
  facet normal 0 0 0
    outer loop
      vertex 9.000000 9.000000 4.000000
      vertex 8.000000 9.000000 4.000000
      vertex 8.000000 9.000000 5.000000
    endloop
  endfacet
  facet normal 0 0 0
    outer loop
      vertex 9.000000 9.000000 4.000000
      vertex 8.000000 9.000000 5.000000
      vertex 9.000000 9.000000 5.000000
    endloop
  endfacet
  facet normal 0 0 0
    outer loop
      vertex 9.000000 8.000000 4.000000
      vertex 9.000000 9.000000 4.000000
      vertex 9.000000 9.000000 5.000000
    endloop
  endfacet
  facet normal 0 0 0
    outer loop
      vertex 9.000000 8.000000 4.000000
      vertex 9.000000 9.000000 5.000000
      vertex 9.000000 8.000000 5.000000
    endloop
  endfacet
  facet normal 0 0 0
    outer loop
      vertex 8.000000 9.000000 4.000000
      vertex 8.000000 8.000000 4.000000
      vertex 8.000000 8.000000 5.000000
    endloop
  endfacet
  facet normal 0 0 0
    outer loop
      vertex 8.000000 9.000000 4.000000
      vertex 8.000000 8.000000 5.000000
      vertex 8.000000 9.000000 5.000000
    endloop
  endfacet
  facet normal 0 0 0
    outer loop
      vertex 8.000000 8.000000 5.000000
      vertex 9.000000 9.000000 5.000000
      vertex 9.000000 8.000000 5.000000
    endloop
  endfacet
  facet normal 0 0 0
    outer loop
      vertex 8.000000 8.000000 5.000000
      vertex 8.000000 9.000000 5.000000
      vertex 9.000000 9.000000 5.000000
    endloop
  endfacet
  facet normal 0 0 0
    outer loop
      vertex 8.000000 8.000000 6.000000
      vertex 9.000000 8.000000 6.000000
      vertex 9.000000 9.000000 6.000000
    endloop
  endfacet
  facet normal 0 0 0
    outer loop
      vertex 8.000000 8.000000 6.000000
      vertex 9.000000 9.000000 6.000000
      vertex 8.000000 9.000000 6.000000
    endloop
  endfacet
  facet normal 0 0 0
    outer loop
      vertex 8.000000 8.000000 5.000000
      vertex 9.000000 8.000000 5.000000
      vertex 9.000000 8.000000 6.000000
    endloop
  endfacet
  facet normal 0 0 0
    outer loop
      vertex 8.000000 8.000000 5.000000
      vertex 9.000000 8.000000 6.000000
      vertex 8.000000 8.000000 6.000000
    endloop
  endfacet
  facet normal 0 0 0
    outer loop
      vertex 9.000000 9.000000 5.000000
      vertex 8.000000 9.000000 5.000000
      vertex 8.000000 9.000000 6.000000
    endloop
  endfacet
  facet normal 0 0 0
    outer loop
      vertex 9.000000 9.000000 5.000000
      vertex 8.000000 9.000000 6.000000
      vertex 9.000000 9.000000 6.000000
    endloop
  endfacet
  facet normal 0 0 0
    outer loop
      vertex 9.000000 8.000000 5.000000
      vertex 9.000000 9.000000 5.000000
      vertex 9.000000 9.000000 6.000000
    endloop
  endfacet
  facet normal 0 0 0
    outer loop
      vertex 9.000000 8.000000 5.000000
      vertex 9.000000 9.000000 6.000000
      vertex 9.000000 8.000000 6.000000
    endloop
  endfacet
  facet normal 0 0 0
    outer loop
      vertex 8.000000 9.000000 5.000000
      vertex 8.000000 8.000000 5.000000
      vertex 8.000000 8.000000 6.000000
    endloop
  endfacet
  facet normal 0 0 0
    outer loop
      vertex 8.000000 9.000000 5.000000
      vertex 8.000000 8.000000 6.000000
      vertex 8.000000 9.000000 6.000000
    endloop
  endfacet
  facet normal 0 0 0
    outer loop
      vertex 6.000000 6.000000 6.000000
      vertex 7.000000 7.000000 6.000000
      vertex 7.000000 6.000000 6.000000
    endloop
  endfacet
  facet normal 0 0 0
    outer loop
      vertex 6.000000 6.000000 6.000000
      vertex 6.000000 7.000000 6.000000
      vertex 7.000000 7.000000 6.000000
    endloop
  endfacet
  facet normal 0 0 0
    outer loop
      vertex 6.000000 6.000000 7.000000
      vertex 7.000000 6.000000 7.000000
      vertex 7.000000 7.000000 7.000000
    endloop
  endfacet
  facet normal 0 0 0
    outer loop
      vertex 6.000000 6.000000 7.000000
      vertex 7.000000 7.000000 7.000000
      vertex 6.000000 7.000000 7.000000
    endloop
  endfacet
  facet normal 0 0 0
    outer loop
      vertex 6.000000 6.000000 6.000000
      vertex 7.000000 6.000000 6.000000
      vertex 7.000000 6.000000 7.000000
    endloop
  endfacet
  facet normal 0 0 0
    outer loop
      vertex 6.000000 6.000000 6.000000
      vertex 7.000000 6.000000 7.000000
      vertex 6.000000 6.000000 7.000000
    endloop
  endfacet
  facet normal 0 0 0
    outer loop
      vertex 7.000000 7.000000 6.000000
      vertex 6.000000 7.000000 6.000000
      vertex 6.000000 7.000000 7.000000
    endloop
  endfacet
  facet normal 0 0 0
    outer loop
      vertex 7.000000 7.000000 6.000000
      vertex 6.000000 7.000000 7.000000
      vertex 7.000000 7.000000 7.000000
    endloop
  endfacet
  facet normal 0 0 0
    outer loop
      vertex 7.000000 6.000000 6.000000
      vertex 7.000000 7.000000 6.000000
      vertex 7.000000 7.000000 7.000000
    endloop
  endfacet
  facet normal 0 0 0
    outer loop
      vertex 7.000000 6.000000 6.000000
      vertex 7.000000 7.000000 7.000000
      vertex 7.000000 6.000000 7.000000
    endloop
  endfacet
  facet normal 0 0 0
    outer loop
      vertex 6.000000 7.000000 6.000000
      vertex 6.000000 6.000000 6.000000
      vertex 6.000000 6.000000 7.000000
    endloop
  endfacet
  facet normal 0 0 0
    outer loop
      vertex 6.000000 7.000000 6.000000
      vertex 6.000000 6.000000 7.000000
      vertex 6.000000 7.000000 7.000000
    endloop
  endfacet
  facet normal 0 0 0
    outer loop
      vertex 6.000000 6.000000 7.000000
      vertex 7.000000 7.000000 7.000000
      vertex 7.000000 6.000000 7.000000
    endloop
  endfacet
  facet normal 0 0 0
    outer loop
      vertex 6.000000 6.000000 7.000000
      vertex 6.000000 7.000000 7.000000
      vertex 7.000000 7.000000 7.000000
    endloop
  endfacet
  facet normal 0 0 0
    outer loop
      vertex 6.000000 6.000000 8.000000
      vertex 7.000000 6.000000 8.000000
      vertex 7.000000 7.000000 8.000000
    endloop
  endfacet
  facet normal 0 0 0
    outer loop
      vertex 6.000000 6.000000 8.000000
      vertex 7.000000 7.000000 8.000000
      vertex 6.000000 7.000000 8.000000
    endloop
  endfacet
  facet normal 0 0 0
    outer loop
      vertex 6.000000 6.000000 7.000000
      vertex 7.000000 6.000000 7.000000
      vertex 7.000000 6.000000 8.000000
    endloop
  endfacet
  facet normal 0 0 0
    outer loop
      vertex 6.000000 6.000000 7.000000
      vertex 7.000000 6.000000 8.000000
      vertex 6.000000 6.000000 8.000000
    endloop
  endfacet
  facet normal 0 0 0
    outer loop
      vertex 7.000000 7.000000 7.000000
      vertex 6.000000 7.000000 7.000000
      vertex 6.000000 7.000000 8.000000
    endloop
  endfacet
  facet normal 0 0 0
    outer loop
      vertex 7.000000 7.000000 7.000000
      vertex 6.000000 7.000000 8.000000
      vertex 7.000000 7.000000 8.000000
    endloop
  endfacet
  facet normal 0 0 0
    outer loop
      vertex 7.000000 6.000000 7.000000
      vertex 7.000000 7.000000 7.000000
      vertex 7.000000 7.000000 8.000000
    endloop
  endfacet
  facet normal 0 0 0
    outer loop
      vertex 7.000000 6.000000 7.000000
      vertex 7.000000 7.000000 8.000000
      vertex 7.000000 6.000000 8.000000
    endloop
  endfacet
  facet normal 0 0 0
    outer loop
      vertex 6.000000 7.000000 7.000000
      vertex 6.000000 6.000000 7.000000
      vertex 6.000000 6.000000 8.000000
    endloop
  endfacet
  facet normal 0 0 0
    outer loop
      vertex 6.000000 7.000000 7.000000
      vertex 6.000000 6.000000 8.000000
      vertex 6.000000 7.000000 8.000000
    endloop
  endfacet
  facet normal 0 0 0
    outer loop
      vertex 6.000000 6.000000 8.000000
      vertex 7.000000 7.000000 8.000000
      vertex 7.000000 6.000000 8.000000
    endloop
  endfacet
  facet normal 0 0 0
    outer loop
      vertex 6.000000 6.000000 8.000000
      vertex 6.000000 7.000000 8.000000
      vertex 7.000000 7.000000 8.000000
    endloop
  endfacet
  facet normal 0 0 0
    outer loop
      vertex 6.000000 6.000000 9.000000
      vertex 7.000000 6.000000 9.000000
      vertex 7.000000 7.000000 9.000000
    endloop
  endfacet
  facet normal 0 0 0
    outer loop
      vertex 6.000000 6.000000 9.000000
      vertex 7.000000 7.000000 9.000000
      vertex 6.000000 7.000000 9.000000
    endloop
  endfacet
  facet normal 0 0 0
    outer loop
      vertex 6.000000 6.000000 8.000000
      vertex 7.000000 6.000000 8.000000
      vertex 7.000000 6.000000 9.000000
    endloop
  endfacet
  facet normal 0 0 0
    outer loop
      vertex 6.000000 6.000000 8.000000
      vertex 7.000000 6.000000 9.000000
      vertex 6.000000 6.000000 9.000000
    endloop
  endfacet
  facet normal 0 0 0
    outer loop
      vertex 7.000000 7.000000 8.000000
      vertex 6.000000 7.000000 8.000000
      vertex 6.000000 7.000000 9.000000
    endloop
  endfacet
  facet normal 0 0 0
    outer loop
      vertex 7.000000 7.000000 8.000000
      vertex 6.000000 7.000000 9.000000
      vertex 7.000000 7.000000 9.000000
    endloop
  endfacet
  facet normal 0 0 0
    outer loop
      vertex 7.000000 6.000000 8.000000
      vertex 7.000000 7.000000 8.000000
      vertex 7.000000 7.000000 9.000000
    endloop
  endfacet
  facet normal 0 0 0
    outer loop
      vertex 7.000000 6.000000 8.000000
      vertex 7.000000 7.000000 9.000000
      vertex 7.000000 6.000000 9.000000
    endloop
  endfacet
  facet normal 0 0 0
    outer loop
      vertex 6.000000 7.000000 8.000000
      vertex 6.000000 6.000000 8.000000
      vertex 6.000000 6.000000 9.000000
    endloop
  endfacet
  facet normal 0 0 0
    outer loop
      vertex 6.000000 7.000000 8.000000
      vertex 6.000000 6.000000 9.000000
      vertex 6.000000 7.000000 9.000000
    endloop
  endfacet
  facet normal 0 0 0
    outer loop
      vertex 6.000000 7.000000 6.000000
      vertex 7.000000 8.000000 6.000000
      vertex 7.000000 7.000000 6.000000
    endloop
  endfacet
  facet normal 0 0 0
    outer loop
      vertex 6.000000 7.000000 6.000000
      vertex 6.000000 8.000000 6.000000
      vertex 7.000000 8.000000 6.000000
    endloop
  endfacet
  facet normal 0 0 0
    outer loop
      vertex 6.000000 7.000000 7.000000
      vertex 7.000000 7.000000 7.000000
      vertex 7.000000 8.000000 7.000000
    endloop
  endfacet
  facet normal 0 0 0
    outer loop
      vertex 6.000000 7.000000 7.000000
      vertex 7.000000 8.000000 7.000000
      vertex 6.000000 8.000000 7.000000
    endloop
  endfacet
  facet normal 0 0 0
    outer loop
      vertex 6.000000 7.000000 6.000000
      vertex 7.000000 7.000000 6.000000
      vertex 7.000000 7.000000 7.000000
    endloop
  endfacet
  facet normal 0 0 0
    outer loop
      vertex 6.000000 7.000000 6.000000
      vertex 7.000000 7.000000 7.000000
      vertex 6.000000 7.000000 7.000000
    endloop
  endfacet
  facet normal 0 0 0
    outer loop
      vertex 7.000000 8.000000 6.000000
      vertex 6.000000 8.000000 6.000000
      vertex 6.000000 8.000000 7.000000
    endloop
  endfacet
  facet normal 0 0 0
    outer loop
      vertex 7.000000 8.000000 6.000000
      vertex 6.000000 8.000000 7.000000
      vertex 7.000000 8.000000 7.000000
    endloop
  endfacet
  facet normal 0 0 0
    outer loop
      vertex 7.000000 7.000000 6.000000
      vertex 7.000000 8.000000 6.000000
      vertex 7.000000 8.000000 7.000000
    endloop
  endfacet
  facet normal 0 0 0
    outer loop
      vertex 7.000000 7.000000 6.000000
      vertex 7.000000 8.000000 7.000000
      vertex 7.000000 7.000000 7.000000
    endloop
  endfacet
  facet normal 0 0 0
    outer loop
      vertex 6.000000 8.000000 6.000000
      vertex 6.000000 7.000000 6.000000
      vertex 6.000000 7.000000 7.000000
    endloop
  endfacet
  facet normal 0 0 0
    outer loop
      vertex 6.000000 8.000000 6.000000
      vertex 6.000000 7.000000 7.000000
      vertex 6.000000 8.000000 7.000000
    endloop
  endfacet
  facet normal 0 0 0
    outer loop
      vertex 6.000000 7.000000 8.000000
      vertex 7.000000 8.000000 8.000000
      vertex 7.000000 7.000000 8.000000
    endloop
  endfacet
  facet normal 0 0 0
    outer loop
      vertex 6.000000 7.000000 8.000000
      vertex 6.000000 8.000000 8.000000
      vertex 7.000000 8.000000 8.000000
    endloop
  endfacet
  facet normal 0 0 0
    outer loop
      vertex 6.000000 7.000000 9.000000
      vertex 7.000000 7.000000 9.000000
      vertex 7.000000 8.000000 9.000000
    endloop
  endfacet
  facet normal 0 0 0
    outer loop
      vertex 6.000000 7.000000 9.000000
      vertex 7.000000 8.000000 9.000000
      vertex 6.000000 8.000000 9.000000
    endloop
  endfacet
  facet normal 0 0 0
    outer loop
      vertex 6.000000 7.000000 8.000000
      vertex 7.000000 7.000000 8.000000
      vertex 7.000000 7.000000 9.000000
    endloop
  endfacet
  facet normal 0 0 0
    outer loop
      vertex 6.000000 7.000000 8.000000
      vertex 7.000000 7.000000 9.000000
      vertex 6.000000 7.000000 9.000000
    endloop
  endfacet
  facet normal 0 0 0
    outer loop
      vertex 7.000000 8.000000 8.000000
      vertex 6.000000 8.000000 8.000000
      vertex 6.000000 8.000000 9.000000
    endloop
  endfacet
  facet normal 0 0 0
    outer loop
      vertex 7.000000 8.000000 8.000000
      vertex 6.000000 8.000000 9.000000
      vertex 7.000000 8.000000 9.000000
    endloop
  endfacet
  facet normal 0 0 0
    outer loop
      vertex 7.000000 7.000000 8.000000
      vertex 7.000000 8.000000 8.000000
      vertex 7.000000 8.000000 9.000000
    endloop
  endfacet
  facet normal 0 0 0
    outer loop
      vertex 7.000000 7.000000 8.000000
      vertex 7.000000 8.000000 9.000000
      vertex 7.000000 7.000000 9.000000
    endloop
  endfacet
  facet normal 0 0 0
    outer loop
      vertex 6.000000 8.000000 8.000000
      vertex 6.000000 7.000000 8.000000
      vertex 6.000000 7.000000 9.000000
    endloop
  endfacet
  facet normal 0 0 0
    outer loop
      vertex 6.000000 8.000000 8.000000
      vertex 6.000000 7.000000 9.000000
      vertex 6.000000 8.000000 9.000000
    endloop
  endfacet
  facet normal 0 0 0
    outer loop
      vertex 6.000000 8.000000 6.000000
      vertex 7.000000 9.000000 6.000000
      vertex 7.000000 8.000000 6.000000
    endloop
  endfacet
  facet normal 0 0 0
    outer loop
      vertex 6.000000 8.000000 6.000000
      vertex 6.000000 9.000000 6.000000
      vertex 7.000000 9.000000 6.000000
    endloop
  endfacet
  facet normal 0 0 0
    outer loop
      vertex 6.000000 8.000000 7.000000
      vertex 7.000000 8.000000 7.000000
      vertex 7.000000 9.000000 7.000000
    endloop
  endfacet
  facet normal 0 0 0
    outer loop
      vertex 6.000000 8.000000 7.000000
      vertex 7.000000 9.000000 7.000000
      vertex 6.000000 9.000000 7.000000
    endloop
  endfacet
  facet normal 0 0 0
    outer loop
      vertex 6.000000 8.000000 6.000000
      vertex 7.000000 8.000000 6.000000
      vertex 7.000000 8.000000 7.000000
    endloop
  endfacet
  facet normal 0 0 0
    outer loop
      vertex 6.000000 8.000000 6.000000
      vertex 7.000000 8.000000 7.000000
      vertex 6.000000 8.000000 7.000000
    endloop
  endfacet
  facet normal 0 0 0
    outer loop
      vertex 7.000000 9.000000 6.000000
      vertex 6.000000 9.000000 6.000000
      vertex 6.000000 9.000000 7.000000
    endloop
  endfacet
  facet normal 0 0 0
    outer loop
      vertex 7.000000 9.000000 6.000000
      vertex 6.000000 9.000000 7.000000
      vertex 7.000000 9.000000 7.000000
    endloop
  endfacet
  facet normal 0 0 0
    outer loop
      vertex 7.000000 8.000000 6.000000
      vertex 7.000000 9.000000 6.000000
      vertex 7.000000 9.000000 7.000000
    endloop
  endfacet
  facet normal 0 0 0
    outer loop
      vertex 7.000000 8.000000 6.000000
      vertex 7.000000 9.000000 7.000000
      vertex 7.000000 8.000000 7.000000
    endloop
  endfacet
  facet normal 0 0 0
    outer loop
      vertex 6.000000 9.000000 6.000000
      vertex 6.000000 8.000000 6.000000
      vertex 6.000000 8.000000 7.000000
    endloop
  endfacet
  facet normal 0 0 0
    outer loop
      vertex 6.000000 9.000000 6.000000
      vertex 6.000000 8.000000 7.000000
      vertex 6.000000 9.000000 7.000000
    endloop
  endfacet
  facet normal 0 0 0
    outer loop
      vertex 6.000000 8.000000 7.000000
      vertex 7.000000 9.000000 7.000000
      vertex 7.000000 8.000000 7.000000
    endloop
  endfacet
  facet normal 0 0 0
    outer loop
      vertex 6.000000 8.000000 7.000000
      vertex 6.000000 9.000000 7.000000
      vertex 7.000000 9.000000 7.000000
    endloop
  endfacet
  facet normal 0 0 0
    outer loop
      vertex 6.000000 8.000000 8.000000
      vertex 7.000000 8.000000 8.000000
      vertex 7.000000 9.000000 8.000000
    endloop
  endfacet
  facet normal 0 0 0
    outer loop
      vertex 6.000000 8.000000 8.000000
      vertex 7.000000 9.000000 8.000000
      vertex 6.000000 9.000000 8.000000
    endloop
  endfacet
  facet normal 0 0 0
    outer loop
      vertex 6.000000 8.000000 7.000000
      vertex 7.000000 8.000000 7.000000
      vertex 7.000000 8.000000 8.000000
    endloop
  endfacet
  facet normal 0 0 0
    outer loop
      vertex 6.000000 8.000000 7.000000
      vertex 7.000000 8.000000 8.000000
      vertex 6.000000 8.000000 8.000000
    endloop
  endfacet
  facet normal 0 0 0
    outer loop
      vertex 7.000000 9.000000 7.000000
      vertex 6.000000 9.000000 7.000000
      vertex 6.000000 9.000000 8.000000
    endloop
  endfacet
  facet normal 0 0 0
    outer loop
      vertex 7.000000 9.000000 7.000000
      vertex 6.000000 9.000000 8.000000
      vertex 7.000000 9.000000 8.000000
    endloop
  endfacet
  facet normal 0 0 0
    outer loop
      vertex 7.000000 8.000000 7.000000
      vertex 7.000000 9.000000 7.000000
      vertex 7.000000 9.000000 8.000000
    endloop
  endfacet
  facet normal 0 0 0
    outer loop
      vertex 7.000000 8.000000 7.000000
      vertex 7.000000 9.000000 8.000000
      vertex 7.000000 8.000000 8.000000
    endloop
  endfacet
  facet normal 0 0 0
    outer loop
      vertex 6.000000 9.000000 7.000000
      vertex 6.000000 8.000000 7.000000
      vertex 6.000000 8.000000 8.000000
    endloop
  endfacet
  facet normal 0 0 0
    outer loop
      vertex 6.000000 9.000000 7.000000
      vertex 6.000000 8.000000 8.000000
      vertex 6.000000 9.000000 8.000000
    endloop
  endfacet
  facet normal 0 0 0
    outer loop
      vertex 6.000000 8.000000 8.000000
      vertex 7.000000 9.000000 8.000000
      vertex 7.000000 8.000000 8.000000
    endloop
  endfacet
  facet normal 0 0 0
    outer loop
      vertex 6.000000 8.000000 8.000000
      vertex 6.000000 9.000000 8.000000
      vertex 7.000000 9.000000 8.000000
    endloop
  endfacet
  facet normal 0 0 0
    outer loop
      vertex 6.000000 8.000000 9.000000
      vertex 7.000000 8.000000 9.000000
      vertex 7.000000 9.000000 9.000000
    endloop
  endfacet
  facet normal 0 0 0
    outer loop
      vertex 6.000000 8.000000 9.000000
      vertex 7.000000 9.000000 9.000000
      vertex 6.000000 9.000000 9.000000
    endloop
  endfacet
  facet normal 0 0 0
    outer loop
      vertex 6.000000 8.000000 8.000000
      vertex 7.000000 8.000000 8.000000
      vertex 7.000000 8.000000 9.000000
    endloop
  endfacet
  facet normal 0 0 0
    outer loop
      vertex 6.000000 8.000000 8.000000
      vertex 7.000000 8.000000 9.000000
      vertex 6.000000 8.000000 9.000000
    endloop
  endfacet
  facet normal 0 0 0
    outer loop
      vertex 7.000000 9.000000 8.000000
      vertex 6.000000 9.000000 8.000000
      vertex 6.000000 9.000000 9.000000
    endloop
  endfacet
  facet normal 0 0 0
    outer loop
      vertex 7.000000 9.000000 8.000000
      vertex 6.000000 9.000000 9.000000
      vertex 7.000000 9.000000 9.000000
    endloop
  endfacet
  facet normal 0 0 0
    outer loop
      vertex 7.000000 8.000000 8.000000
      vertex 7.000000 9.000000 8.000000
      vertex 7.000000 9.000000 9.000000
    endloop
  endfacet
  facet normal 0 0 0
    outer loop
      vertex 7.000000 8.000000 8.000000
      vertex 7.000000 9.000000 9.000000
      vertex 7.000000 8.000000 9.000000
    endloop
  endfacet
  facet normal 0 0 0
    outer loop
      vertex 6.000000 9.000000 8.000000
      vertex 6.000000 8.000000 8.000000
      vertex 6.000000 8.000000 9.000000
    endloop
  endfacet
  facet normal 0 0 0
    outer loop
      vertex 6.000000 9.000000 8.000000
      vertex 6.000000 8.000000 9.000000
      vertex 6.000000 9.000000 9.000000
    endloop
  endfacet
  facet normal 0 0 0
    outer loop
      vertex 7.000000 6.000000 6.000000
      vertex 8.000000 7.000000 6.000000
      vertex 8.000000 6.000000 6.000000
    endloop
  endfacet
  facet normal 0 0 0
    outer loop
      vertex 7.000000 6.000000 6.000000
      vertex 7.000000 7.000000 6.000000
      vertex 8.000000 7.000000 6.000000
    endloop
  endfacet
  facet normal 0 0 0
    outer loop
      vertex 7.000000 6.000000 7.000000
      vertex 8.000000 6.000000 7.000000
      vertex 8.000000 7.000000 7.000000
    endloop
  endfacet
  facet normal 0 0 0
    outer loop
      vertex 7.000000 6.000000 7.000000
      vertex 8.000000 7.000000 7.000000
      vertex 7.000000 7.000000 7.000000
    endloop
  endfacet
  facet normal 0 0 0
    outer loop
      vertex 7.000000 6.000000 6.000000
      vertex 8.000000 6.000000 6.000000
      vertex 8.000000 6.000000 7.000000
    endloop
  endfacet
  facet normal 0 0 0
    outer loop
      vertex 7.000000 6.000000 6.000000
      vertex 8.000000 6.000000 7.000000
      vertex 7.000000 6.000000 7.000000
    endloop
  endfacet
  facet normal 0 0 0
    outer loop
      vertex 8.000000 7.000000 6.000000
      vertex 7.000000 7.000000 6.000000
      vertex 7.000000 7.000000 7.000000
    endloop
  endfacet
  facet normal 0 0 0
    outer loop
      vertex 8.000000 7.000000 6.000000
      vertex 7.000000 7.000000 7.000000
      vertex 8.000000 7.000000 7.000000
    endloop
  endfacet
  facet normal 0 0 0
    outer loop
      vertex 8.000000 6.000000 6.000000
      vertex 8.000000 7.000000 6.000000
      vertex 8.000000 7.000000 7.000000
    endloop
  endfacet
  facet normal 0 0 0
    outer loop
      vertex 8.000000 6.000000 6.000000
      vertex 8.000000 7.000000 7.000000
      vertex 8.000000 6.000000 7.000000
    endloop
  endfacet
  facet normal 0 0 0
    outer loop
      vertex 7.000000 7.000000 6.000000
      vertex 7.000000 6.000000 6.000000
      vertex 7.000000 6.000000 7.000000
    endloop
  endfacet
  facet normal 0 0 0
    outer loop
      vertex 7.000000 7.000000 6.000000
      vertex 7.000000 6.000000 7.000000
      vertex 7.000000 7.000000 7.000000
    endloop
  endfacet
  facet normal 0 0 0
    outer loop
      vertex 7.000000 6.000000 8.000000
      vertex 8.000000 7.000000 8.000000
      vertex 8.000000 6.000000 8.000000
    endloop
  endfacet
  facet normal 0 0 0
    outer loop
      vertex 7.000000 6.000000 8.000000
      vertex 7.000000 7.000000 8.000000
      vertex 8.000000 7.000000 8.000000
    endloop
  endfacet
  facet normal 0 0 0
    outer loop
      vertex 7.000000 6.000000 9.000000
      vertex 8.000000 6.000000 9.000000
      vertex 8.000000 7.000000 9.000000
    endloop
  endfacet
  facet normal 0 0 0
    outer loop
      vertex 7.000000 6.000000 9.000000
      vertex 8.000000 7.000000 9.000000
      vertex 7.000000 7.000000 9.000000
    endloop
  endfacet
  facet normal 0 0 0
    outer loop
      vertex 7.000000 6.000000 8.000000
      vertex 8.000000 6.000000 8.000000
      vertex 8.000000 6.000000 9.000000
    endloop
  endfacet
  facet normal 0 0 0
    outer loop
      vertex 7.000000 6.000000 8.000000
      vertex 8.000000 6.000000 9.000000
      vertex 7.000000 6.000000 9.000000
    endloop
  endfacet
  facet normal 0 0 0
    outer loop
      vertex 8.000000 7.000000 8.000000
      vertex 7.000000 7.000000 8.000000
      vertex 7.000000 7.000000 9.000000
    endloop
  endfacet
  facet normal 0 0 0
    outer loop
      vertex 8.000000 7.000000 8.000000
      vertex 7.000000 7.000000 9.000000
      vertex 8.000000 7.000000 9.000000
    endloop
  endfacet
  facet normal 0 0 0
    outer loop
      vertex 8.000000 6.000000 8.000000
      vertex 8.000000 7.000000 8.000000
      vertex 8.000000 7.000000 9.000000
    endloop
  endfacet
  facet normal 0 0 0
    outer loop
      vertex 8.000000 6.000000 8.000000
      vertex 8.000000 7.000000 9.000000
      vertex 8.000000 6.000000 9.000000
    endloop
  endfacet
  facet normal 0 0 0
    outer loop
      vertex 7.000000 7.000000 8.000000
      vertex 7.000000 6.000000 8.000000
      vertex 7.000000 6.000000 9.000000
    endloop
  endfacet
  facet normal 0 0 0
    outer loop
      vertex 7.000000 7.000000 8.000000
      vertex 7.000000 6.000000 9.000000
      vertex 7.000000 7.000000 9.000000
    endloop
  endfacet
  facet normal 0 0 0
    outer loop
      vertex 7.000000 8.000000 6.000000
      vertex 8.000000 9.000000 6.000000
      vertex 8.000000 8.000000 6.000000
    endloop
  endfacet
  facet normal 0 0 0
    outer loop
      vertex 7.000000 8.000000 6.000000
      vertex 7.000000 9.000000 6.000000
      vertex 8.000000 9.000000 6.000000
    endloop
  endfacet
  facet normal 0 0 0
    outer loop
      vertex 7.000000 8.000000 7.000000
      vertex 8.000000 8.000000 7.000000
      vertex 8.000000 9.000000 7.000000
    endloop
  endfacet
  facet normal 0 0 0
    outer loop
      vertex 7.000000 8.000000 7.000000
      vertex 8.000000 9.000000 7.000000
      vertex 7.000000 9.000000 7.000000
    endloop
  endfacet
  facet normal 0 0 0
    outer loop
      vertex 7.000000 8.000000 6.000000
      vertex 8.000000 8.000000 6.000000
      vertex 8.000000 8.000000 7.000000
    endloop
  endfacet
  facet normal 0 0 0
    outer loop
      vertex 7.000000 8.000000 6.000000
      vertex 8.000000 8.000000 7.000000
      vertex 7.000000 8.000000 7.000000
    endloop
  endfacet
  facet normal 0 0 0
    outer loop
      vertex 8.000000 9.000000 6.000000
      vertex 7.000000 9.000000 6.000000
      vertex 7.000000 9.000000 7.000000
    endloop
  endfacet
  facet normal 0 0 0
    outer loop
      vertex 8.000000 9.000000 6.000000
      vertex 7.000000 9.000000 7.000000
      vertex 8.000000 9.000000 7.000000
    endloop
  endfacet
  facet normal 0 0 0
    outer loop
      vertex 8.000000 8.000000 6.000000
      vertex 8.000000 9.000000 6.000000
      vertex 8.000000 9.000000 7.000000
    endloop
  endfacet
  facet normal 0 0 0
    outer loop
      vertex 8.000000 8.000000 6.000000
      vertex 8.000000 9.000000 7.000000
      vertex 8.000000 8.000000 7.000000
    endloop
  endfacet
  facet normal 0 0 0
    outer loop
      vertex 7.000000 9.000000 6.000000
      vertex 7.000000 8.000000 6.000000
      vertex 7.000000 8.000000 7.000000
    endloop
  endfacet
  facet normal 0 0 0
    outer loop
      vertex 7.000000 9.000000 6.000000
      vertex 7.000000 8.000000 7.000000
      vertex 7.000000 9.000000 7.000000
    endloop
  endfacet
  facet normal 0 0 0
    outer loop
      vertex 7.000000 8.000000 8.000000
      vertex 8.000000 9.000000 8.000000
      vertex 8.000000 8.000000 8.000000
    endloop
  endfacet
  facet normal 0 0 0
    outer loop
      vertex 7.000000 8.000000 8.000000
      vertex 7.000000 9.000000 8.000000
      vertex 8.000000 9.000000 8.000000
    endloop
  endfacet
  facet normal 0 0 0
    outer loop
      vertex 7.000000 8.000000 9.000000
      vertex 8.000000 8.000000 9.000000
      vertex 8.000000 9.000000 9.000000
    endloop
  endfacet
  facet normal 0 0 0
    outer loop
      vertex 7.000000 8.000000 9.000000
      vertex 8.000000 9.000000 9.000000
      vertex 7.000000 9.000000 9.000000
    endloop
  endfacet
  facet normal 0 0 0
    outer loop
      vertex 7.000000 8.000000 8.000000
      vertex 8.000000 8.000000 8.000000
      vertex 8.000000 8.000000 9.000000
    endloop
  endfacet
  facet normal 0 0 0
    outer loop
      vertex 7.000000 8.000000 8.000000
      vertex 8.000000 8.000000 9.000000
      vertex 7.000000 8.000000 9.000000
    endloop
  endfacet
  facet normal 0 0 0
    outer loop
      vertex 8.000000 9.000000 8.000000
      vertex 7.000000 9.000000 8.000000
      vertex 7.000000 9.000000 9.000000
    endloop
  endfacet
  facet normal 0 0 0
    outer loop
      vertex 8.000000 9.000000 8.000000
      vertex 7.000000 9.000000 9.000000
      vertex 8.000000 9.000000 9.000000
    endloop
  endfacet
  facet normal 0 0 0
    outer loop
      vertex 8.000000 8.000000 8.000000
      vertex 8.000000 9.000000 8.000000
      vertex 8.000000 9.000000 9.000000
    endloop
  endfacet
  facet normal 0 0 0
    outer loop
      vertex 8.000000 8.000000 8.000000
      vertex 8.000000 9.000000 9.000000
      vertex 8.000000 8.000000 9.000000
    endloop
  endfacet
  facet normal 0 0 0
    outer loop
      vertex 7.000000 9.000000 8.000000
      vertex 7.000000 8.000000 8.000000
      vertex 7.000000 8.000000 9.000000
    endloop
  endfacet
  facet normal 0 0 0
    outer loop
      vertex 7.000000 9.000000 8.000000
      vertex 7.000000 8.000000 9.000000
      vertex 7.000000 9.000000 9.000000
    endloop
  endfacet
  facet normal 0 0 0
    outer loop
      vertex 8.000000 6.000000 6.000000
      vertex 9.000000 7.000000 6.000000
      vertex 9.000000 6.000000 6.000000
    endloop
  endfacet
  facet normal 0 0 0
    outer loop
      vertex 8.000000 6.000000 6.000000
      vertex 8.000000 7.000000 6.000000
      vertex 9.000000 7.000000 6.000000
    endloop
  endfacet
  facet normal 0 0 0
    outer loop
      vertex 8.000000 6.000000 7.000000
      vertex 9.000000 6.000000 7.000000
      vertex 9.000000 7.000000 7.000000
    endloop
  endfacet
  facet normal 0 0 0
    outer loop
      vertex 8.000000 6.000000 7.000000
      vertex 9.000000 7.000000 7.000000
      vertex 8.000000 7.000000 7.000000
    endloop
  endfacet
  facet normal 0 0 0
    outer loop
      vertex 8.000000 6.000000 6.000000
      vertex 9.000000 6.000000 6.000000
      vertex 9.000000 6.000000 7.000000
    endloop
  endfacet
  facet normal 0 0 0
    outer loop
      vertex 8.000000 6.000000 6.000000
      vertex 9.000000 6.000000 7.000000
      vertex 8.000000 6.000000 7.000000
    endloop
  endfacet
  facet normal 0 0 0
    outer loop
      vertex 9.000000 7.000000 6.000000
      vertex 8.000000 7.000000 6.000000
      vertex 8.000000 7.000000 7.000000
    endloop
  endfacet
  facet normal 0 0 0
    outer loop
      vertex 9.000000 7.000000 6.000000
      vertex 8.000000 7.000000 7.000000
      vertex 9.000000 7.000000 7.000000
    endloop
  endfacet
  facet normal 0 0 0
    outer loop
      vertex 9.000000 6.000000 6.000000
      vertex 9.000000 7.000000 6.000000
      vertex 9.000000 7.000000 7.000000
    endloop
  endfacet
  facet normal 0 0 0
    outer loop
      vertex 9.000000 6.000000 6.000000
      vertex 9.000000 7.000000 7.000000
      vertex 9.000000 6.000000 7.000000
    endloop
  endfacet
  facet normal 0 0 0
    outer loop
      vertex 8.000000 7.000000 6.000000
      vertex 8.000000 6.000000 6.000000
      vertex 8.000000 6.000000 7.000000
    endloop
  endfacet
  facet normal 0 0 0
    outer loop
      vertex 8.000000 7.000000 6.000000
      vertex 8.000000 6.000000 7.000000
      vertex 8.000000 7.000000 7.000000
    endloop
  endfacet
  facet normal 0 0 0
    outer loop
      vertex 8.000000 6.000000 7.000000
      vertex 9.000000 7.000000 7.000000
      vertex 9.000000 6.000000 7.000000
    endloop
  endfacet
  facet normal 0 0 0
    outer loop
      vertex 8.000000 6.000000 7.000000
      vertex 8.000000 7.000000 7.000000
      vertex 9.000000 7.000000 7.000000
    endloop
  endfacet
  facet normal 0 0 0
    outer loop
      vertex 8.000000 6.000000 8.000000
      vertex 9.000000 6.000000 8.000000
      vertex 9.000000 7.000000 8.000000
    endloop
  endfacet
  facet normal 0 0 0
    outer loop
      vertex 8.000000 6.000000 8.000000
      vertex 9.000000 7.000000 8.000000
      vertex 8.000000 7.000000 8.000000
    endloop
  endfacet
  facet normal 0 0 0
    outer loop
      vertex 8.000000 6.000000 7.000000
      vertex 9.000000 6.000000 7.000000
      vertex 9.000000 6.000000 8.000000
    endloop
  endfacet
  facet normal 0 0 0
    outer loop
      vertex 8.000000 6.000000 7.000000
      vertex 9.000000 6.000000 8.000000
      vertex 8.000000 6.000000 8.000000
    endloop
  endfacet
  facet normal 0 0 0
    outer loop
      vertex 9.000000 7.000000 7.000000
      vertex 8.000000 7.000000 7.000000
      vertex 8.000000 7.000000 8.000000
    endloop
  endfacet
  facet normal 0 0 0
    outer loop
      vertex 9.000000 7.000000 7.000000
      vertex 8.000000 7.000000 8.000000
      vertex 9.000000 7.000000 8.000000
    endloop
  endfacet
  facet normal 0 0 0
    outer loop
      vertex 9.000000 6.000000 7.000000
      vertex 9.000000 7.000000 7.000000
      vertex 9.000000 7.000000 8.000000
    endloop
  endfacet
  facet normal 0 0 0
    outer loop
      vertex 9.000000 6.000000 7.000000
      vertex 9.000000 7.000000 8.000000
      vertex 9.000000 6.000000 8.000000
    endloop
  endfacet
  facet normal 0 0 0
    outer loop
      vertex 8.000000 7.000000 7.000000
      vertex 8.000000 6.000000 7.000000
      vertex 8.000000 6.000000 8.000000
    endloop
  endfacet
  facet normal 0 0 0
    outer loop
      vertex 8.000000 7.000000 7.000000
      vertex 8.000000 6.000000 8.000000
      vertex 8.000000 7.000000 8.000000
    endloop
  endfacet
  facet normal 0 0 0
    outer loop
      vertex 8.000000 6.000000 8.000000
      vertex 9.000000 7.000000 8.000000
      vertex 9.000000 6.000000 8.000000
    endloop
  endfacet
  facet normal 0 0 0
    outer loop
      vertex 8.000000 6.000000 8.000000
      vertex 8.000000 7.000000 8.000000
      vertex 9.000000 7.000000 8.000000
    endloop
  endfacet
  facet normal 0 0 0
    outer loop
      vertex 8.000000 6.000000 9.000000
      vertex 9.000000 6.000000 9.000000
      vertex 9.000000 7.000000 9.000000
    endloop
  endfacet
  facet normal 0 0 0
    outer loop
      vertex 8.000000 6.000000 9.000000
      vertex 9.000000 7.000000 9.000000
      vertex 8.000000 7.000000 9.000000
    endloop
  endfacet
  facet normal 0 0 0
    outer loop
      vertex 8.000000 6.000000 8.000000
      vertex 9.000000 6.000000 8.000000
      vertex 9.000000 6.000000 9.000000
    endloop
  endfacet
  facet normal 0 0 0
    outer loop
      vertex 8.000000 6.000000 8.000000
      vertex 9.000000 6.000000 9.000000
      vertex 8.000000 6.000000 9.000000
    endloop
  endfacet
  facet normal 0 0 0
    outer loop
      vertex 9.000000 7.000000 8.000000
      vertex 8.000000 7.000000 8.000000
      vertex 8.000000 7.000000 9.000000
    endloop
  endfacet
  facet normal 0 0 0
    outer loop
      vertex 9.000000 7.000000 8.000000
      vertex 8.000000 7.000000 9.000000
      vertex 9.000000 7.000000 9.000000
    endloop
  endfacet
  facet normal 0 0 0
    outer loop
      vertex 9.000000 6.000000 8.000000
      vertex 9.000000 7.000000 8.000000
      vertex 9.000000 7.000000 9.000000
    endloop
  endfacet
  facet normal 0 0 0
    outer loop
      vertex 9.000000 6.000000 8.000000
      vertex 9.000000 7.000000 9.000000
      vertex 9.000000 6.000000 9.000000
    endloop
  endfacet
  facet normal 0 0 0
    outer loop
      vertex 8.000000 7.000000 8.000000
      vertex 8.000000 6.000000 8.000000
      vertex 8.000000 6.000000 9.000000
    endloop
  endfacet
  facet normal 0 0 0
    outer loop
      vertex 8.000000 7.000000 8.000000
      vertex 8.000000 6.000000 9.000000
      vertex 8.000000 7.000000 9.000000
    endloop
  endfacet
  facet normal 0 0 0
    outer loop
      vertex 8.000000 7.000000 6.000000
      vertex 9.000000 8.000000 6.000000
      vertex 9.000000 7.000000 6.000000
    endloop
  endfacet
  facet normal 0 0 0
    outer loop
      vertex 8.000000 7.000000 6.000000
      vertex 8.000000 8.000000 6.000000
      vertex 9.000000 8.000000 6.000000
    endloop
  endfacet
  facet normal 0 0 0
    outer loop
      vertex 8.000000 7.000000 7.000000
      vertex 9.000000 7.000000 7.000000
      vertex 9.000000 8.000000 7.000000
    endloop
  endfacet
  facet normal 0 0 0
    outer loop
      vertex 8.000000 7.000000 7.000000
      vertex 9.000000 8.000000 7.000000
      vertex 8.000000 8.000000 7.000000
    endloop
  endfacet
  facet normal 0 0 0
    outer loop
      vertex 8.000000 7.000000 6.000000
      vertex 9.000000 7.000000 6.000000
      vertex 9.000000 7.000000 7.000000
    endloop
  endfacet
  facet normal 0 0 0
    outer loop
      vertex 8.000000 7.000000 6.000000
      vertex 9.000000 7.000000 7.000000
      vertex 8.000000 7.000000 7.000000
    endloop
  endfacet
  facet normal 0 0 0
    outer loop
      vertex 9.000000 8.000000 6.000000
      vertex 8.000000 8.000000 6.000000
      vertex 8.000000 8.000000 7.000000
    endloop
  endfacet
  facet normal 0 0 0
    outer loop
      vertex 9.000000 8.000000 6.000000
      vertex 8.000000 8.000000 7.000000
      vertex 9.000000 8.000000 7.000000
    endloop
  endfacet
  facet normal 0 0 0
    outer loop
      vertex 9.000000 7.000000 6.000000
      vertex 9.000000 8.000000 6.000000
      vertex 9.000000 8.000000 7.000000
    endloop
  endfacet
  facet normal 0 0 0
    outer loop
      vertex 9.000000 7.000000 6.000000
      vertex 9.000000 8.000000 7.000000
      vertex 9.000000 7.000000 7.000000
    endloop
  endfacet
  facet normal 0 0 0
    outer loop
      vertex 8.000000 8.000000 6.000000
      vertex 8.000000 7.000000 6.000000
      vertex 8.000000 7.000000 7.000000
    endloop
  endfacet
  facet normal 0 0 0
    outer loop
      vertex 8.000000 8.000000 6.000000
      vertex 8.000000 7.000000 7.000000
      vertex 8.000000 8.000000 7.000000
    endloop
  endfacet
  facet normal 0 0 0
    outer loop
      vertex 8.000000 7.000000 8.000000
      vertex 9.000000 8.000000 8.000000
      vertex 9.000000 7.000000 8.000000
    endloop
  endfacet
  facet normal 0 0 0
    outer loop
      vertex 8.000000 7.000000 8.000000
      vertex 8.000000 8.000000 8.000000
      vertex 9.000000 8.000000 8.000000
    endloop
  endfacet
  facet normal 0 0 0
    outer loop
      vertex 8.000000 7.000000 9.000000
      vertex 9.000000 7.000000 9.000000
      vertex 9.000000 8.000000 9.000000
    endloop
  endfacet
  facet normal 0 0 0
    outer loop
      vertex 8.000000 7.000000 9.000000
      vertex 9.000000 8.000000 9.000000
      vertex 8.000000 8.000000 9.000000
    endloop
  endfacet
  facet normal 0 0 0
    outer loop
      vertex 8.000000 7.000000 8.000000
      vertex 9.000000 7.000000 8.000000
      vertex 9.000000 7.000000 9.000000
    endloop
  endfacet
  facet normal 0 0 0
    outer loop
      vertex 8.000000 7.000000 8.000000
      vertex 9.000000 7.000000 9.000000
      vertex 8.000000 7.000000 9.000000
    endloop
  endfacet
  facet normal 0 0 0
    outer loop
      vertex 9.000000 8.000000 8.000000
      vertex 8.000000 8.000000 8.000000
      vertex 8.000000 8.000000 9.000000
    endloop
  endfacet
  facet normal 0 0 0
    outer loop
      vertex 9.000000 8.000000 8.000000
      vertex 8.000000 8.000000 9.000000
      vertex 9.000000 8.000000 9.000000
    endloop
  endfacet
  facet normal 0 0 0
    outer loop
      vertex 9.000000 7.000000 8.000000
      vertex 9.000000 8.000000 8.000000
      vertex 9.000000 8.000000 9.000000
    endloop
  endfacet
  facet normal 0 0 0
    outer loop
      vertex 9.000000 7.000000 8.000000
      vertex 9.000000 8.000000 9.000000
      vertex 9.000000 7.000000 9.000000
    endloop
  endfacet
  facet normal 0 0 0
    outer loop
      vertex 8.000000 8.000000 8.000000
      vertex 8.000000 7.000000 8.000000
      vertex 8.000000 7.000000 9.000000
    endloop
  endfacet
  facet normal 0 0 0
    outer loop
      vertex 8.000000 8.000000 8.000000
      vertex 8.000000 7.000000 9.000000
      vertex 8.000000 8.000000 9.000000
    endloop
  endfacet
  facet normal 0 0 0
    outer loop
      vertex 8.000000 8.000000 6.000000
      vertex 9.000000 9.000000 6.000000
      vertex 9.000000 8.000000 6.000000
    endloop
  endfacet
  facet normal 0 0 0
    outer loop
      vertex 8.000000 8.000000 6.000000
      vertex 8.000000 9.000000 6.000000
      vertex 9.000000 9.000000 6.000000
    endloop
  endfacet
  facet normal 0 0 0
    outer loop
      vertex 8.000000 8.000000 7.000000
      vertex 9.000000 8.000000 7.000000
      vertex 9.000000 9.000000 7.000000
    endloop
  endfacet
  facet normal 0 0 0
    outer loop
      vertex 8.000000 8.000000 7.000000
      vertex 9.000000 9.000000 7.000000
      vertex 8.000000 9.000000 7.000000
    endloop
  endfacet
  facet normal 0 0 0
    outer loop
      vertex 8.000000 8.000000 6.000000
      vertex 9.000000 8.000000 6.000000
      vertex 9.000000 8.000000 7.000000
    endloop
  endfacet
  facet normal 0 0 0
    outer loop
      vertex 8.000000 8.000000 6.000000
      vertex 9.000000 8.000000 7.000000
      vertex 8.000000 8.000000 7.000000
    endloop
  endfacet
  facet normal 0 0 0
    outer loop
      vertex 9.000000 9.000000 6.000000
      vertex 8.000000 9.000000 6.000000
      vertex 8.000000 9.000000 7.000000
    endloop
  endfacet
  facet normal 0 0 0
    outer loop
      vertex 9.000000 9.000000 6.000000
      vertex 8.000000 9.000000 7.000000
      vertex 9.000000 9.000000 7.000000
    endloop
  endfacet
  facet normal 0 0 0
    outer loop
      vertex 9.000000 8.000000 6.000000
      vertex 9.000000 9.000000 6.000000
      vertex 9.000000 9.000000 7.000000
    endloop
  endfacet
  facet normal 0 0 0
    outer loop
      vertex 9.000000 8.000000 6.000000
      vertex 9.000000 9.000000 7.000000
      vertex 9.000000 8.000000 7.000000
    endloop
  endfacet
  facet normal 0 0 0
    outer loop
      vertex 8.000000 9.000000 6.000000
      vertex 8.000000 8.000000 6.000000
      vertex 8.000000 8.000000 7.000000
    endloop
  endfacet
  facet normal 0 0 0
    outer loop
      vertex 8.000000 9.000000 6.000000
      vertex 8.000000 8.000000 7.000000
      vertex 8.000000 9.000000 7.000000
    endloop
  endfacet
  facet normal 0 0 0
    outer loop
      vertex 8.000000 8.000000 7.000000
      vertex 9.000000 9.000000 7.000000
      vertex 9.000000 8.000000 7.000000
    endloop
  endfacet
  facet normal 0 0 0
    outer loop
      vertex 8.000000 8.000000 7.000000
      vertex 8.000000 9.000000 7.000000
      vertex 9.000000 9.000000 7.000000
    endloop
  endfacet
  facet normal 0 0 0
    outer loop
      vertex 8.000000 8.000000 8.000000
      vertex 9.000000 8.000000 8.000000
      vertex 9.000000 9.000000 8.000000
    endloop
  endfacet
  facet normal 0 0 0
    outer loop
      vertex 8.000000 8.000000 8.000000
      vertex 9.000000 9.000000 8.000000
      vertex 8.000000 9.000000 8.000000
    endloop
  endfacet
  facet normal 0 0 0
    outer loop
      vertex 8.000000 8.000000 7.000000
      vertex 9.000000 8.000000 7.000000
      vertex 9.000000 8.000000 8.000000
    endloop
  endfacet
  facet normal 0 0 0
    outer loop
      vertex 8.000000 8.000000 7.000000
      vertex 9.000000 8.000000 8.000000
      vertex 8.000000 8.000000 8.000000
    endloop
  endfacet
  facet normal 0 0 0
    outer loop
      vertex 9.000000 9.000000 7.000000
      vertex 8.000000 9.000000 7.000000
      vertex 8.000000 9.000000 8.000000
    endloop
  endfacet
  facet normal 0 0 0
    outer loop
      vertex 9.000000 9.000000 7.000000
      vertex 8.000000 9.000000 8.000000
      vertex 9.000000 9.000000 8.000000
    endloop
  endfacet
  facet normal 0 0 0
    outer loop
      vertex 9.000000 8.000000 7.000000
      vertex 9.000000 9.000000 7.000000
      vertex 9.000000 9.000000 8.000000
    endloop
  endfacet
  facet normal 0 0 0
    outer loop
      vertex 9.000000 8.000000 7.000000
      vertex 9.000000 9.000000 8.000000
      vertex 9.000000 8.000000 8.000000
    endloop
  endfacet
  facet normal 0 0 0
    outer loop
      vertex 8.000000 9.000000 7.000000
      vertex 8.000000 8.000000 7.000000
      vertex 8.000000 8.000000 8.000000
    endloop
  endfacet
  facet normal 0 0 0
    outer loop
      vertex 8.000000 9.000000 7.000000
      vertex 8.000000 8.000000 8.000000
      vertex 8.000000 9.000000 8.000000
    endloop
  endfacet
  facet normal 0 0 0
    outer loop
      vertex 8.000000 8.000000 8.000000
      vertex 9.000000 9.000000 8.000000
      vertex 9.000000 8.000000 8.000000
    endloop
  endfacet
  facet normal 0 0 0
    outer loop
      vertex 8.000000 8.000000 8.000000
      vertex 8.000000 9.000000 8.000000
      vertex 9.000000 9.000000 8.000000
    endloop
  endfacet
  facet normal 0 0 0
    outer loop
      vertex 8.000000 8.000000 9.000000
      vertex 9.000000 8.000000 9.000000
      vertex 9.000000 9.000000 9.000000
    endloop
  endfacet
  facet normal 0 0 0
    outer loop
      vertex 8.000000 8.000000 9.000000
      vertex 9.000000 9.000000 9.000000
      vertex 8.000000 9.000000 9.000000
    endloop
  endfacet
  facet normal 0 0 0
    outer loop
      vertex 8.000000 8.000000 8.000000
      vertex 9.000000 8.000000 8.000000
      vertex 9.000000 8.000000 9.000000
    endloop
  endfacet
  facet normal 0 0 0
    outer loop
      vertex 8.000000 8.000000 8.000000
      vertex 9.000000 8.000000 9.000000
      vertex 8.000000 8.000000 9.000000
    endloop
  endfacet
  facet normal 0 0 0
    outer loop
      vertex 9.000000 9.000000 8.000000
      vertex 8.000000 9.000000 8.000000
      vertex 8.000000 9.000000 9.000000
    endloop
  endfacet
  facet normal 0 0 0
    outer loop
      vertex 9.000000 9.000000 8.000000
      vertex 8.000000 9.000000 9.000000
      vertex 9.000000 9.000000 9.000000
    endloop
  endfacet
  facet normal 0 0 0
    outer loop
      vertex 9.000000 8.000000 8.000000
      vertex 9.000000 9.000000 8.000000
      vertex 9.000000 9.000000 9.000000
    endloop
  endfacet
  facet normal 0 0 0
    outer loop
      vertex 9.000000 8.000000 8.000000
      vertex 9.000000 9.000000 9.000000
      vertex 9.000000 8.000000 9.000000
    endloop
  endfacet
  facet normal 0 0 0
    outer loop
      vertex 8.000000 9.000000 8.000000
      vertex 8.000000 8.000000 8.000000
      vertex 8.000000 8.000000 9.000000
    endloop
  endfacet
  facet normal 0 0 0
    outer loop
      vertex 8.000000 9.000000 8.000000
      vertex 8.000000 8.000000 9.000000
      vertex 8.000000 9.000000 9.000000
    endloop
  endfacet
endsolid menger_sponge
